timestamp,temperature,humidity,pressure,status,affected_sensor,alert_type,severity,confidence,explanation,confidence_percent
2026-01-01 00:00:00,30.397371322408986,72.798710873172,1009.6624108625128,Normal,None,Normal,None,0.99,All monitored parameters remain within the learned normal operating pattern.,99.0
2026-01-01 00:10:00,29.989481972590422,71.6490805387708,1009.9577701931718,Normal,None,Normal,None,0.99,All monitored parameters remain within the learned normal operating pattern.,99.0
2026-01-01 00:20:00,30.718297541314787,69.71896731817188,1009.6638460876164,Normal,None,Normal,None,0.99,All monitored parameters remain within the learned normal operating pattern.,99.0
2026-01-01 00:30:00,31.518543676904606,68.10588686103247,1009.9360957853,Normal,None,Normal,None,0.99,All monitored parameters remain within the learned normal operating pattern.,99.0
2026-01-01 00:40:00,30.212649888587894,70.59650145049405,1009.1732806930237,Normal,None,Normal,None,0.99,All monitored parameters remain within the learned normal operating pattern.,99.0
2026-01-01 00:50:00,30.31235551525585,69.7876406092131,1010.2567343238122,Normal,None,Normal,None,0.99,All monitored parameters remain within the learned normal operating pattern.,99.0
2026-01-01 01:00:00,31.86252756599378,70.59207181287974,1010.180674612748,Normal,None,Normal,None,0.99,All monitored parameters remain within the learned normal operating pattern.,99.0
2026-01-01 01:10:00,31.31235719473232,69.87352478054395,1009.8014939213687,Normal,None,Normal,None,0.99,All monitored parameters remain within the learned normal operating pattern.,99.0
2026-01-01 01:20:00,30.4218020865022,70.50434224013836,1010.5696063872361,Normal,None,Normal,None,0.99,All monitored parameters remain within the learned normal operating pattern.,99.0
2026-01-01 01:30:00,31.330082233131836,67.13746118035274,1010.7386898917271,Normal,None,Normal,None,0.99,All monitored parameters remain within the learned normal operating pattern.,99.0
2026-01-01 01:40:00,30.623593527437524,70.64613276789366,1009.4960191163046,Normal,None,Normal,None,0.99,All monitored parameters remain within the learned normal operating pattern.,99.0
2026-01-01 01:50:00,30.7196388478368,68.2107539079988,1009.9483008450774,Normal,None,Normal,None,0.99,All monitored parameters remain within the learned normal operating pattern.,99.0
2026-01-01 02:00:00,31.383249687421703,71.77116200491278,1009.9749232132591,Normal,None,Normal,None,0.99,All monitored parameters remain within the learned normal operating pattern.,99.0
2026-01-01 02:10:00,29.756036084722815,66.04830380292276,1009.9193379702455,Normal,None,Normal,None,0.99,All monitored parameters remain within the learned normal operating pattern.,99.0
2026-01-01 02:20:00,30.00319074695638,70.70567758039688,1010.8337830678119,Normal,None,Normal,None,0.99,All monitored parameters remain within the learned normal operating pattern.,99.0
2026-01-01 02:30:00,31.02920538243999,67.43775075525976,1010.3518467153566,Normal,None,Normal,None,0.99,All monitored parameters remain within the learned normal operating pattern.,99.0
2026-01-01 02:40:00,30.76408812306261,65.54845795411082,1010.3461715364948,Normal,None,Normal,None,0.99,All monitored parameters remain within the learned normal operating pattern.,99.0
2026-01-01 02:50:00,31.920437517397122,65.69414902924956,1009.5061190090289,Normal,None,Normal,None,0.99,All monitored parameters remain within the learned normal operating pattern.,99.0
2026-01-01 03:00:00,31.03663809213972,65.83319067849799,1010.8553295340624,Normal,None,Normal,None,0.99,All monitored parameters remain within the learned normal operating pattern.,99.0
2026-01-01 03:10:00,30.726525480820225,67.13559500902691,1009.9475077799689,Normal,None,Normal,None,0.99,All monitored parameters remain within the learned normal operating pattern.,99.0
2026-01-01 03:20:00,33.121454536505844,67.14779993333379,1010.6265629241457,Normal,None,Normal,None,0.99,All monitored parameters remain within the learned normal operating pattern.,99.0
2026-01-01 03:30:00,31.86010045085037,64.77115700964364,1010.7646849309482,Normal,None,Normal,None,0.99,All monitored parameters remain within the learned normal operating pattern.,99.0
2026-01-01 03:40:00,32.185712128553476,65.68791168587175,1011.3356628883352,Normal,None,Normal,None,0.99,All monitored parameters remain within the learned normal operating pattern.,99.0
2026-01-01 03:50:00,31.08200473419302,69.84093415089615,1010.0301948552286,Normal,None,Normal,None,0.99,All monitored parameters remain within the learned normal operating pattern.,99.0
2026-01-01 04:00:00,31.875520350221112,68.8330332805189,1009.2040518441909,Normal,None,Normal,None,0.99,All monitored parameters remain within the learned normal operating pattern.,99.0
2026-01-01 04:10:00,32.488061617013365,66.07400024885712,1010.8348640386203,Normal,None,Normal,None,0.99,All monitored parameters remain within the learned normal operating pattern.,99.0
2026-01-01 04:20:00,31.565864079070714,65.10268907431929,1011.6722517590249,Normal,None,Normal,None,0.99,All monitored parameters remain within the learned normal operating pattern.,99.0
2026-01-01 04:30:00,32.873556128844605,65.09406722510039,1011.4204488931631,Normal,None,Normal,None,0.99,All monitored parameters remain within the learned normal operating pattern.,99.0
2026-01-01 04:40:00,32.177794309260726,65.91042542306928,1010.9347047154174,Normal,None,Normal,None,0.99,All monitored parameters remain within the learned normal operating pattern.,99.0
2026-01-01 04:50:00,32.509192392031665,62.46932008587061,1010.6128730530199,Normal,None,Normal,None,0.99,All monitored parameters remain within the learned normal operating pattern.,99.0
2026-01-01 05:00:00,32.34432505317662,63.83386623923304,1011.2909825418184,Normal,None,Normal,None,0.99,All monitored parameters remain within the learned normal operating pattern.,99.0
2026-01-01 05:10:00,34.38952333940277,60.84743026865358,1010.4292893221783,Normal,None,Normal,None,0.99,All monitored parameters remain within the learned normal operating pattern.,99.0
2026-01-01 05:20:00,32.97774808979379,64.82135450604228,1011.1827906962761,Normal,None,Normal,None,0.99,All monitored parameters remain within the learned normal operating pattern.,99.0
2026-01-01 05:30:00,32.2220244314389,65.15800553019824,1011.225801631152,Normal,None,Normal,None,0.99,All monitored parameters remain within the learned normal operating pattern.,99.0
2026-01-01 05:40:00,33.80464671486726,62.740405505031816,1011.5315287445419,Normal,None,Normal,None,0.99,All monitored parameters remain within the learned normal operating pattern.,99.0
2026-01-01 05:50:00,32.24709235252781,66.70043898157083,1012.4095107073451,Normal,None,Normal,None,0.99,All monitored parameters remain within the learned normal operating pattern.,99.0
2026-01-01 06:00:00,33.46672258918718,60.94920524762857,1011.2540423951234,Normal,None,Normal,None,0.99,All monitored parameters remain within the learned normal operating pattern.,99.0
2026-01-01 06:10:00,31.806437602573734,60.32290283622524,1010.8314003278839,Normal,None,Normal,None,0.99,All monitored parameters remain within the learned normal operating pattern.,99.0
2026-01-01 06:20:00,32.384814523347735,63.55417691218698,1011.101033909037,Normal,None,Normal,None,0.99,All monitored parameters remain within the learned normal operating pattern.,99.0
2026-01-01 06:30:00,33.67666035072122,65.05585388117247,1010.2571104328105,Normal,None,Normal,None,0.99,All monitored parameters remain within the learned normal operating pattern.,99.0
2026-01-01 06:40:00,34.18034218458096,66.18871754174648,1010.8220047472767,Normal,None,Normal,None,0.99,All monitored parameters remain within the learned normal operating pattern.,99.0
2026-01-01 06:50:00,33.795622448610914,61.76517582694425,1010.9923158519542,Normal,None,Normal,None,0.99,All monitored parameters remain within the learned normal operating pattern.,99.0
2026-01-01 07:00:00,33.63350180745016,64.70532080014108,1010.9623886957766,Normal,None,Normal,None,0.99,All monitored parameters remain within the learned normal operating pattern.,99.0
2026-01-01 07:10:00,33.55113674300308,62.338943662049566,1011.3279634669742,Normal,None,Normal,None,0.99,All monitored parameters remain within the learned normal operating pattern.,99.0
2026-01-01 07:20:00,32.673681578004604,61.94174705952126,1010.8678037726908,Normal,None,Normal,None,0.99,All monitored parameters remain within the learned normal operating pattern.,99.0
2026-01-01 07:30:00,33.34355763653089,63.92845386848005,1011.8666286239779,Normal,None,Normal,None,0.99,All monitored parameters remain within the learned normal operating pattern.,99.0
2026-01-01 07:40:00,33.612284958437584,63.343053806416,1011.3331855023573,Normal,None,Normal,None,0.99,All monitored parameters remain within the learned normal operating pattern.,99.0
2026-01-01 07:50:00,34.88626127361853,58.7660887007447,1011.355266914813,Normal,None,Normal,None,0.99,All monitored parameters remain within the learned normal operating pattern.,99.0
2026-01-01 08:00:00,34.37360623312264,64.75565749651604,1011.2226685596484,Normal,None,Normal,None,0.99,All monitored parameters remain within the learned normal operating pattern.,99.0
2026-01-01 08:10:00,32.744784872335174,64.44974871504418,1011.4907711641853,Normal,None,Normal,None,0.99,All monitored parameters remain within the learned normal operating pattern.,99.0
2026-01-01 08:20:00,34.46932420695784,60.328760534096936,1011.8521432594811,Normal,None,Normal,None,0.99,All monitored parameters remain within the learned normal operating pattern.,99.0
2026-01-01 08:30:00,33.95514390236701,62.26518761347468,1011.0323030776239,Normal,None,Normal,None,0.99,All monitored parameters remain within the learned normal operating pattern.,99.0
2026-01-01 08:40:00,33.7731161792022,62.35875281367155,1011.1629371200676,Normal,None,Normal,None,0.99,All monitored parameters remain within the learned normal operating pattern.,99.0
2026-01-01 08:50:00,34.853709602605896,61.792610388581416,1011.3661100322072,Normal,None,Normal,None,0.99,All monitored parameters remain within the learned normal operating pattern.,99.0
2026-01-01 09:00:00,35.23713379587264,60.0747213365574,1010.8708631667643,Normal,None,Normal,None,0.99,All monitored parameters remain within the learned normal operating pattern.,99.0
2026-01-01 09:10:00,35.2035554697374,59.73969051523502,1011.1598405927506,Normal,None,Normal,None,0.99,All monitored parameters remain within the learned normal operating pattern.,99.0
2026-01-01 09:20:00,33.83156762738731,60.94300856608626,1011.3568727199452,Normal,None,Normal,None,0.99,All monitored parameters remain within the learned normal operating pattern.,99.0
2026-01-01 09:30:00,34.29817729266215,63.25436365183248,1012.0575315647229,Normal,None,Normal,None,0.99,All monitored parameters remain within the learned normal operating pattern.,99.0
2026-01-01 09:40:00,34.851341685916175,61.914538427602224,1011.7768090996208,Normal,None,Normal,None,0.99,All monitored parameters remain within the learned normal operating pattern.,99.0
2026-01-01 09:50:00,35.40571264438486,60.00821825045383,1011.76734997049,Normal,None,Normal,None,0.99,All monitored parameters remain within the learned normal operating pattern.,99.0
2026-01-01 10:00:00,34.27902899982518,62.21866064109386,1012.12086318686,Normal,None,Normal,None,0.99,All monitored parameters remain within the learned normal operating pattern.,99.0
2026-01-01 10:10:00,34.54906443574509,54.90773152458756,1011.6514176229521,Normal,None,Normal,None,0.99,All monitored parameters remain within the learned normal operating pattern.,99.0
2026-01-01 10:20:00,33.84586412736617,62.83566718760222,1011.9398529000417,Normal,None,Normal,None,0.99,All monitored parameters remain within the learned normal operating pattern.,99.0
2026-01-01 10:30:00,33.80541119685949,56.99581945019575,1011.7173517465008,Normal,None,Normal,None,0.99,All monitored parameters remain within the learned normal operating pattern.,99.0
2026-01-01 10:40:00,35.44193284112242,59.6912937507796,1011.9258086964503,Normal,None,Normal,None,0.99,All monitored parameters remain within the learned normal operating pattern.,99.0
2026-01-01 10:50:00,35.90451935313328,58.121605550194474,1011.5257334213121,Normal,None,Normal,None,0.99,All monitored parameters remain within the learned normal operating pattern.,99.0
2026-01-01 11:00:00,34.78760277225397,57.72021530952172,1010.621507325624,Normal,None,Normal,None,0.99,All monitored parameters remain within the learned normal operating pattern.,99.0
2026-01-01 11:10:00,35.67177882559595,62.58374856019237,1011.7973950195269,Normal,None,Normal,None,0.99,All monitored parameters remain within the learned normal operating pattern.,99.0
2026-01-01 11:20:00,35.1800515482479,59.28311214095663,1012.5993405391608,Normal,None,Normal,None,0.99,All monitored parameters remain within the learned normal operating pattern.,99.0
2026-01-01 11:30:00,34.39447699536148,60.87186216537027,1012.3743168694945,Normal,None,Normal,None,0.99,All monitored parameters remain within the learned normal operating pattern.,99.0
2026-01-01 11:40:00,35.217551256545676,60.04928929796375,1012.4169591057984,Normal,None,Normal,None,0.99,All monitored parameters remain within the learned normal operating pattern.,99.0
2026-01-01 11:50:00,36.17475074180147,61.06543867718885,1012.5751831076838,Normal,None,Normal,None,0.99,All monitored parameters remain within the learned normal operating pattern.,99.0
2026-01-01 12:00:00,34.92956575002451,60.237190619495586,1012.0241078233908,Normal,None,Normal,None,0.99,All monitored parameters remain within the learned normal operating pattern.,99.0
2026-01-01 12:10:00,36.221859401849734,57.4937265972258,1012.1008997899452,Normal,None,Normal,None,0.99,All monitored parameters remain within the learned normal operating pattern.,99.0
2026-01-01 12:20:00,32.884274316467646,62.0323928394154,1011.7156782732893,Normal,None,Normal,None,0.99,All monitored parameters remain within the learned normal operating pattern.,99.0
2026-01-01 12:30:00,35.64552237424657,59.036486092184596,1011.8885272235199,Normal,None,Normal,None,0.99,All monitored parameters remain within the learned normal operating pattern.,99.0
2026-01-01 12:40:00,35.06356886657416,56.89897377871325,1012.3763035923654,Normal,None,Normal,None,0.99,All monitored parameters remain within the learned normal operating pattern.,99.0
2026-01-01 12:50:00,34.75865466606955,59.14804858518368,1012.6920073476347,Normal,None,Normal,None,0.99,All monitored parameters remain within the learned normal operating pattern.,99.0
2026-01-01 13:00:00,35.07319542052129,63.00194598268286,1012.041779679375,Normal,None,Normal,None,0.99,All monitored parameters remain within the learned normal operating pattern.,99.0
2026-01-01 13:10:00,33.40965406683615,61.701025087193266,1011.9076343015053,Normal,None,Normal,None,0.99,All monitored parameters remain within the learned normal operating pattern.,99.0
2026-01-01 13:20:00,34.821890264945615,59.30744018075303,1012.1540053317791,Normal,None,Normal,None,0.99,All monitored parameters remain within the learned normal operating pattern.,99.0
2026-01-01 13:30:00,35.27923342080768,59.31439786416659,1012.4751413415067,Normal,None,Normal,None,0.99,All monitored parameters remain within the learned normal operating pattern.,99.0
2026-01-01 13:40:00,36.16977283644043,59.3818146962708,1011.4731892861286,Normal,None,Normal,None,0.99,All monitored parameters remain within the learned normal operating pattern.,99.0
2026-01-01 13:50:00,34.56475675084317,64.1947501161975,1011.0673849952643,Normal,None,Normal,None,0.99,All monitored parameters remain within the learned normal operating pattern.,99.0
2026-01-01 14:00:00,34.32249769596764,60.82528574789872,1011.9603438352706,Normal,None,Normal,None,0.99,All monitored parameters remain within the learned normal operating pattern.,99.0
2026-01-01 14:10:00,34.55581496432022,60.94564209600644,1011.6451688280932,Normal,None,Normal,None,0.99,All monitored parameters remain within the learned normal operating pattern.,99.0
2026-01-01 14:20:00,35.675483520642835,62.17424325510133,1012.0211417208611,Normal,None,Normal,None,0.99,All monitored parameters remain within the learned normal operating pattern.,99.0
2026-01-01 14:30:00,35.190122782474724,60.62333452855908,1012.2207804639062,Normal,None,Normal,None,0.99,All monitored parameters remain within the learned normal operating pattern.,99.0
2026-01-01 14:40:00,34.485299069580805,59.663701243169726,1012.0872752976676,Normal,None,Normal,None,0.99,All monitored parameters remain within the learned normal operating pattern.,99.0
2026-01-01 14:50:00,35.29973900657132,59.82905018166877,1013.0591302967896,Normal,None,Normal,None,0.99,All monitored parameters remain within the learned normal operating pattern.,99.0
2026-01-01 15:00:00,34.94484542529528,60.12243070953819,1012.5150321842492,Normal,None,Normal,None,0.99,All monitored parameters remain within the learned normal operating pattern.,99.0
2026-01-01 15:10:00,35.618206996185044,60.238973519462846,1012.5204246190963,Normal,None,Normal,None,0.99,All monitored parameters remain within the learned normal operating pattern.,99.0
2026-01-01 15:20:00,34.25581501458004,61.82034410791012,1012.699581157145,Normal,None,Normal,None,0.99,All monitored parameters remain within the learned normal operating pattern.,99.0
2026-01-01 15:30:00,34.52756348006584,60.5245053769265,1011.8371118478922,Normal,None,Normal,None,0.99,All monitored parameters remain within the learned normal operating pattern.,99.0
2026-01-01 15:40:00,34.44632273182946,61.94526164576077,1012.9438939892962,Normal,None,Normal,None,0.99,All monitored parameters remain within the learned normal operating pattern.,99.0
2026-01-01 15:50:00,33.55760559911231,60.38173172454684,1012.4040227237447,Normal,None,Normal,None,0.99,All monitored parameters remain within the learned normal operating pattern.,99.0
2026-01-01 16:00:00,34.93182699041124,60.76740884311304,1012.7944672695014,Normal,None,Normal,None,0.99,All monitored parameters remain within the learned normal operating pattern.,99.0
2026-01-01 16:10:00,34.86840652660076,56.68447401322208,1011.9403740250062,Normal,None,Normal,None,0.99,All monitored parameters remain within the learned normal operating pattern.,99.0
2026-01-01 16:20:00,34.626417118471565,62.58800264308977,1011.7162508149672,Normal,None,Normal,None,0.99,All monitored parameters remain within the learned normal operating pattern.,99.0
2026-01-01 16:30:00,34.395568118679016,61.52650130103772,1012.9186527731277,Normal,None,Normal,None,0.99,All monitored parameters remain within the learned normal operating pattern.,99.0
2026-01-01 16:40:00,58.41001579808677,62.9113954362651,1012.7142389819139,Likely Sensor Fault,Temperature,Confirmed Anomaly,High,0.9,Temperature changed by +24.01°C in 10 minutes while the other parameters did not show a corresponding large change. This indicates an isolated temperature anomaly.,90.0
2026-01-01 16:50:00,34.16305019640434,55.20835633437937,1012.0910816091623,Recovery Reading,Temperature,Suspicious,Low,0.85,The sensor value rapidly moved back in the opposite direction following a detected anomaly. This reading is treated as a recovery rather than a separate anomaly.,85.0
2026-01-01 17:00:00,34.180845532877036,65.26671511736455,1012.1230942953827,Normal,None,Normal,None,0.99,All monitored parameters remain within the learned normal operating pattern.,99.0
2026-01-01 17:10:00,33.766860505615284,60.903456101704485,1013.1362053751093,Normal,None,Normal,None,0.99,All monitored parameters remain within the learned normal operating pattern.,99.0
2026-01-01 17:20:00,34.23155198039954,63.49520453401035,1011.9940863212345,Normal,None,Normal,None,0.99,All monitored parameters remain within the learned normal operating pattern.,99.0
2026-01-01 17:30:00,34.63397179637316,59.29872592390588,1013.4251736334654,Normal,None,Normal,None,0.99,All monitored parameters remain within the learned normal operating pattern.,99.0
2026-01-01 17:40:00,35.76810270457623,62.70723984290954,1012.168310775596,Normal,None,Normal,None,0.99,All monitored parameters remain within the learned normal operating pattern.,99.0
2026-01-01 17:50:00,34.3455320895408,59.48142919510205,1012.9523387073724,Normal,None,Normal,None,0.99,All monitored parameters remain within the learned normal operating pattern.,99.0
2026-01-01 18:00:00,34.35694034613807,60.45066201148867,1012.483091268851,Normal,None,Normal,None,0.99,All monitored parameters remain within the learned normal operating pattern.,99.0
2026-01-01 18:10:00,34.03470986507681,65.63952951235407,1012.9629867163129,Normal,None,Normal,None,0.99,All monitored parameters remain within the learned normal operating pattern.,99.0
2026-01-01 18:20:00,32.50097525741676,61.546650739161315,1012.4030618236096,Normal,None,Normal,None,0.99,All monitored parameters remain within the learned normal operating pattern.,99.0
2026-01-01 18:30:00,33.95488918475587,62.48266517612896,1012.6071801500536,Normal,None,Normal,None,0.99,All monitored parameters remain within the learned normal operating pattern.,99.0
2026-01-01 18:40:00,33.9627989359819,63.91090592531935,1012.7222245752771,Normal,None,Normal,None,0.99,All monitored parameters remain within the learned normal operating pattern.,99.0
2026-01-01 18:50:00,35.82215401103177,63.288243133858124,1012.213588928775,Normal,None,Normal,None,0.99,All monitored parameters remain within the learned normal operating pattern.,99.0
2026-01-01 19:00:00,33.63307344378777,62.72691337906181,1013.097740488716,Normal,None,Normal,None,0.99,All monitored parameters remain within the learned normal operating pattern.,99.0
2026-01-01 19:10:00,33.96208421573688,63.288229321192475,1012.4830939152755,Normal,None,Normal,None,0.99,All monitored parameters remain within the learned normal operating pattern.,99.0
2026-01-01 19:20:00,33.62546978248787,67.50035277397241,1012.6374986068059,Normal,None,Normal,None,0.99,All monitored parameters remain within the learned normal operating pattern.,99.0
2026-01-01 19:30:00,32.64922545078266,62.716426644176266,1012.266446014396,Normal,None,Normal,None,0.99,All monitored parameters remain within the learned normal operating pattern.,99.0
2026-01-01 19:40:00,34.427918324303015,63.37487794804795,1011.4939990962146,Normal,None,Normal,None,0.99,All monitored parameters remain within the learned normal operating pattern.,99.0
2026-01-01 19:50:00,34.04329045851001,65.21782072729404,1012.6909191980865,Normal,None,Normal,None,0.99,All monitored parameters remain within the learned normal operating pattern.,99.0
2026-01-01 20:00:00,34.00127414059417,65.4741546999965,1014.0037287448673,Normal,None,Normal,None,0.99,All monitored parameters remain within the learned normal operating pattern.,99.0
2026-01-01 20:10:00,32.56629313657564,65.78645441029789,1013.2004308325966,Normal,None,Normal,None,0.99,All monitored parameters remain within the learned normal operating pattern.,99.0
2026-01-01 20:20:00,34.340072950464425,64.84178544062728,1012.8089247803786,Normal,None,Normal,None,0.99,All monitored parameters remain within the learned normal operating pattern.,99.0
2026-01-01 20:30:00,32.01910138272456,61.432825708622275,1012.6972534195431,Normal,None,Normal,None,0.99,All monitored parameters remain within the learned normal operating pattern.,99.0
2026-01-01 20:40:00,33.53155393215052,67.1427265503816,1012.8497922103486,Normal,None,Normal,None,0.99,All monitored parameters remain within the learned normal operating pattern.,99.0
2026-01-01 20:50:00,34.73469154226412,61.74265513073035,1013.1216948292096,Normal,None,Normal,None,0.99,All monitored parameters remain within the learned normal operating pattern.,99.0
2026-01-01 21:00:00,32.108961485678854,64.80248983891126,1012.26701949002,Normal,None,Normal,None,0.99,All monitored parameters remain within the learned normal operating pattern.,99.0
2026-01-01 21:10:00,32.366253024291204,62.85286588401444,1013.4235910585188,Normal,None,Normal,None,0.99,All monitored parameters remain within the learned normal operating pattern.,99.0
2026-01-01 21:20:00,32.815783024670516,64.39959944161322,1013.2328379676449,Normal,None,Normal,None,0.99,All monitored parameters remain within the learned normal operating pattern.,99.0
2026-01-01 21:30:00,32.2489555536508,65.35405266671944,1013.2426691832995,Normal,None,Normal,None,0.99,All monitored parameters remain within the learned normal operating pattern.,99.0
2026-01-01 21:40:00,31.325816692926033,65.51001955534267,1013.1109542675708,Normal,None,Normal,None,0.99,All monitored parameters remain within the learned normal operating pattern.,99.0
2026-01-01 21:50:00,32.53478061767687,65.88398103280647,1012.9093750563011,Normal,None,Normal,None,0.99,All monitored parameters remain within the learned normal operating pattern.,99.0
2026-01-01 22:00:00,31.542676141082953,68.44238431398962,1013.2435571396943,Normal,None,Normal,None,0.99,All monitored parameters remain within the learned normal operating pattern.,99.0
2026-01-01 22:10:00,32.68302303829654,66.29877041545117,1013.21030209032,Normal,None,Normal,None,0.99,All monitored parameters remain within the learned normal operating pattern.,99.0
2026-01-01 22:20:00,31.479316213245227,65.08197552815416,1012.7443511488989,Normal,None,Normal,None,0.99,All monitored parameters remain within the learned normal operating pattern.,99.0
2026-01-01 22:30:00,33.3646219443535,67.67882549589778,1012.6412543789829,Normal,None,Normal,None,0.99,All monitored parameters remain within the learned normal operating pattern.,99.0
2026-01-01 22:40:00,31.4070390625592,68.3116575849929,1012.9853737845568,Normal,None,Normal,None,0.99,All monitored parameters remain within the learned normal operating pattern.,99.0
2026-01-01 22:50:00,31.684144700740408,63.66119654231612,1013.7150520542889,Normal,None,Normal,None,0.99,All monitored parameters remain within the learned normal operating pattern.,99.0
2026-01-01 23:00:00,32.499981657537624,67.49646437241594,1012.3267901416004,Normal,None,Normal,None,0.99,All monitored parameters remain within the learned normal operating pattern.,99.0
2026-01-01 23:10:00,30.771109276476054,67.89074402537535,1012.2180875253806,Normal,None,Normal,None,0.99,All monitored parameters remain within the learned normal operating pattern.,99.0
2026-01-01 23:20:00,31.84369781974988,66.08141324914688,1013.0394412839016,Normal,None,Normal,None,0.99,All monitored parameters remain within the learned normal operating pattern.,99.0
2026-01-01 23:30:00,32.61270721685136,69.6174275997724,1012.9874191233253,Normal,None,Normal,None,0.99,All monitored parameters remain within the learned normal operating pattern.,99.0
2026-01-01 23:40:00,30.185641535429344,66.7566325797783,1013.0532637253624,Normal,None,Normal,None,0.99,All monitored parameters remain within the learned normal operating pattern.,99.0
2026-01-01 23:50:00,31.523380508937162,67.49980606272045,1013.0928898618945,Normal,None,Normal,None,0.99,All monitored parameters remain within the learned normal operating pattern.,99.0
2026-01-02 00:00:00,31.487073603398073,67.0955216154336,1012.8633348214701,Normal,None,Normal,None,0.99,All monitored parameters remain within the learned normal operating pattern.,99.0
2026-01-02 00:10:00,31.807606936614786,67.66686081677706,1013.723592266949,Normal,None,Normal,None,0.99,All monitored parameters remain within the learned normal operating pattern.,99.0
2026-01-02 00:20:00,30.09509555091399,65.63813758697668,1012.1816346970809,Normal,None,Normal,None,0.99,All monitored parameters remain within the learned normal operating pattern.,99.0
2026-01-02 00:30:00,29.930363592616366,65.14644046864385,1012.5709655091133,Normal,None,Normal,None,0.99,All monitored parameters remain within the learned normal operating pattern.,99.0
2026-01-02 00:40:00,31.305959430131608,71.41219777117377,1012.9364148597692,Normal,None,Normal,None,0.99,All monitored parameters remain within the learned normal operating pattern.,99.0
2026-01-02 00:50:00,31.02731514840819,66.72662248372006,1012.1689766523767,Normal,None,Normal,None,0.99,All monitored parameters remain within the learned normal operating pattern.,99.0
2026-01-02 01:00:00,30.89112640915888,66.63575104332303,1012.9048730202318,Normal,None,Normal,None,0.99,All monitored parameters remain within the learned normal operating pattern.,99.0
2026-01-02 01:10:00,30.868618578519627,64.51029975094848,1013.8254645928284,Normal,None,Normal,None,0.99,All monitored parameters remain within the learned normal operating pattern.,99.0
2026-01-02 01:20:00,29.947931065733695,67.73817481862802,1013.0068019713382,Normal,None,Normal,None,0.99,All monitored parameters remain within the learned normal operating pattern.,99.0
2026-01-02 01:30:00,30.57804746489629,66.56933139885003,1013.1130381637377,Normal,None,Normal,None,0.99,All monitored parameters remain within the learned normal operating pattern.,99.0
2026-01-02 01:40:00,30.526838943158467,72.69926839123369,1012.3686339452792,Normal,None,Normal,None,0.99,All monitored parameters remain within the learned normal operating pattern.,99.0
2026-01-02 01:50:00,29.620919104722546,71.63483370039798,1012.6912637710648,Normal,None,Normal,None,0.99,All monitored parameters remain within the learned normal operating pattern.,99.0
2026-01-02 02:00:00,31.58496201101212,68.43901450545192,1012.8122738894137,Normal,None,Normal,None,0.99,All monitored parameters remain within the learned normal operating pattern.,99.0
2026-01-02 02:10:00,30.37131389206885,74.52037650000977,1012.8411415501153,Normal,None,Normal,None,0.99,All monitored parameters remain within the learned normal operating pattern.,99.0
2026-01-02 02:20:00,28.939113017905765,72.17921934264741,1013.640647416612,Normal,None,Normal,None,0.99,All monitored parameters remain within the learned normal operating pattern.,99.0
2026-01-02 02:30:00,30.31735018553841,69.76612263572007,1013.2781968891811,Normal,None,Normal,None,0.99,All monitored parameters remain within the learned normal operating pattern.,99.0
2026-01-02 02:40:00,28.91239676627448,65.61690436534018,1012.4428476866608,Normal,None,Normal,None,0.99,All monitored parameters remain within the learned normal operating pattern.,99.0
2026-01-02 02:50:00,30.22196797496937,75.39728456123068,1013.1207539048823,Normal,None,Normal,None,0.99,All monitored parameters remain within the learned normal operating pattern.,99.0
2026-01-02 03:00:00,30.41949834577555,68.23561130133355,1013.2452368924073,Normal,None,Normal,None,0.99,All monitored parameters remain within the learned normal operating pattern.,99.0
2026-01-02 03:10:00,28.736600969449533,67.92290885782441,1013.5645248296919,Normal,None,Normal,None,0.99,All monitored parameters remain within the learned normal operating pattern.,99.0
2026-01-02 03:20:00,30.064615888446006,73.45731089391818,1013.7827449036726,Normal,None,Normal,None,0.99,All monitored parameters remain within the learned normal operating pattern.,99.0
2026-01-02 03:30:00,29.525190877789722,76.4895725401975,1012.4826518700853,Normal,None,Normal,None,0.99,All monitored parameters remain within the learned normal operating pattern.,99.0
2026-01-02 03:40:00,29.753988063189336,74.57586576663354,1012.5821949996721,Normal,None,Normal,None,0.99,All monitored parameters remain within the learned normal operating pattern.,99.0
2026-01-02 03:50:00,30.51551029621298,73.13166641992507,1012.3559602567999,Normal,None,Normal,None,0.99,All monitored parameters remain within the learned normal operating pattern.,99.0
2026-01-02 04:00:00,28.703902951150372,73.38908179542523,1012.8645656174158,Normal,None,Normal,None,0.99,All monitored parameters remain within the learned normal operating pattern.,99.0
2026-01-02 04:10:00,28.19980282738027,74.10124759982808,1013.2112823426337,Normal,None,Normal,None,0.99,All monitored parameters remain within the learned normal operating pattern.,99.0
2026-01-02 04:20:00,27.99423835655448,74.10615737906373,1013.4679996178072,Normal,None,Normal,None,0.99,All monitored parameters remain within the learned normal operating pattern.,99.0
2026-01-02 04:30:00,27.956778493261915,73.34352940547022,1012.9322880252862,Normal,None,Normal,None,0.99,All monitored parameters remain within the learned normal operating pattern.,99.0
2026-01-02 04:40:00,28.451879499508316,73.18128047382456,1012.8059733342614,Normal,None,Normal,None,0.99,All monitored parameters remain within the learned normal operating pattern.,99.0
2026-01-02 04:50:00,28.691212339390447,73.03823222512669,1013.0371124694958,Normal,None,Normal,None,0.99,All monitored parameters remain within the learned normal operating pattern.,99.0
2026-01-02 05:00:00,28.5450072212891,71.84476165861648,1012.5387016860332,Normal,None,Normal,None,0.99,All monitored parameters remain within the learned normal operating pattern.,99.0
2026-01-02 05:10:00,28.891436862159164,72.97926932040578,1013.9957859441893,Normal,None,Normal,None,0.99,All monitored parameters remain within the learned normal operating pattern.,99.0
2026-01-02 05:20:00,28.146836976109284,70.34121544639531,1012.1416338259977,Normal,None,Normal,None,0.99,All monitored parameters remain within the learned normal operating pattern.,99.0
2026-01-02 05:30:00,29.206754817968445,73.71546563392532,1013.031987251272,Normal,None,Normal,None,0.99,All monitored parameters remain within the learned normal operating pattern.,99.0
2026-01-02 05:40:00,27.74047815328854,72.11841054594036,1013.9452781456632,Normal,None,Normal,None,0.99,All monitored parameters remain within the learned normal operating pattern.,99.0
2026-01-02 05:50:00,30.037435748623622,72.0702205348646,1012.9304390999272,Normal,None,Normal,None,0.99,All monitored parameters remain within the learned normal operating pattern.,99.0
2026-01-02 06:00:00,28.271788253770385,74.81727955119018,1012.8252905139893,Normal,None,Normal,None,0.99,All monitored parameters remain within the learned normal operating pattern.,99.0
2026-01-02 06:10:00,26.99637554472078,77.41980139298158,1012.7345655604288,Normal,None,Normal,None,0.99,All monitored parameters remain within the learned normal operating pattern.,99.0
2026-01-02 06:20:00,26.73716379113949,76.64887763282788,1012.8157787613741,Normal,None,Normal,None,0.99,All monitored parameters remain within the learned normal operating pattern.,99.0
2026-01-02 06:30:00,27.89259626598079,71.84576212518118,1013.5847939929181,Normal,None,Normal,None,0.99,All monitored parameters remain within the learned normal operating pattern.,99.0
2026-01-02 06:40:00,27.24158796671333,73.1800273369113,1011.7845435381444,Normal,None,Normal,None,0.99,All monitored parameters remain within the learned normal operating pattern.,99.0
2026-01-02 06:50:00,27.90633234043793,77.21127848564792,1013.6490064586925,Normal,None,Normal,None,0.99,All monitored parameters remain within the learned normal operating pattern.,99.0
2026-01-02 07:00:00,27.629563841658243,73.53307772892457,1012.1618373421813,Normal,None,Normal,None,0.99,All monitored parameters remain within the learned normal operating pattern.,99.0
2026-01-02 07:10:00,27.10965418493633,75.21489906988229,1012.7317281093375,Normal,None,Normal,None,0.99,All monitored parameters remain within the learned normal operating pattern.,99.0
2026-01-02 07:20:00,26.408560977900667,76.92811229333833,1012.6413833424518,Normal,None,Normal,None,0.99,All monitored parameters remain within the learned normal operating pattern.,99.0
2026-01-02 07:30:00,25.79336470721536,74.05282611634463,1013.1409472959082,Normal,None,Normal,None,0.99,All monitored parameters remain within the learned normal operating pattern.,99.0
2026-01-02 07:40:00,26.56847732223914,76.3593724445064,1012.0379883586289,Normal,None,Normal,None,0.99,All monitored parameters remain within the learned normal operating pattern.,99.0
2026-01-02 07:50:00,27.532487262554724,73.63721255597171,1013.0582324702176,Normal,None,Normal,None,0.99,All monitored parameters remain within the learned normal operating pattern.,99.0
2026-01-02 08:00:00,26.941585702002996,75.25664329869991,1013.8291132728991,Normal,None,Normal,None,0.99,All monitored parameters remain within the learned normal operating pattern.,99.0
2026-01-02 08:10:00,25.69795658344706,77.25046865545178,1012.1249015253112,Normal,None,Normal,None,0.99,All monitored parameters remain within the learned normal operating pattern.,99.0
2026-01-02 08:20:00,26.75865403185776,73.57379395058304,1012.8905904691193,Normal,None,Normal,None,0.99,All monitored parameters remain within the learned normal operating pattern.,99.0
2026-01-02 08:30:00,26.855279498732106,77.78689828602273,1012.4537150227355,Normal,None,Normal,None,0.99,All monitored parameters remain within the learned normal operating pattern.,99.0
2026-01-02 08:40:00,25.768239859827343,77.01007278457014,1012.9863394149911,Normal,None,Normal,None,0.99,All monitored parameters remain within the learned normal operating pattern.,99.0
2026-01-02 08:50:00,26.52801875385149,78.29490257064415,1012.7713815080901,Normal,None,Normal,None,0.99,All monitored parameters remain within the learned normal operating pattern.,99.0
2026-01-02 09:00:00,26.38275932085545,77.77544357593203,1012.4291992407053,Normal,None,Normal,None,0.99,All monitored parameters remain within the learned normal operating pattern.,99.0
2026-01-02 09:10:00,25.354438194301842,80.190651994815,1012.981738370725,Normal,None,Normal,None,0.99,All monitored parameters remain within the learned normal operating pattern.,99.0
2026-01-02 09:20:00,26.48916182102352,77.84458513980604,1013.6275614899297,Normal,None,Normal,None,0.99,All monitored parameters remain within the learned normal operating pattern.,99.0
2026-01-02 09:30:00,26.58719887263204,76.86404641467459,1012.61724766356,Normal,None,Normal,None,0.99,All monitored parameters remain within the learned normal operating pattern.,99.0
2026-01-02 09:40:00,26.94219917846103,78.09307863822295,1013.0596188438441,Normal,None,Normal,None,0.99,All monitored parameters remain within the learned normal operating pattern.,99.0
2026-01-02 09:50:00,26.857559546235017,79.0575602488586,1012.0398731946933,Normal,None,Normal,None,0.99,All monitored parameters remain within the learned normal operating pattern.,99.0
2026-01-02 10:00:00,24.85273946358836,78.18797022474334,1012.1947920992501,Normal,None,Normal,None,0.99,All monitored parameters remain within the learned normal operating pattern.,99.0
2026-01-02 10:10:00,25.146593216195797,78.28747688615198,1012.8954462064321,Normal,None,Normal,None,0.99,All monitored parameters remain within the learned normal operating pattern.,99.0
2026-01-02 10:20:00,26.25250424328991,76.91506456534053,1013.3872674068635,Normal,None,Normal,None,0.99,All monitored parameters remain within the learned normal operating pattern.,99.0
2026-01-02 10:30:00,26.196794658171328,77.10266637001497,1012.8087173435295,Normal,None,Normal,None,0.99,All monitored parameters remain within the learned normal operating pattern.,99.0
2026-01-02 10:40:00,26.14478292808276,75.72929989832478,1012.4598193145779,Normal,None,Normal,None,0.99,All monitored parameters remain within the learned normal operating pattern.,99.0
2026-01-02 10:50:00,28.763619117054027,82.13628563731338,1012.6011695365543,Normal,None,Normal,None,0.99,All monitored parameters remain within the learned normal operating pattern.,99.0
2026-01-02 11:00:00,26.088566307238352,76.24856573184978,1011.961234799568,Normal,None,Normal,None,0.99,All monitored parameters remain within the learned normal operating pattern.,99.0
2026-01-02 11:10:00,26.49247708471333,77.44614045927048,1012.8733520026735,Normal,None,Normal,None,0.99,All monitored parameters remain within the learned normal operating pattern.,99.0
2026-01-02 11:20:00,26.30116652639101,77.4872552376687,1012.9966589213263,Normal,None,Normal,None,0.99,All monitored parameters remain within the learned normal operating pattern.,99.0
2026-01-02 11:30:00,26.014806988880377,80.80246077821741,1012.31358921545,Normal,None,Normal,None,0.99,All monitored parameters remain within the learned normal operating pattern.,99.0
2026-01-02 11:40:00,25.199013536902996,78.5076427781854,1012.2885008296854,Normal,None,Normal,None,0.99,All monitored parameters remain within the learned normal operating pattern.,99.0
2026-01-02 11:50:00,26.017762345806368,81.67431020652396,1012.6400956845484,Normal,None,Normal,None,0.99,All monitored parameters remain within the learned normal operating pattern.,99.0
2026-01-02 12:00:00,24.753524215398745,77.90944997745466,1012.2721801521155,Normal,None,Normal,None,0.99,All monitored parameters remain within the learned normal operating pattern.,99.0
2026-01-02 12:10:00,25.145381851676632,79.88831485031032,1012.4406076124621,Normal,None,Normal,None,0.99,All monitored parameters remain within the learned normal operating pattern.,99.0
2026-01-02 12:20:00,24.911467989435867,77.72978823808218,1013.5064208531971,Normal,None,Normal,None,0.99,All monitored parameters remain within the learned normal operating pattern.,99.0
2026-01-02 12:30:00,25.33206402922805,83.75716882010879,1012.3156870010893,Normal,None,Normal,None,0.99,All monitored parameters remain within the learned normal operating pattern.,99.0
2026-01-02 12:40:00,27.086994564261776,77.15426774009504,1012.2424252617831,Normal,None,Normal,None,0.99,All monitored parameters remain within the learned normal operating pattern.,99.0
2026-01-02 12:50:00,23.712068196696656,80.20788071891396,1012.0799772787532,Normal,None,Normal,None,0.99,All monitored parameters remain within the learned normal operating pattern.,99.0
2026-01-02 13:00:00,25.72742256765572,80.91072493115198,1012.7577561568191,Normal,None,Normal,None,0.99,All monitored parameters remain within the learned normal operating pattern.,99.0
2026-01-02 13:10:00,23.862708215741655,80.52183636951624,1012.2767210320886,Normal,None,Normal,None,0.99,All monitored parameters remain within the learned normal operating pattern.,99.0
2026-01-02 13:20:00,24.751744583667048,79.3708445296474,1012.0240823416567,Normal,None,Normal,None,0.99,All monitored parameters remain within the learned normal operating pattern.,99.0
2026-01-02 13:30:00,25.978811838665425,79.52505587835007,1012.9906212736934,Normal,None,Normal,None,0.99,All monitored parameters remain within the learned normal operating pattern.,99.0
2026-01-02 13:40:00,25.139397454881962,79.91167606474704,1013.020737694883,Normal,None,Normal,None,0.99,All monitored parameters remain within the learned normal operating pattern.,99.0
2026-01-02 13:50:00,24.20806837616847,79.5654675997192,1011.9914597902588,Normal,None,Normal,None,0.99,All monitored parameters remain within the learned normal operating pattern.,99.0
2026-01-02 14:00:00,24.48228776805057,81.81869676267273,1011.3389073536873,Normal,None,Normal,None,0.99,All monitored parameters remain within the learned normal operating pattern.,99.0
2026-01-02 14:10:00,25.584457555373504,84.33948729073117,1012.7562122595756,Normal,None,Normal,None,0.99,All monitored parameters remain within the learned normal operating pattern.,99.0
2026-01-02 14:20:00,24.4447222668251,78.82698528558672,1011.8901928922419,Normal,None,Normal,None,0.99,All monitored parameters remain within the learned normal operating pattern.,99.0
2026-01-02 14:30:00,25.192410969824554,77.22190584452389,1012.6076492990834,Normal,None,Normal,None,0.99,All monitored parameters remain within the learned normal operating pattern.,99.0
2026-01-02 14:40:00,25.047926322317043,79.8004982025095,1011.2068916100953,Normal,None,Normal,None,0.99,All monitored parameters remain within the learned normal operating pattern.,99.0
2026-01-02 14:50:00,24.48441266704377,85.1480327850518,1012.617629575985,Requires Investigation,Multiple,Suspicious,Medium,0.65,"The machine-learning model detected an unusual pattern, but the available rule-based evidence is insufficient to classify it as a confirmed sensor fault or genuine weather event.",65.0
2026-01-02 15:00:00,26.71707396873498,78.3888134695111,1011.5449147638866,Normal,None,Normal,None,0.99,All monitored parameters remain within the learned normal operating pattern.,99.0
2026-01-02 15:10:00,25.507282837359835,83.27793837187728,1012.4948371307322,Normal,None,Normal,None,0.99,All monitored parameters remain within the learned normal operating pattern.,99.0
2026-01-02 15:20:00,23.380266352320852,83.354640784859,1012.1153325775329,Requires Investigation,Multiple,Suspicious,Medium,0.65,"The machine-learning model detected an unusual pattern, but the available rule-based evidence is insufficient to classify it as a confirmed sensor fault or genuine weather event.",65.0
2026-01-02 15:30:00,25.151780462210535,78.88758949579403,1011.609756066219,Normal,None,Normal,None,0.99,All monitored parameters remain within the learned normal operating pattern.,99.0
2026-01-02 15:40:00,24.477427317537362,81.1242531796664,1011.861528262953,Normal,None,Normal,None,0.99,All monitored parameters remain within the learned normal operating pattern.,99.0
2026-01-02 15:50:00,25.695043827223646,83.23059892748374,1012.38631937485,Normal,None,Normal,None,0.99,All monitored parameters remain within the learned normal operating pattern.,99.0
2026-01-02 16:00:00,24.387319928568115,79.19907147939648,1012.0740163763335,Normal,None,Normal,None,0.99,All monitored parameters remain within the learned normal operating pattern.,99.0
2026-01-02 16:10:00,24.939782113726313,79.52969674599561,1012.2909821333714,Normal,None,Normal,None,0.99,All monitored parameters remain within the learned normal operating pattern.,99.0
2026-01-02 16:20:00,25.447787123365575,78.74904357174029,1012.9645021525047,Normal,None,Normal,None,0.99,All monitored parameters remain within the learned normal operating pattern.,99.0
2026-01-02 16:30:00,25.75061387444935,77.85446710038777,1011.1714692491206,Normal,None,Normal,None,0.99,All monitored parameters remain within the learned normal operating pattern.,99.0
2026-01-02 16:40:00,24.113965701887004,78.55303925480474,1012.7393087885137,Normal,None,Normal,None,0.99,All monitored parameters remain within the learned normal operating pattern.,99.0
2026-01-02 16:50:00,24.824769146763032,77.36737919560392,1011.959799460489,Normal,None,Normal,None,0.99,All monitored parameters remain within the learned normal operating pattern.,99.0
2026-01-02 17:00:00,24.73254811266134,79.84315821333824,1011.4349573156135,Normal,None,Normal,None,0.99,All monitored parameters remain within the learned normal operating pattern.,99.0
2026-01-02 17:10:00,24.6119340503831,78.19085866499857,1011.1957315641599,Normal,None,Normal,None,0.99,All monitored parameters remain within the learned normal operating pattern.,99.0
2026-01-02 17:20:00,26.571003897581356,80.15029081286853,1011.7426807588777,Normal,None,Normal,None,0.99,All monitored parameters remain within the learned normal operating pattern.,99.0
2026-01-02 17:30:00,25.50860930093305,76.51896084326417,1012.274234496907,Normal,None,Normal,None,0.99,All monitored parameters remain within the learned normal operating pattern.,99.0
2026-01-02 17:40:00,49.203830139556594,80.23668585837966,1011.7256216647809,Likely Sensor Fault,Temperature,Confirmed Anomaly,High,0.95,Temperature changed by +23.70°C in 10 minutes while the other parameters did not show a corresponding large change. This indicates an isolated temperature anomaly.,95.0
2026-01-02 17:50:00,25.976658988242413,81.18231906202067,1012.5207811775762,Recovery Reading,Temperature,Suspicious,Low,0.85,The sensor value rapidly moved back in the opposite direction following a detected anomaly. This reading is treated as a recovery rather than a separate anomaly.,85.0
2026-01-02 18:00:00,26.97183331614306,75.46431199779119,1011.0152464824442,Normal,None,Normal,None,0.99,All monitored parameters remain within the learned normal operating pattern.,99.0
2026-01-02 18:10:00,26.133713574693047,80.13263040719089,1011.7102460378985,Normal,None,Normal,None,0.99,All monitored parameters remain within the learned normal operating pattern.,99.0
2026-01-02 18:20:00,24.12775900129324,81.76882803683368,1011.0653780025774,Normal,None,Normal,None,0.99,All monitored parameters remain within the learned normal operating pattern.,99.0
2026-01-02 18:30:00,24.993247690231644,76.8194480655683,1011.8485053841788,Normal,None,Normal,None,0.99,All monitored parameters remain within the learned normal operating pattern.,99.0
2026-01-02 18:40:00,26.43339522756771,82.50541215723857,1012.0850808546089,Normal,None,Normal,None,0.99,All monitored parameters remain within the learned normal operating pattern.,99.0
2026-01-02 18:50:00,24.894797757191807,79.91617135935843,1011.4060394882506,Normal,None,Normal,None,0.99,All monitored parameters remain within the learned normal operating pattern.,99.0
2026-01-02 19:00:00,25.85887509628508,77.582337180947,1010.2889347178526,Normal,None,Normal,None,0.99,All monitored parameters remain within the learned normal operating pattern.,99.0
2026-01-02 19:10:00,26.168215034929634,78.79144626031226,1011.66497755912,Normal,None,Normal,None,0.99,All monitored parameters remain within the learned normal operating pattern.,99.0
2026-01-02 19:20:00,24.853435757177134,79.92669355616424,1011.7581777385341,Normal,None,Normal,None,0.99,All monitored parameters remain within the learned normal operating pattern.,99.0
2026-01-02 19:30:00,25.59559767013047,78.865574872865,1011.7161065291117,Normal,None,Normal,None,0.99,All monitored parameters remain within the learned normal operating pattern.,99.0
2026-01-02 19:40:00,23.100188048621124,79.69110814353996,1012.1058492386103,Normal,None,Normal,None,0.99,All monitored parameters remain within the learned normal operating pattern.,99.0
2026-01-02 19:50:00,24.9254018854972,76.66882881671201,1010.9262812013351,Normal,None,Normal,None,0.99,All monitored parameters remain within the learned normal operating pattern.,99.0
2026-01-02 20:00:00,25.596272942760997,78.7420667203211,1011.7756195199635,Normal,None,Normal,None,0.99,All monitored parameters remain within the learned normal operating pattern.,99.0
2026-01-02 20:10:00,24.855200362769562,75.46571718950716,1012.0053248120768,Normal,None,Normal,None,0.99,All monitored parameters remain within the learned normal operating pattern.,99.0
2026-01-02 20:20:00,27.216117291921723,77.95717137974977,1010.4931956642697,Normal,None,Normal,None,0.99,All monitored parameters remain within the learned normal operating pattern.,99.0
2026-01-02 20:30:00,24.824475633558336,76.25500724521673,1011.5155952449657,Normal,None,Normal,None,0.99,All monitored parameters remain within the learned normal operating pattern.,99.0
2026-01-02 20:40:00,25.6765693742315,76.4717301876423,1011.0768234448756,Normal,None,Normal,None,0.99,All monitored parameters remain within the learned normal operating pattern.,99.0
2026-01-02 20:50:00,26.194805339819276,80.29176059444006,1011.2611628957956,Normal,None,Normal,None,0.99,All monitored parameters remain within the learned normal operating pattern.,99.0
2026-01-02 21:00:00,27.30640641868228,79.87584466632977,1011.4486428939729,Normal,None,Normal,None,0.99,All monitored parameters remain within the learned normal operating pattern.,99.0
2026-01-02 21:10:00,25.069414651228573,78.78206749747011,1011.0039430552616,Normal,None,Normal,None,0.99,All monitored parameters remain within the learned normal operating pattern.,99.0
2026-01-02 21:20:00,27.21486769632399,75.2467010814548,1010.8823309782761,Normal,None,Normal,None,0.99,All monitored parameters remain within the learned normal operating pattern.,99.0
2026-01-02 21:30:00,26.360244658420967,76.6630666813998,1011.2097666452551,Normal,None,Normal,None,0.99,All monitored parameters remain within the learned normal operating pattern.,99.0
2026-01-02 21:40:00,25.63603485439156,79.58371184949854,1010.6214533787916,Normal,None,Normal,None,0.99,All monitored parameters remain within the learned normal operating pattern.,99.0
2026-01-02 21:50:00,26.86154244295441,77.29971450019222,1010.594432955467,Normal,None,Normal,None,0.99,All monitored parameters remain within the learned normal operating pattern.,99.0
2026-01-02 22:00:00,26.72313132821653,81.51089193644788,1011.4491873716634,Normal,None,Normal,None,0.99,All monitored parameters remain within the learned normal operating pattern.,99.0
2026-01-02 22:10:00,26.15711113183998,77.51206641165471,1010.5071477515031,Normal,None,Normal,None,0.99,All monitored parameters remain within the learned normal operating pattern.,99.0
2026-01-02 22:20:00,26.767875098712405,76.96003137153929,1011.3866366882286,Normal,None,Normal,None,0.99,All monitored parameters remain within the learned normal operating pattern.,99.0
2026-01-02 22:30:00,26.479849127321387,75.8055670619734,1011.2566061947174,Normal,None,Normal,None,0.99,All monitored parameters remain within the learned normal operating pattern.,99.0
2026-01-02 22:40:00,26.956267745483203,76.53617407100015,1010.1341345588447,Normal,None,Normal,None,0.99,All monitored parameters remain within the learned normal operating pattern.,99.0
2026-01-02 22:50:00,27.473768561265143,75.8069322839423,1010.6298830693564,Normal,None,Normal,None,0.99,All monitored parameters remain within the learned normal operating pattern.,99.0
2026-01-02 23:00:00,28.292712408834166,77.3684194415414,1011.5372505095789,Normal,None,Normal,None,0.99,All monitored parameters remain within the learned normal operating pattern.,99.0
2026-01-02 23:10:00,26.11467427616061,77.70355128314499,1010.4210492479008,Normal,None,Normal,None,0.99,All monitored parameters remain within the learned normal operating pattern.,99.0
2026-01-02 23:20:00,28.89354140436335,74.05379166970744,1010.6507747426923,Normal,None,Normal,None,0.99,All monitored parameters remain within the learned normal operating pattern.,99.0
2026-01-02 23:30:00,25.7087598645879,72.79667388447264,1011.0852637070401,Normal,None,Normal,None,0.99,All monitored parameters remain within the learned normal operating pattern.,99.0
2026-01-02 23:40:00,27.23341140609938,71.61791028953772,1011.217099307908,Normal,None,Normal,None,0.99,All monitored parameters remain within the learned normal operating pattern.,99.0
2026-01-02 23:50:00,27.910962773341673,76.13536463751707,1010.6707226980536,Normal,None,Normal,None,0.99,All monitored parameters remain within the learned normal operating pattern.,99.0
2026-01-03 00:00:00,27.751597921327857,72.7396579333726,1010.4687453234537,Normal,None,Normal,None,0.99,All monitored parameters remain within the learned normal operating pattern.,99.0
2026-01-03 00:10:00,27.11613145691884,70.4656366685444,1011.4496167282421,Normal,None,Normal,None,0.99,All monitored parameters remain within the learned normal operating pattern.,99.0
2026-01-03 00:20:00,27.5362360811931,75.37168944610409,1011.5787390154146,Normal,None,Normal,None,0.99,All monitored parameters remain within the learned normal operating pattern.,99.0
2026-01-03 00:30:00,27.397696658723532,79.4018042219644,1011.1695045246339,Normal,None,Normal,None,0.99,All monitored parameters remain within the learned normal operating pattern.,99.0
2026-01-03 00:40:00,27.41085402632306,74.22316651316335,1010.6934527430524,Normal,None,Normal,None,0.99,All monitored parameters remain within the learned normal operating pattern.,99.0
2026-01-03 00:50:00,28.653124664910013,75.73009557431689,1010.2173137742993,Normal,None,Normal,None,0.99,All monitored parameters remain within the learned normal operating pattern.,99.0
2026-01-03 01:00:00,28.35096475083705,74.0329539929651,1010.176815126572,Normal,None,Normal,None,0.99,All monitored parameters remain within the learned normal operating pattern.,99.0
2026-01-03 01:10:00,27.60370944382787,73.48614645354492,1010.8238257553907,Normal,None,Normal,None,0.99,All monitored parameters remain within the learned normal operating pattern.,99.0
2026-01-03 01:20:00,28.971140014632315,75.33523273740411,1010.7422428170272,Normal,None,Normal,None,0.99,All monitored parameters remain within the learned normal operating pattern.,99.0
2026-01-03 01:30:00,28.59142351871652,72.72828310759223,1011.2042645961876,Normal,None,Normal,None,0.99,All monitored parameters remain within the learned normal operating pattern.,99.0
2026-01-03 01:40:00,29.090660454628907,73.65404310902834,1010.7990614921611,Normal,None,Normal,None,0.99,All monitored parameters remain within the learned normal operating pattern.,99.0
2026-01-03 01:50:00,29.039485771034585,73.57183021740065,1009.6926199630338,Normal,None,Normal,None,0.99,All monitored parameters remain within the learned normal operating pattern.,99.0
2026-01-03 02:00:00,27.96858546714932,71.40025614093994,1010.9404130861907,Normal,None,Normal,None,0.99,All monitored parameters remain within the learned normal operating pattern.,99.0
2026-01-03 02:10:00,28.280183787433383,74.52742745989113,1009.8856466004944,Normal,None,Normal,None,0.99,All monitored parameters remain within the learned normal operating pattern.,99.0
2026-01-03 02:20:00,29.423220317787475,71.99930961923145,1010.1628903705771,Normal,None,Normal,None,0.99,All monitored parameters remain within the learned normal operating pattern.,99.0
2026-01-03 02:30:00,29.411209231339022,70.64268364302981,1010.4501396436953,Normal,None,Normal,None,0.99,All monitored parameters remain within the learned normal operating pattern.,99.0
2026-01-03 02:40:00,29.00415101246198,73.03127511187422,1011.2930042506898,Normal,None,Normal,None,0.99,All monitored parameters remain within the learned normal operating pattern.,99.0
2026-01-03 02:50:00,29.213085885377794,69.9646160789564,1011.8202311731027,Normal,None,Normal,None,0.99,All monitored parameters remain within the learned normal operating pattern.,99.0
2026-01-03 03:00:00,30.240060590756034,71.62050496648767,1010.5387082338685,Normal,None,Normal,None,0.99,All monitored parameters remain within the learned normal operating pattern.,99.0
2026-01-03 03:10:00,28.843689703109007,71.34786837835624,1010.1137996225273,Normal,None,Normal,None,0.99,All monitored parameters remain within the learned normal operating pattern.,99.0
2026-01-03 03:20:00,29.853916618559946,73.33931370441533,1010.442681402952,Normal,None,Normal,None,0.99,All monitored parameters remain within the learned normal operating pattern.,99.0
2026-01-03 03:30:00,29.354010455533476,71.91786731079871,1010.5892693606235,Normal,None,Normal,None,0.99,All monitored parameters remain within the learned normal operating pattern.,99.0
2026-01-03 03:40:00,29.441339554412423,70.71897704852131,1009.9551063307076,Normal,None,Normal,None,0.99,All monitored parameters remain within the learned normal operating pattern.,99.0
2026-01-03 03:50:00,30.59438004721782,72.20481546714444,1010.9830327502015,Normal,None,Normal,None,0.99,All monitored parameters remain within the learned normal operating pattern.,99.0
2026-01-03 04:00:00,30.47567977427089,73.14972170787368,1010.1704408208535,Normal,None,Normal,None,0.99,All monitored parameters remain within the learned normal operating pattern.,99.0
2026-01-03 04:10:00,30.566216540127986,71.28480295004877,1010.2742498032204,Normal,None,Normal,None,0.99,All monitored parameters remain within the learned normal operating pattern.,99.0
2026-01-03 04:20:00,31.059887916407607,69.98969549831847,1010.328310659231,Normal,None,Normal,None,0.99,All monitored parameters remain within the learned normal operating pattern.,99.0
2026-01-03 04:30:00,30.132397769183775,67.14513814354454,1010.1761125791144,Normal,None,Normal,None,0.99,All monitored parameters remain within the learned normal operating pattern.,99.0
2026-01-03 04:40:00,30.76120056916138,67.43849628959843,1010.3547637396355,Normal,None,Normal,None,0.99,All monitored parameters remain within the learned normal operating pattern.,99.0
2026-01-03 04:50:00,30.06738185793864,68.75836006486387,1009.5966475952785,Normal,None,Normal,None,0.99,All monitored parameters remain within the learned normal operating pattern.,99.0
2026-01-03 05:00:00,30.674758929556187,67.95012390055057,1009.5961135022058,Normal,None,Normal,None,0.99,All monitored parameters remain within the learned normal operating pattern.,99.0
2026-01-03 05:10:00,30.410975490805587,68.59587752542964,1009.2951899517622,Normal,None,Normal,None,0.99,All monitored parameters remain within the learned normal operating pattern.,99.0
2026-01-03 05:20:00,30.692144351258918,68.88420469126473,1010.0350358767839,Normal,None,Normal,None,0.99,All monitored parameters remain within the learned normal operating pattern.,99.0
2026-01-03 05:30:00,31.1898845413978,69.63186766661693,1010.1747902147735,Normal,None,Normal,None,0.99,All monitored parameters remain within the learned normal operating pattern.,99.0
2026-01-03 05:40:00,30.158107650366617,68.23363404997504,1009.9842666082611,Normal,None,Normal,None,0.99,All monitored parameters remain within the learned normal operating pattern.,99.0
2026-01-03 05:50:00,32.585193579483324,69.15043576978249,1010.562709114802,Normal,None,Normal,None,0.99,All monitored parameters remain within the learned normal operating pattern.,99.0
2026-01-03 06:00:00,30.204704184290183,68.10991265064035,1009.6927751201273,Normal,None,Normal,None,0.99,All monitored parameters remain within the learned normal operating pattern.,99.0
2026-01-03 06:10:00,30.13599692726548,63.834371232300924,1010.0000846921607,Normal,None,Normal,None,0.99,All monitored parameters remain within the learned normal operating pattern.,99.0
2026-01-03 06:20:00,32.131222432789244,65.71186174438412,1009.0900376564089,Normal,None,Normal,None,0.99,All monitored parameters remain within the learned normal operating pattern.,99.0
2026-01-03 06:30:00,31.93496696305218,67.1085512727931,1009.4125489571732,Normal,None,Normal,None,0.99,All monitored parameters remain within the learned normal operating pattern.,99.0
2026-01-03 06:40:00,31.89731405524407,64.78457411111309,1009.9241178698131,Normal,None,Normal,None,0.99,All monitored parameters remain within the learned normal operating pattern.,99.0
2026-01-03 06:50:00,31.996515694073963,68.21217888666735,1009.9711926786258,Normal,None,Normal,None,0.99,All monitored parameters remain within the learned normal operating pattern.,99.0
2026-01-03 07:00:00,31.579264240861562,69.8833783464092,1009.3699962079122,Normal,None,Normal,None,0.99,All monitored parameters remain within the learned normal operating pattern.,99.0
2026-01-03 07:10:00,30.96584365787675,69.0702293932638,1009.4515665126822,Normal,None,Normal,None,0.99,All monitored parameters remain within the learned normal operating pattern.,99.0
2026-01-03 07:20:00,31.838201512282243,66.01799852668506,1008.6988670877759,Normal,None,Normal,None,0.99,All monitored parameters remain within the learned normal operating pattern.,99.0
2026-01-03 07:30:00,31.32902678364641,69.2399399679877,1009.2497815109703,Normal,None,Normal,None,0.99,All monitored parameters remain within the learned normal operating pattern.,99.0
2026-01-03 07:40:00,32.743300450448274,66.37092558697607,1009.8440371278137,Normal,None,Normal,None,0.99,All monitored parameters remain within the learned normal operating pattern.,99.0
2026-01-03 07:50:00,31.937220440862802,65.2160953656349,1009.6570577241414,Normal,None,Normal,None,0.99,All monitored parameters remain within the learned normal operating pattern.,99.0
2026-01-03 08:00:00,31.485306705588034,64.48178574687404,1009.5904609270622,Normal,None,Normal,None,0.99,All monitored parameters remain within the learned normal operating pattern.,99.0
2026-01-03 08:10:00,31.978573934453845,64.92369541147126,1009.3357538790594,Normal,None,Normal,None,0.99,All monitored parameters remain within the learned normal operating pattern.,99.0
2026-01-03 08:20:00,32.65510988160358,64.57411692655138,1009.2852066346338,Normal,None,Normal,None,0.99,All monitored parameters remain within the learned normal operating pattern.,99.0
2026-01-03 08:30:00,31.961935448974995,65.51500226231462,1008.9223944812081,Normal,None,Normal,None,0.99,All monitored parameters remain within the learned normal operating pattern.,99.0
2026-01-03 08:40:00,31.842322080832986,65.32095116752747,1009.5729241502542,Normal,None,Normal,None,0.99,All monitored parameters remain within the learned normal operating pattern.,99.0
2026-01-03 08:50:00,32.78122946357372,64.83353265154643,1009.4050291054433,Normal,None,Normal,None,0.99,All monitored parameters remain within the learned normal operating pattern.,99.0
2026-01-03 09:00:00,32.8673976989736,65.53102745531946,1009.411665456737,Normal,None,Normal,None,0.99,All monitored parameters remain within the learned normal operating pattern.,99.0
2026-01-03 09:10:00,32.34994397513111,66.87029551871665,1008.8738356117168,Normal,None,Normal,None,0.99,All monitored parameters remain within the learned normal operating pattern.,99.0
2026-01-03 09:20:00,32.461637574045575,66.22217183380218,1008.0314650602882,Normal,None,Normal,None,0.99,All monitored parameters remain within the learned normal operating pattern.,99.0
2026-01-03 09:30:00,33.10594024806336,61.18960346674569,1009.6280857275162,Normal,None,Normal,None,0.99,All monitored parameters remain within the learned normal operating pattern.,99.0
2026-01-03 09:40:00,31.84249448384081,58.890233816118744,1008.8115557277181,Normal,None,Normal,None,0.99,All monitored parameters remain within the learned normal operating pattern.,99.0
2026-01-03 09:50:00,31.95444984741325,65.70779808864955,1008.5911467496343,Normal,None,Normal,None,0.99,All monitored parameters remain within the learned normal operating pattern.,99.0
2026-01-03 10:00:00,32.583889804639895,60.94895223988547,1009.3409322050521,Normal,None,Normal,None,0.99,All monitored parameters remain within the learned normal operating pattern.,99.0
2026-01-03 10:10:00,33.06484582849907,63.07926209647755,1008.7699453279218,Normal,None,Normal,None,0.99,All monitored parameters remain within the learned normal operating pattern.,99.0
2026-01-03 10:20:00,33.55999118009675,61.03724369264459,1009.4677823497815,Normal,None,Normal,None,0.99,All monitored parameters remain within the learned normal operating pattern.,99.0
2026-01-03 10:30:00,34.565884564212475,59.62483994353429,1009.218286072875,Normal,None,Normal,None,0.99,All monitored parameters remain within the learned normal operating pattern.,99.0
2026-01-03 10:40:00,34.144704845186595,64.1657711631596,1009.2236459391645,Normal,None,Normal,None,0.99,All monitored parameters remain within the learned normal operating pattern.,99.0
2026-01-03 10:50:00,33.40221772304885,64.4579732265661,1008.1710736383417,Normal,None,Normal,None,0.99,All monitored parameters remain within the learned normal operating pattern.,99.0
2026-01-03 11:00:00,33.58513213255358,61.6462890007951,1009.4323285264387,Normal,None,Normal,None,0.99,All monitored parameters remain within the learned normal operating pattern.,99.0
2026-01-03 11:10:00,32.86705518457627,57.47975806313715,1008.929404437612,Normal,None,Normal,None,0.99,All monitored parameters remain within the learned normal operating pattern.,99.0
2026-01-03 11:20:00,33.72153122287772,61.43482764015175,1008.5866836023042,Normal,None,Normal,None,0.99,All monitored parameters remain within the learned normal operating pattern.,99.0
2026-01-03 11:30:00,33.57118039568199,63.17939339716889,1008.8156825183902,Normal,None,Normal,None,0.99,All monitored parameters remain within the learned normal operating pattern.,99.0
2026-01-03 11:40:00,34.12452389195522,59.30947877508224,1007.8286626327621,Normal,None,Normal,None,0.99,All monitored parameters remain within the learned normal operating pattern.,99.0
2026-01-03 11:50:00,33.26725644012436,62.50863744962587,1008.8940271973744,Normal,None,Normal,None,0.99,All monitored parameters remain within the learned normal operating pattern.,99.0
2026-01-03 12:00:00,34.405635845805136,61.98906303282961,1008.1480668712439,Normal,None,Normal,None,0.99,All monitored parameters remain within the learned normal operating pattern.,99.0
2026-01-03 12:10:00,35.27586799729972,63.059229265406856,1007.9596033075841,Normal,None,Normal,None,0.99,All monitored parameters remain within the learned normal operating pattern.,99.0
2026-01-03 12:20:00,34.02056391947477,62.02401666034778,1007.8480813608033,Normal,None,Normal,None,0.99,All monitored parameters remain within the learned normal operating pattern.,99.0
2026-01-03 12:30:00,34.485190322439934,59.72622022871533,1009.1390669961203,Normal,None,Normal,None,0.99,All monitored parameters remain within the learned normal operating pattern.,99.0
2026-01-03 12:40:00,34.77051623595177,63.95634091816323,1008.2416949769066,Normal,None,Normal,None,0.99,All monitored parameters remain within the learned normal operating pattern.,99.0
2026-01-03 12:50:00,33.95031407915974,61.140359940609244,1009.296939049132,Normal,None,Normal,None,0.99,All monitored parameters remain within the learned normal operating pattern.,99.0
2026-01-03 13:00:00,34.50174197503299,61.30045494181082,1008.2360702687455,Normal,None,Normal,None,0.99,All monitored parameters remain within the learned normal operating pattern.,99.0
2026-01-03 13:10:00,34.38198705062548,59.38963782185352,1007.6243377288768,Normal,None,Normal,None,0.99,All monitored parameters remain within the learned normal operating pattern.,99.0
2026-01-03 13:20:00,34.49774693974384,60.27422337580743,1007.89395269701,Normal,None,Normal,None,0.99,All monitored parameters remain within the learned normal operating pattern.,99.0
2026-01-03 13:30:00,33.8471198404689,59.29933923683965,1009.0444740235343,Normal,None,Normal,None,0.99,All monitored parameters remain within the learned normal operating pattern.,99.0
2026-01-03 13:40:00,34.529267684532314,60.63478878990283,1008.3231300781302,Normal,None,Normal,None,0.99,All monitored parameters remain within the learned normal operating pattern.,99.0
2026-01-03 13:50:00,34.95038263909802,64.31944894808137,1008.101606683431,Normal,None,Normal,None,0.99,All monitored parameters remain within the learned normal operating pattern.,99.0
2026-01-03 14:00:00,35.75339897359055,58.07122953942826,1008.4305933581261,Normal,None,Normal,None,0.99,All monitored parameters remain within the learned normal operating pattern.,99.0
2026-01-03 14:10:00,35.398560217812836,57.51059009035718,1008.5764747973809,Normal,None,Normal,None,0.99,All monitored parameters remain within the learned normal operating pattern.,99.0
2026-01-03 14:20:00,36.39049288663702,63.606446813731665,1008.8594497969884,Normal,None,Normal,None,0.99,All monitored parameters remain within the learned normal operating pattern.,99.0
2026-01-03 14:30:00,34.08900137775368,60.17559378956803,1009.0003372276232,Normal,None,Normal,None,0.99,All monitored parameters remain within the learned normal operating pattern.,99.0
2026-01-03 14:40:00,35.43378358810691,59.190000365219426,1008.0717132485187,Normal,None,Normal,None,0.99,All monitored parameters remain within the learned normal operating pattern.,99.0
2026-01-03 14:50:00,34.91375023212151,62.545656119730495,1007.5642588760943,Normal,None,Normal,None,0.99,All monitored parameters remain within the learned normal operating pattern.,99.0
2026-01-03 15:00:00,36.548157936680035,59.19613774031448,1007.9964129116169,Requires Investigation,Multiple,Suspicious,Medium,0.65,"The machine-learning model detected an unusual pattern, but the available rule-based evidence is insufficient to classify it as a confirmed sensor fault or genuine weather event.",65.0
2026-01-03 15:10:00,34.176993619551524,64.00475493142258,1008.309328562371,Normal,None,Normal,None,0.99,All monitored parameters remain within the learned normal operating pattern.,99.0
2026-01-03 15:20:00,34.177238178791896,61.6578204376055,1007.6735341072304,Normal,None,Normal,None,0.99,All monitored parameters remain within the learned normal operating pattern.,99.0
2026-01-03 15:30:00,34.392941514493984,59.27926592201019,1007.6532482007153,Normal,None,Normal,None,0.99,All monitored parameters remain within the learned normal operating pattern.,99.0
2026-01-03 15:40:00,33.194826208868164,64.526730849899,1008.2803148770324,Normal,None,Normal,None,0.99,All monitored parameters remain within the learned normal operating pattern.,99.0
2026-01-03 15:50:00,34.492864495801435,58.96163312770123,1008.060881573775,Normal,None,Normal,None,0.99,All monitored parameters remain within the learned normal operating pattern.,99.0
2026-01-03 16:00:00,34.32371885042377,61.622140784685165,1008.0785849217251,Normal,None,Normal,None,0.99,All monitored parameters remain within the learned normal operating pattern.,99.0
2026-01-03 16:10:00,35.06692018064115,60.705374857892615,1007.6601115990096,Normal,None,Normal,None,0.99,All monitored parameters remain within the learned normal operating pattern.,99.0
2026-01-03 16:20:00,35.23360756480515,62.68307701043075,1007.901528206747,Normal,None,Normal,None,0.99,All monitored parameters remain within the learned normal operating pattern.,99.0
2026-01-03 16:30:00,36.47274909944363,63.17939753731185,1007.5321800119406,Normal,None,Normal,None,0.99,All monitored parameters remain within the learned normal operating pattern.,99.0
2026-01-03 16:40:00,35.741768500667725,60.10114943789376,1008.4171647802685,Normal,None,Normal,None,0.99,All monitored parameters remain within the learned normal operating pattern.,99.0
2026-01-03 16:50:00,34.527527011420155,58.515064387407485,1008.4676624306413,Normal,None,Normal,None,0.99,All monitored parameters remain within the learned normal operating pattern.,99.0
2026-01-03 17:00:00,34.27593915427992,60.930602503161026,1007.0051214258503,Normal,None,Normal,None,0.99,All monitored parameters remain within the learned normal operating pattern.,99.0
2026-01-03 17:10:00,35.39182538073924,58.64798917342772,1007.4418451122734,Normal,None,Normal,None,0.99,All monitored parameters remain within the learned normal operating pattern.,99.0
2026-01-03 17:20:00,33.943719376347765,64.02696261112469,1007.1369308577279,Normal,None,Normal,None,0.99,All monitored parameters remain within the learned normal operating pattern.,99.0
2026-01-03 17:30:00,36.46468495170042,60.274034784131594,1007.5389903632511,Normal,None,Normal,None,0.99,All monitored parameters remain within the learned normal operating pattern.,99.0
2026-01-03 17:40:00,35.94067828677589,59.27510451697806,1007.8013042165619,Normal,None,Normal,None,0.99,All monitored parameters remain within the learned normal operating pattern.,99.0
2026-01-03 17:50:00,34.61739113241007,60.383897303542156,1007.0974375905288,Normal,None,Normal,None,0.99,All monitored parameters remain within the learned normal operating pattern.,99.0
2026-01-03 18:00:00,33.61582846870567,57.33307523698386,1007.3407855010965,Normal,None,Normal,None,0.99,All monitored parameters remain within the learned normal operating pattern.,99.0
2026-01-03 18:10:00,36.061039966448185,58.100887788746995,1007.2794121958368,Requires Investigation,Multiple,Suspicious,Medium,0.65,"The machine-learning model detected an unusual pattern, but the available rule-based evidence is insufficient to classify it as a confirmed sensor fault or genuine weather event.",65.0
2026-01-03 18:20:00,34.87592106752706,62.46572192843055,1007.8649223242393,Normal,None,Normal,None,0.99,All monitored parameters remain within the learned normal operating pattern.,99.0
2026-01-03 18:30:00,35.9454259352311,58.77586567075254,1007.776082923396,Normal,None,Normal,None,0.99,All monitored parameters remain within the learned normal operating pattern.,99.0
2026-01-03 18:40:00,58.66526472762633,58.024564325312475,1007.3608903829783,Likely Sensor Fault,Temperature,Confirmed Anomaly,High,0.95,Temperature changed by +22.72°C in 10 minutes while the other parameters did not show a corresponding large change. This indicates an isolated temperature anomaly.,95.0
2026-01-03 18:50:00,34.44496059012477,61.22438428807899,1007.7907462789963,Recovery Reading,Temperature,Suspicious,Low,0.85,The sensor value rapidly moved back in the opposite direction following a detected anomaly. This reading is treated as a recovery rather than a separate anomaly.,85.0
2026-01-03 19:00:00,34.91033565828107,62.559126912312934,1007.4098027086288,Normal,None,Normal,None,0.99,All monitored parameters remain within the learned normal operating pattern.,99.0
2026-01-03 19:10:00,34.923438942126516,61.66619768710069,1007.5283542516092,Normal,None,Normal,None,0.99,All monitored parameters remain within the learned normal operating pattern.,99.0
2026-01-03 19:20:00,34.50355766760333,62.264875282038176,1008.4821809555017,Normal,None,Normal,None,0.99,All monitored parameters remain within the learned normal operating pattern.,99.0
2026-01-03 19:30:00,35.33769629269396,58.807577129229145,1008.2971944639831,Normal,None,Normal,None,0.99,All monitored parameters remain within the learned normal operating pattern.,99.0
2026-01-03 19:40:00,33.95918672623571,57.52981252703274,1006.9589201243004,Normal,None,Normal,None,0.99,All monitored parameters remain within the learned normal operating pattern.,99.0
2026-01-03 19:50:00,34.671317099446156,63.432225928984586,1008.0055633622812,Normal,None,Normal,None,0.99,All monitored parameters remain within the learned normal operating pattern.,99.0
2026-01-03 20:00:00,34.8514769524106,59.844159428233574,1007.9786232520182,Normal,None,Normal,None,0.99,All monitored parameters remain within the learned normal operating pattern.,99.0
2026-01-03 20:10:00,35.13490543143748,60.05162523870894,1006.9812643434427,Normal,None,Normal,None,0.99,All monitored parameters remain within the learned normal operating pattern.,99.0
2026-01-03 20:20:00,35.258867120936,63.27723784676834,1007.9475007707541,Normal,None,Normal,None,0.99,All monitored parameters remain within the learned normal operating pattern.,99.0
2026-01-03 20:30:00,33.754202874664,61.80462692253273,1008.2900405490032,Normal,None,Normal,None,0.99,All monitored parameters remain within the learned normal operating pattern.,99.0
2026-01-03 20:40:00,33.38910130817077,61.67899025464466,1006.9430132145916,Normal,None,Normal,None,0.99,All monitored parameters remain within the learned normal operating pattern.,99.0
2026-01-03 20:50:00,35.599160004981876,65.17596759487603,1007.0289953043663,Normal,None,Normal,None,0.99,All monitored parameters remain within the learned normal operating pattern.,99.0
2026-01-03 21:00:00,34.801661246487775,59.64134346543151,1007.9802902718867,Normal,None,Normal,None,0.99,All monitored parameters remain within the learned normal operating pattern.,99.0
2026-01-03 21:10:00,33.89399439970603,62.87011299825993,1007.5911733758676,Normal,None,Normal,None,0.99,All monitored parameters remain within the learned normal operating pattern.,99.0
2026-01-03 21:20:00,35.68887814848264,61.218113113664934,1007.7153850050425,Normal,None,Normal,None,0.99,All monitored parameters remain within the learned normal operating pattern.,99.0
2026-01-03 21:30:00,34.493886527818205,61.73449091695867,1007.5944191686019,Normal,None,Normal,None,0.99,All monitored parameters remain within the learned normal operating pattern.,99.0
2026-01-03 21:40:00,35.29641081377917,64.35099071976884,1007.6042083151823,Normal,None,Normal,None,0.99,All monitored parameters remain within the learned normal operating pattern.,99.0
2026-01-03 21:50:00,34.35686947923638,62.40996212436266,1006.7306197156821,Normal,None,Normal,None,0.99,All monitored parameters remain within the learned normal operating pattern.,99.0
2026-01-03 22:00:00,35.899610129863035,62.57456857818437,1007.9027711925211,Normal,None,Normal,None,0.99,All monitored parameters remain within the learned normal operating pattern.,99.0
2026-01-03 22:10:00,35.601737806034414,63.750084410459905,1007.9494265063349,Normal,None,Normal,None,0.99,All monitored parameters remain within the learned normal operating pattern.,99.0
2026-01-03 22:20:00,33.94306486254025,60.985622178267214,1007.2357193715073,Normal,None,Normal,None,0.99,All monitored parameters remain within the learned normal operating pattern.,99.0
2026-01-03 22:30:00,34.8626038335424,60.15088651976415,1007.3147249890765,Normal,None,Normal,None,0.99,All monitored parameters remain within the learned normal operating pattern.,99.0
2026-01-03 22:40:00,34.54312136657571,59.85674039814275,1006.5572253180801,Normal,None,Normal,None,0.99,All monitored parameters remain within the learned normal operating pattern.,99.0
2026-01-03 22:50:00,35.061585486429784,58.13392634044018,1007.5664903088428,Normal,None,Normal,None,0.99,All monitored parameters remain within the learned normal operating pattern.,99.0
2026-01-03 23:00:00,33.13301130832986,66.30251410629276,1007.5822451135585,Normal,None,Normal,None,0.99,All monitored parameters remain within the learned normal operating pattern.,99.0
2026-01-03 23:10:00,34.390496024773846,60.11027355500645,1007.2522452637368,Normal,None,Normal,None,0.99,All monitored parameters remain within the learned normal operating pattern.,99.0
2026-01-03 23:20:00,34.623559537779954,62.003852856227894,1007.8329140395044,Normal,None,Normal,None,0.99,All monitored parameters remain within the learned normal operating pattern.,99.0
2026-01-03 23:30:00,32.30347974727233,62.02543072740051,1007.0913688020648,Normal,None,Normal,None,0.99,All monitored parameters remain within the learned normal operating pattern.,99.0
2026-01-03 23:40:00,32.69602880268927,63.32954216997442,1007.5286551445938,Normal,None,Normal,None,0.99,All monitored parameters remain within the learned normal operating pattern.,99.0
2026-01-03 23:50:00,31.941954223056847,64.48479449454874,1006.7247406904279,Normal,None,Normal,None,0.99,All monitored parameters remain within the learned normal operating pattern.,99.0
2026-01-04 00:00:00,33.28708669903546,64.71572264353729,1007.2112945567802,Normal,None,Normal,None,0.99,All monitored parameters remain within the learned normal operating pattern.,99.0
2026-01-04 00:10:00,34.00451436827708,61.972883995581505,1007.1246695225426,Normal,None,Normal,None,0.99,All monitored parameters remain within the learned normal operating pattern.,99.0
2026-01-04 00:20:00,34.5588597075569,62.95180844066703,1007.3135560032616,Normal,None,Normal,None,0.99,All monitored parameters remain within the learned normal operating pattern.,99.0
2026-01-04 00:30:00,33.34139795815485,64.00091563333854,1007.0054744366859,Normal,None,Normal,None,0.99,All monitored parameters remain within the learned normal operating pattern.,99.0
2026-01-04 00:40:00,34.508847203656515,63.09070821323395,1007.1141189987836,Normal,None,Normal,None,0.99,All monitored parameters remain within the learned normal operating pattern.,99.0
2026-01-04 00:50:00,32.024421326401935,66.95768616609229,1007.5827788548442,Normal,None,Normal,None,0.99,All monitored parameters remain within the learned normal operating pattern.,99.0
2026-01-04 01:00:00,31.687090401585777,64.8823571971367,1006.9415567120122,Normal,None,Normal,None,0.99,All monitored parameters remain within the learned normal operating pattern.,99.0
2026-01-04 01:10:00,32.92542973283217,65.53001978820069,1006.3471184143763,Normal,None,Normal,None,0.99,All monitored parameters remain within the learned normal operating pattern.,99.0
2026-01-04 01:20:00,33.196001503117294,65.54826424940313,1008.0159525786564,Normal,None,Normal,None,0.99,All monitored parameters remain within the learned normal operating pattern.,99.0
2026-01-04 01:30:00,32.78031682204951,66.7340024739211,1007.8229277818793,Normal,None,Normal,None,0.99,All monitored parameters remain within the learned normal operating pattern.,99.0
2026-01-04 01:40:00,31.06911761702244,64.91590052329873,1006.4773968629092,Normal,None,Normal,None,0.99,All monitored parameters remain within the learned normal operating pattern.,99.0
2026-01-04 01:50:00,32.56728256817848,62.12917890451089,1007.4599978019434,Normal,None,Normal,None,0.99,All monitored parameters remain within the learned normal operating pattern.,99.0
2026-01-04 02:00:00,31.509452791967533,65.69331911876245,1006.855561263938,Normal,None,Normal,None,0.99,All monitored parameters remain within the learned normal operating pattern.,99.0
2026-01-04 02:10:00,33.00219300134719,63.76437628785003,1007.230986878946,Normal,None,Normal,None,0.99,All monitored parameters remain within the learned normal operating pattern.,99.0
2026-01-04 02:20:00,32.672171603977304,64.18498062230083,1007.2388406121228,Normal,None,Normal,None,0.99,All monitored parameters remain within the learned normal operating pattern.,99.0
2026-01-04 02:30:00,31.538473791524215,66.59197279633798,1006.9673013310332,Normal,None,Normal,None,0.99,All monitored parameters remain within the learned normal operating pattern.,99.0
2026-01-04 02:40:00,31.789850744760983,68.0746775856066,1006.685691212986,Normal,None,Normal,None,0.99,All monitored parameters remain within the learned normal operating pattern.,99.0
2026-01-04 02:50:00,31.26325800751509,65.82128550341962,1006.7256651597221,Normal,None,Normal,None,0.99,All monitored parameters remain within the learned normal operating pattern.,99.0
2026-01-04 03:00:00,31.969324179288616,66.57873111098363,1006.6064948589143,Normal,None,Normal,None,0.99,All monitored parameters remain within the learned normal operating pattern.,99.0
2026-01-04 03:10:00,32.69161056763948,69.5494364667935,1006.6426289697403,Normal,None,Normal,None,0.99,All monitored parameters remain within the learned normal operating pattern.,99.0
2026-01-04 03:20:00,31.046172611106115,66.81199946262804,1007.0191949187388,Normal,None,Normal,None,0.99,All monitored parameters remain within the learned normal operating pattern.,99.0
2026-01-04 03:30:00,32.14451205069936,71.72081655179062,1006.6894433685721,Normal,None,Normal,None,0.99,All monitored parameters remain within the learned normal operating pattern.,99.0
2026-01-04 03:40:00,31.222892251959955,67.83682259794728,1007.3831845519635,Normal,None,Normal,None,0.99,All monitored parameters remain within the learned normal operating pattern.,99.0
2026-01-04 03:50:00,30.91796345227344,63.373951045521736,1007.780913126885,Normal,None,Normal,None,0.99,All monitored parameters remain within the learned normal operating pattern.,99.0
2026-01-04 04:00:00,31.371178673962802,68.59307731835617,1006.7426918205902,Normal,None,Normal,None,0.99,All monitored parameters remain within the learned normal operating pattern.,99.0
2026-01-04 04:10:00,30.53256647895812,68.04079609597832,1007.1481464036218,Normal,None,Normal,None,0.99,All monitored parameters remain within the learned normal operating pattern.,99.0
2026-01-04 04:20:00,30.821252891420908,70.05116083676819,1007.2743101688869,Normal,None,Normal,None,0.99,All monitored parameters remain within the learned normal operating pattern.,99.0
2026-01-04 04:30:00,30.20877535556442,69.01220736326891,1007.2567903563258,Normal,None,Normal,None,0.99,All monitored parameters remain within the learned normal operating pattern.,99.0
2026-01-04 04:40:00,32.64129535939634,67.584057525906,1007.0553869772773,Normal,None,Normal,None,0.99,All monitored parameters remain within the learned normal operating pattern.,99.0
2026-01-04 04:50:00,30.99973502938697,65.6083551518021,1007.3856695289365,Normal,None,Normal,None,0.99,All monitored parameters remain within the learned normal operating pattern.,99.0
2026-01-04 05:00:00,30.313363341105443,67.83566599042892,1007.2526709352358,Normal,None,Normal,None,0.99,All monitored parameters remain within the learned normal operating pattern.,99.0
2026-01-04 05:10:00,30.945597290402095,66.75013236795196,1006.3902328283126,Normal,None,Normal,None,0.99,All monitored parameters remain within the learned normal operating pattern.,99.0
2026-01-04 05:20:00,30.585510160938078,67.48820789900907,1007.441459342431,Normal,None,Normal,None,0.99,All monitored parameters remain within the learned normal operating pattern.,99.0
2026-01-04 05:30:00,30.399285478831263,70.02503449192552,1007.4486439085175,Normal,None,Normal,None,0.99,All monitored parameters remain within the learned normal operating pattern.,99.0
2026-01-04 05:40:00,30.967852197966693,72.3867713328389,1006.6217727149877,Normal,None,Normal,None,0.99,All monitored parameters remain within the learned normal operating pattern.,99.0
2026-01-04 05:50:00,30.98279170250005,70.03577199072154,1007.0211022181269,Normal,None,Normal,None,0.99,All monitored parameters remain within the learned normal operating pattern.,99.0
2026-01-04 06:00:00,29.852500301852967,67.05443143604685,1007.3428157147704,Normal,None,Normal,None,0.99,All monitored parameters remain within the learned normal operating pattern.,99.0
2026-01-04 06:10:00,29.71625133426992,70.53539348286895,1006.8958127095766,Normal,None,Normal,None,0.99,All monitored parameters remain within the learned normal operating pattern.,99.0
2026-01-04 06:20:00,29.856798374168775,72.23958350951112,1007.5365775955862,Normal,None,Normal,None,0.99,All monitored parameters remain within the learned normal operating pattern.,99.0
2026-01-04 06:30:00,28.135205808777794,68.8269487102287,1008.1819443608663,Normal,None,Normal,None,0.99,All monitored parameters remain within the learned normal operating pattern.,99.0
2026-01-04 06:40:00,28.66450222070979,69.9786555257169,1006.6072352366706,Normal,None,Normal,None,0.99,All monitored parameters remain within the learned normal operating pattern.,99.0
2026-01-04 06:50:00,30.87011624947141,70.47614271842681,1006.3102266663633,Normal,None,Normal,None,0.99,All monitored parameters remain within the learned normal operating pattern.,99.0
2026-01-04 07:00:00,30.992642300614374,69.07686711420882,1007.1534795040395,Normal,None,Normal,None,0.99,All monitored parameters remain within the learned normal operating pattern.,99.0
2026-01-04 07:10:00,29.377620179939573,72.14286284451838,1007.3634731381543,Normal,None,Normal,None,0.99,All monitored parameters remain within the learned normal operating pattern.,99.0
2026-01-04 07:20:00,29.938445057560664,70.80370472855233,1006.8886807066889,Normal,None,Normal,None,0.99,All monitored parameters remain within the learned normal operating pattern.,99.0
2026-01-04 07:30:00,29.626759618357486,72.08354589836874,1007.732466419473,Normal,None,Normal,None,0.99,All monitored parameters remain within the learned normal operating pattern.,99.0
2026-01-04 07:40:00,31.741673535505956,69.66787786691226,1006.3385553957704,Normal,None,Normal,None,0.99,All monitored parameters remain within the learned normal operating pattern.,99.0
2026-01-04 07:50:00,30.07532735270728,70.76574855223394,1007.3566396259615,Normal,None,Normal,None,0.99,All monitored parameters remain within the learned normal operating pattern.,99.0
2026-01-04 08:00:00,28.978760664493723,73.28257324029887,1006.7098715012091,Normal,None,Normal,None,0.99,All monitored parameters remain within the learned normal operating pattern.,99.0
2026-01-04 08:10:00,28.218457985348977,71.28855302015783,1007.8754117774815,Normal,None,Normal,None,0.99,All monitored parameters remain within the learned normal operating pattern.,99.0
2026-01-04 08:20:00,27.599936526933337,75.68374053618803,1008.015200436724,Normal,None,Normal,None,0.99,All monitored parameters remain within the learned normal operating pattern.,99.0
2026-01-04 08:30:00,28.95051457804997,71.62524029005841,1006.639133102347,Normal,None,Normal,None,0.99,All monitored parameters remain within the learned normal operating pattern.,99.0
2026-01-04 08:40:00,28.0857990169115,73.06761022522589,1006.7514998121544,Normal,None,Normal,None,0.99,All monitored parameters remain within the learned normal operating pattern.,99.0
2026-01-04 08:50:00,27.456737268742952,74.676101190904,1007.4601872727803,Normal,None,Normal,None,0.99,All monitored parameters remain within the learned normal operating pattern.,99.0
2026-01-04 09:00:00,27.981505843456908,70.16574023243207,1006.8412405065732,Normal,None,Normal,None,0.99,All monitored parameters remain within the learned normal operating pattern.,99.0
2026-01-04 09:10:00,27.538351339425,69.67120289140541,1007.0168098355449,Normal,None,Normal,None,0.99,All monitored parameters remain within the learned normal operating pattern.,99.0
2026-01-04 09:20:00,29.658768463619147,70.33057705973762,1007.0572159067901,Normal,None,Normal,None,0.99,All monitored parameters remain within the learned normal operating pattern.,99.0
2026-01-04 09:30:00,28.92051008445469,76.0947716490641,1006.0899875077691,Normal,None,Normal,None,0.99,All monitored parameters remain within the learned normal operating pattern.,99.0
2026-01-04 09:40:00,28.11567861595784,72.65217025019284,1007.0485032082144,Normal,None,Normal,None,0.99,All monitored parameters remain within the learned normal operating pattern.,99.0
2026-01-04 09:50:00,29.213623147019405,79.05706289952174,1006.7164512347513,Normal,None,Normal,None,0.99,All monitored parameters remain within the learned normal operating pattern.,99.0
2026-01-04 10:00:00,27.999963274044553,72.9953675468323,1006.8209412057541,Normal,None,Normal,None,0.99,All monitored parameters remain within the learned normal operating pattern.,99.0
2026-01-04 10:10:00,27.15826845585218,74.67451097256449,1007.7957999485244,Normal,None,Normal,None,0.99,All monitored parameters remain within the learned normal operating pattern.,99.0
2026-01-04 10:20:00,28.975885045324688,77.56944833811784,1006.4525050147256,Normal,None,Normal,None,0.99,All monitored parameters remain within the learned normal operating pattern.,99.0
2026-01-04 10:30:00,28.09950259750253,78.67543665120864,1007.4944280767512,Normal,None,Normal,None,0.99,All monitored parameters remain within the learned normal operating pattern.,99.0
2026-01-04 10:40:00,26.750500905203907,78.96241149594266,1006.955702838048,Normal,None,Normal,None,0.99,All monitored parameters remain within the learned normal operating pattern.,99.0
2026-01-04 10:50:00,27.340919939454604,77.4303506973433,1006.9629540997778,Normal,None,Normal,None,0.99,All monitored parameters remain within the learned normal operating pattern.,99.0
2026-01-04 11:00:00,26.706594031019115,77.23394778416908,1007.5059603073245,Normal,None,Normal,None,0.99,All monitored parameters remain within the learned normal operating pattern.,99.0
2026-01-04 11:10:00,26.215785808041808,76.54100271277582,1007.2890296807157,Normal,None,Normal,None,0.99,All monitored parameters remain within the learned normal operating pattern.,99.0
2026-01-04 11:20:00,27.978977889436177,77.08065044951155,1007.4128288804245,Normal,None,Normal,None,0.99,All monitored parameters remain within the learned normal operating pattern.,99.0
2026-01-04 11:30:00,27.978977889436177,74.58732242417369,1007.6204208811816,Normal,None,Normal,None,0.99,All monitored parameters remain within the learned normal operating pattern.,99.0
2026-01-04 11:40:00,27.978977889436177,74.21678128966985,1006.9797674667675,Frozen Sensor,Temperature,Confirmed Anomaly,High,0.95,"Temperature sensor value remained unchanged across multiple consecutive readings, indicating a possible frozen or stuck sensor.",95.0
2026-01-04 11:50:00,27.978977889436177,76.00756945853152,1006.8486824257682,Frozen Sensor,Temperature,Confirmed Anomaly,High,0.95,"Temperature sensor value remained unchanged across multiple consecutive readings, indicating a possible frozen or stuck sensor.",95.0
2026-01-04 12:00:00,27.978977889436177,75.83267797962306,1006.6218897518409,Frozen Sensor,Temperature,Confirmed Anomaly,High,0.95,"Temperature sensor value remained unchanged across multiple consecutive readings, indicating a possible frozen or stuck sensor.",95.0
2026-01-04 12:10:00,27.978977889436177,75.42284589522892,1006.7617080913129,Frozen Sensor,Temperature,Confirmed Anomaly,High,0.95,"Temperature sensor value remained unchanged across multiple consecutive readings, indicating a possible frozen or stuck sensor.",95.0
2026-01-04 12:20:00,27.978977889436177,77.87579495089096,1008.6591920324056,Frozen Sensor,Temperature,Confirmed Anomaly,High,0.95,"Temperature sensor value remained unchanged across multiple consecutive readings, indicating a possible frozen or stuck sensor.",95.0
2026-01-04 12:30:00,27.978977889436177,78.54475021976991,1007.8174981706479,Frozen Sensor,Temperature,Confirmed Anomaly,High,0.95,"Temperature sensor value remained unchanged across multiple consecutive readings, indicating a possible frozen or stuck sensor.",95.0
2026-01-04 12:40:00,27.978977889436177,76.95941443946819,1006.5304158013299,Frozen Sensor,Temperature,Confirmed Anomaly,High,0.95,"Temperature sensor value remained unchanged across multiple consecutive readings, indicating a possible frozen or stuck sensor.",95.0
2026-01-04 12:50:00,27.978977889436177,79.88340330954944,1006.555798572229,Frozen Sensor,Temperature,Confirmed Anomaly,High,0.95,"Temperature sensor value remained unchanged across multiple consecutive readings, indicating a possible frozen or stuck sensor.",95.0
2026-01-04 13:00:00,27.978977889436177,74.78793060421482,1007.469313999974,Frozen Sensor,Temperature,Confirmed Anomaly,High,0.95,"Temperature sensor value remained unchanged across multiple consecutive readings, indicating a possible frozen or stuck sensor.",95.0
2026-01-04 13:10:00,26.354089300886322,76.8241215045493,1007.5136445010583,Normal,None,Normal,None,0.99,All monitored parameters remain within the learned normal operating pattern.,99.0
2026-01-04 13:20:00,26.134500684364074,75.91503711507998,1007.5263617025897,Normal,None,Normal,None,0.99,All monitored parameters remain within the learned normal operating pattern.,99.0
2026-01-04 13:30:00,25.53246015668754,73.74990459321225,1007.1366249268798,Normal,None,Normal,None,0.99,All monitored parameters remain within the learned normal operating pattern.,99.0
2026-01-04 13:40:00,25.731445529496256,77.44891344041277,1007.2138328678107,Normal,None,Normal,None,0.99,All monitored parameters remain within the learned normal operating pattern.,99.0
2026-01-04 13:50:00,26.73305293652393,77.49902507150678,1007.453229821275,Normal,None,Normal,None,0.99,All monitored parameters remain within the learned normal operating pattern.,99.0
2026-01-04 14:00:00,26.466902621729542,80.89456174322419,1007.3452382354076,Normal,None,Normal,None,0.99,All monitored parameters remain within the learned normal operating pattern.,99.0
2026-01-04 14:10:00,25.223130223140355,79.25127453115117,1006.2059135278744,Normal,None,Normal,None,0.99,All monitored parameters remain within the learned normal operating pattern.,99.0
2026-01-04 14:20:00,26.02524688808758,76.06006426385319,1007.2142048600241,Normal,None,Normal,None,0.99,All monitored parameters remain within the learned normal operating pattern.,99.0
2026-01-04 14:30:00,26.48912224876356,81.93216003253612,1006.9172100415243,Normal,None,Normal,None,0.99,All monitored parameters remain within the learned normal operating pattern.,99.0
2026-01-04 14:40:00,24.496367865956255,80.778283209344,1007.444593790118,Normal,None,Normal,None,0.99,All monitored parameters remain within the learned normal operating pattern.,99.0
2026-01-04 14:50:00,26.21213031240603,79.60931108993306,1008.8639572323517,Normal,None,Normal,None,0.99,All monitored parameters remain within the learned normal operating pattern.,99.0
2026-01-04 15:00:00,25.194585568725053,78.09766265053688,1007.5696716057251,Normal,None,Normal,None,0.99,All monitored parameters remain within the learned normal operating pattern.,99.0
2026-01-04 15:10:00,26.1301194224631,76.73384055137589,1007.2440309001744,Normal,None,Normal,None,0.99,All monitored parameters remain within the learned normal operating pattern.,99.0
2026-01-04 15:20:00,25.013723026237194,78.00692574491548,1007.8768219033944,Normal,None,Normal,None,0.99,All monitored parameters remain within the learned normal operating pattern.,99.0
2026-01-04 15:30:00,24.132868249899744,81.02394937854565,1007.6726494284705,Normal,None,Normal,None,0.99,All monitored parameters remain within the learned normal operating pattern.,99.0
2026-01-04 15:40:00,24.228956334196564,82.70719204286304,1007.6569944443647,Requires Investigation,Multiple,Suspicious,Medium,0.65,"The machine-learning model detected an unusual pattern, but the available rule-based evidence is insufficient to classify it as a confirmed sensor fault or genuine weather event.",65.0
2026-01-04 15:50:00,25.525465720542936,82.11249153011673,1007.7662700245411,Normal,None,Normal,None,0.99,All monitored parameters remain within the learned normal operating pattern.,99.0
2026-01-04 16:00:00,25.65259199960724,78.13267315996734,1008.5072682607401,Normal,None,Normal,None,0.99,All monitored parameters remain within the learned normal operating pattern.,99.0
2026-01-04 16:10:00,24.681002596207225,76.95185334084047,1006.9299566142554,Normal,None,Normal,None,0.99,All monitored parameters remain within the learned normal operating pattern.,99.0
2026-01-04 16:20:00,25.876813599453328,79.54989322895955,1007.7488721834106,Normal,None,Normal,None,0.99,All monitored parameters remain within the learned normal operating pattern.,99.0
2026-01-04 16:30:00,24.000064593686137,75.80455998187169,1007.0657701837407,Normal,None,Normal,None,0.99,All monitored parameters remain within the learned normal operating pattern.,99.0
2026-01-04 16:40:00,25.24162978305861,80.05734818441664,1007.823869272437,Normal,None,Normal,None,0.99,All monitored parameters remain within the learned normal operating pattern.,99.0
2026-01-04 16:50:00,24.29277955026128,79.18160980726017,1007.1041677722237,Normal,None,Normal,None,0.99,All monitored parameters remain within the learned normal operating pattern.,99.0
2026-01-04 17:00:00,24.709121607908678,78.6067460079627,1007.3724698347536,Normal,None,Normal,None,0.99,All monitored parameters remain within the learned normal operating pattern.,99.0
2026-01-04 17:10:00,25.23941893649729,76.4075938665781,1007.4514928651745,Normal,None,Normal,None,0.99,All monitored parameters remain within the learned normal operating pattern.,99.0
2026-01-04 17:20:00,24.486001992841164,80.6785348430028,1008.1050713378258,Normal,None,Normal,None,0.99,All monitored parameters remain within the learned normal operating pattern.,99.0
2026-01-04 17:30:00,24.841455003967603,78.63639944197325,1008.0947541149764,Normal,None,Normal,None,0.99,All monitored parameters remain within the learned normal operating pattern.,99.0
2026-01-04 17:40:00,25.930844622842542,77.40854557763744,1007.031269038571,Normal,None,Normal,None,0.99,All monitored parameters remain within the learned normal operating pattern.,99.0
2026-01-04 17:50:00,24.642961331781414,74.04652591863683,1007.700430671227,Normal,None,Normal,None,0.99,All monitored parameters remain within the learned normal operating pattern.,99.0
2026-01-04 18:00:00,25.753655035818102,79.77476749756676,1007.3372427450831,Normal,None,Normal,None,0.99,All monitored parameters remain within the learned normal operating pattern.,99.0
2026-01-04 18:10:00,24.163932212698267,83.40910780049077,1007.082080530939,Requires Investigation,Multiple,Suspicious,Medium,0.65,"The machine-learning model detected an unusual pattern, but the available rule-based evidence is insufficient to classify it as a confirmed sensor fault or genuine weather event.",65.0
2026-01-04 18:20:00,25.476114195678036,83.21797672240412,1007.6223540980911,Normal,None,Normal,None,0.99,All monitored parameters remain within the learned normal operating pattern.,99.0
2026-01-04 18:30:00,26.192081896347382,79.00815348718534,1007.5963782324501,Normal,None,Normal,None,0.99,All monitored parameters remain within the learned normal operating pattern.,99.0
2026-01-04 18:40:00,23.05005592388096,78.74083283131085,1008.9839602599327,Requires Investigation,Multiple,Suspicious,Medium,0.65,"The machine-learning model detected an unusual pattern, but the available rule-based evidence is insufficient to classify it as a confirmed sensor fault or genuine weather event.",65.0
2026-01-04 18:50:00,24.38039281266976,80.90173047805776,1008.0072877040046,Normal,None,Normal,None,0.99,All monitored parameters remain within the learned normal operating pattern.,99.0
2026-01-04 19:00:00,25.472100973213013,77.98234257868626,1007.1224261753861,Normal,None,Normal,None,0.99,All monitored parameters remain within the learned normal operating pattern.,99.0
2026-01-04 19:10:00,24.84254097059558,80.59362924077898,1007.5494943712033,Normal,None,Normal,None,0.99,All monitored parameters remain within the learned normal operating pattern.,99.0
2026-01-04 19:20:00,25.298429930330364,81.52913409350275,1008.3634367128526,Normal,None,Normal,None,0.99,All monitored parameters remain within the learned normal operating pattern.,99.0
2026-01-04 19:30:00,24.516864367054108,82.45376141491509,1008.9180452972151,Normal,None,Normal,None,0.99,All monitored parameters remain within the learned normal operating pattern.,99.0
2026-01-04 19:40:00,25.069867549225492,79.79850040854575,1007.1021241420074,Normal,None,Normal,None,0.99,All monitored parameters remain within the learned normal operating pattern.,99.0
2026-01-04 19:50:00,24.8786008340718,79.58636725487513,1006.9766564011711,Normal,None,Normal,None,0.99,All monitored parameters remain within the learned normal operating pattern.,99.0
2026-01-04 20:00:00,25.941917854401748,78.22865041633908,1008.8738127307405,Normal,None,Normal,None,0.99,All monitored parameters remain within the learned normal operating pattern.,99.0
2026-01-04 20:10:00,25.217779318536152,78.31775400412992,1008.1550553592682,Normal,None,Normal,None,0.99,All monitored parameters remain within the learned normal operating pattern.,99.0
2026-01-04 20:20:00,25.292873443173395,79.50145958917048,1007.548224414202,Normal,None,Normal,None,0.99,All monitored parameters remain within the learned normal operating pattern.,99.0
2026-01-04 20:30:00,24.703833214827473,80.66806143818147,1008.2720099981246,Normal,None,Normal,None,0.99,All monitored parameters remain within the learned normal operating pattern.,99.0
2026-01-04 20:40:00,24.655783861577834,81.73543157079484,1006.7093461889239,Requires Investigation,Multiple,Suspicious,Medium,0.65,"The machine-learning model detected an unusual pattern, but the available rule-based evidence is insufficient to classify it as a confirmed sensor fault or genuine weather event.",65.0
2026-01-04 20:50:00,24.71434189909292,78.27286519994207,1008.0516300865918,Normal,None,Normal,None,0.99,All monitored parameters remain within the learned normal operating pattern.,99.0
2026-01-04 21:00:00,25.392449507884283,82.83160154995575,1008.2367705893081,Normal,None,Normal,None,0.99,All monitored parameters remain within the learned normal operating pattern.,99.0
2026-01-04 21:10:00,24.758572677342418,79.26703227391761,1008.558105840643,Normal,None,Normal,None,0.99,All monitored parameters remain within the learned normal operating pattern.,99.0
2026-01-04 21:20:00,25.3476183353766,79.72566851158419,1007.612324345423,Normal,None,Normal,None,0.99,All monitored parameters remain within the learned normal operating pattern.,99.0
2026-01-04 21:30:00,26.798514805103867,78.22918830932932,1008.185605900871,Normal,None,Normal,None,0.99,All monitored parameters remain within the learned normal operating pattern.,99.0
2026-01-04 21:40:00,25.859438197797914,74.826442609349,1007.7037260999592,Normal,None,Normal,None,0.99,All monitored parameters remain within the learned normal operating pattern.,99.0
2026-01-04 21:50:00,24.928002673833998,81.39044779358557,1008.3179901055335,Normal,None,Normal,None,0.99,All monitored parameters remain within the learned normal operating pattern.,99.0
2026-01-04 22:00:00,26.178003963533804,81.03962214257957,1007.7666662123693,Normal,None,Normal,None,0.99,All monitored parameters remain within the learned normal operating pattern.,99.0
2026-01-04 22:10:00,24.920700808582655,78.94302267176379,1008.0345090220623,Normal,None,Normal,None,0.99,All monitored parameters remain within the learned normal operating pattern.,99.0
2026-01-04 22:20:00,23.648694639969744,79.57559289822568,1007.7650483077381,Normal,None,Normal,None,0.99,All monitored parameters remain within the learned normal operating pattern.,99.0
2026-01-04 22:30:00,24.506650421904464,80.40563949413144,1008.6130947404127,Normal,None,Normal,None,0.99,All monitored parameters remain within the learned normal operating pattern.,99.0
2026-01-04 22:40:00,23.8522895809505,76.17706205068454,1008.7414943811114,Normal,None,Normal,None,0.99,All monitored parameters remain within the learned normal operating pattern.,99.0
2026-01-04 22:50:00,25.105380072611876,78.16871292561757,1008.2198698508453,Normal,None,Normal,None,0.99,All monitored parameters remain within the learned normal operating pattern.,99.0
2026-01-04 23:00:00,25.44084230343919,80.73631415906856,1008.3813770600036,Normal,None,Normal,None,0.99,All monitored parameters remain within the learned normal operating pattern.,99.0
2026-01-04 23:10:00,26.80860735049132,76.55650615231932,1007.6632043827702,Normal,None,Normal,None,0.99,All monitored parameters remain within the learned normal operating pattern.,99.0
2026-01-04 23:20:00,25.77216588807058,79.56586788621475,1008.2630653652733,Normal,None,Normal,None,0.99,All monitored parameters remain within the learned normal operating pattern.,99.0
2026-01-04 23:30:00,25.38030934160237,76.17565686145427,1008.4133640061448,Normal,None,Normal,None,0.99,All monitored parameters remain within the learned normal operating pattern.,99.0
2026-01-04 23:40:00,26.265861270653566,79.72818635345351,1009.7745819504074,Normal,None,Normal,None,0.99,All monitored parameters remain within the learned normal operating pattern.,99.0
2026-01-04 23:50:00,23.88193812938044,78.62702428223153,1007.9340748700309,Normal,None,Normal,None,0.99,All monitored parameters remain within the learned normal operating pattern.,99.0
2026-01-05 00:00:00,25.889590681731317,75.36753829770005,1009.2481712756601,Normal,None,Normal,None,0.99,All monitored parameters remain within the learned normal operating pattern.,99.0
2026-01-05 00:10:00,26.369766796136236,80.82332942686101,1009.0406850041048,Normal,None,Normal,None,0.99,All monitored parameters remain within the learned normal operating pattern.,99.0
2026-01-05 00:20:00,24.623883366119998,76.91731212091616,1008.7088928459103,Normal,None,Normal,None,0.99,All monitored parameters remain within the learned normal operating pattern.,99.0
2026-01-05 00:30:00,26.77711392158483,76.65527375193265,1009.4743473401091,Normal,None,Normal,None,0.99,All monitored parameters remain within the learned normal operating pattern.,99.0
2026-01-05 00:40:00,26.189924552906614,78.56288354063972,1008.8076930651907,Normal,None,Normal,None,0.99,All monitored parameters remain within the learned normal operating pattern.,99.0
2026-01-05 00:50:00,25.645549399684022,80.34171523724811,1008.8429612684969,Normal,None,Normal,None,0.99,All monitored parameters remain within the learned normal operating pattern.,99.0
2026-01-05 01:00:00,26.544269584456334,75.89226817890061,1008.6486981173616,Normal,None,Normal,None,0.99,All monitored parameters remain within the learned normal operating pattern.,99.0
2026-01-05 01:10:00,27.91645064223305,77.92356698771687,1009.3140523966806,Normal,None,Normal,None,0.99,All monitored parameters remain within the learned normal operating pattern.,99.0
2026-01-05 01:20:00,26.308804738472237,78.53100953181027,1009.2776421160326,Normal,None,Normal,None,0.99,All monitored parameters remain within the learned normal operating pattern.,99.0
2026-01-05 01:30:00,26.426841279808343,78.92968159299014,1008.4438357117219,Normal,None,Normal,None,0.99,All monitored parameters remain within the learned normal operating pattern.,99.0
2026-01-05 01:40:00,25.92724083298369,77.76342400532268,1008.1244421950765,Normal,None,Normal,None,0.99,All monitored parameters remain within the learned normal operating pattern.,99.0
2026-01-05 01:50:00,25.682803826138375,76.54058567841294,1008.7100887465394,Normal,None,Normal,None,0.99,All monitored parameters remain within the learned normal operating pattern.,99.0
2026-01-05 02:00:00,27.09635553784697,75.4806457894794,1008.4391921350401,Normal,None,Normal,None,0.99,All monitored parameters remain within the learned normal operating pattern.,99.0
2026-01-05 02:10:00,25.8180573628874,77.16643891886376,1008.8351977923265,Normal,None,Normal,None,0.99,All monitored parameters remain within the learned normal operating pattern.,99.0
2026-01-05 02:20:00,26.63241653767201,74.70539488023579,1009.513541339364,Normal,None,Normal,None,0.99,All monitored parameters remain within the learned normal operating pattern.,99.0
2026-01-05 02:30:00,26.266649347484712,70.85974842321718,1008.6941443750817,Normal,None,Normal,None,0.99,All monitored parameters remain within the learned normal operating pattern.,99.0
2026-01-05 02:40:00,27.106914052517286,77.425659224475,1008.9294643779157,Normal,None,Normal,None,0.99,All monitored parameters remain within the learned normal operating pattern.,99.0
2026-01-05 02:50:00,27.066927852190766,78.20787334624998,1009.0080734235772,Normal,None,Normal,None,0.99,All monitored parameters remain within the learned normal operating pattern.,99.0
2026-01-05 03:00:00,27.707580621150754,71.51903779742746,1009.4315657823118,Normal,None,Normal,None,0.99,All monitored parameters remain within the learned normal operating pattern.,99.0
2026-01-05 03:10:00,26.548337484891505,74.06783738262952,1007.9122934222164,Normal,None,Normal,None,0.99,All monitored parameters remain within the learned normal operating pattern.,99.0
2026-01-05 03:20:00,26.820472451562477,77.16556372241605,1008.7608723083521,Normal,None,Normal,None,0.99,All monitored parameters remain within the learned normal operating pattern.,99.0
2026-01-05 03:30:00,26.3345710088235,79.87982697652471,1009.1984424328084,Normal,None,Normal,None,0.99,All monitored parameters remain within the learned normal operating pattern.,99.0
2026-01-05 03:40:00,26.84451219306014,75.64169381310876,1009.7215090967107,Normal,None,Normal,None,0.99,All monitored parameters remain within the learned normal operating pattern.,99.0
2026-01-05 03:50:00,27.585274242432003,73.97712642154949,1008.9042754548461,Normal,None,Normal,None,0.99,All monitored parameters remain within the learned normal operating pattern.,99.0
2026-01-05 04:00:00,27.973600554799813,74.89818779482327,1008.2407925325113,Normal,None,Normal,None,0.99,All monitored parameters remain within the learned normal operating pattern.,99.0
2026-01-05 04:10:00,26.715908085285662,77.84247214904086,1009.5178490723057,Normal,None,Normal,None,0.99,All monitored parameters remain within the learned normal operating pattern.,99.0
2026-01-05 04:20:00,28.23597631377895,73.6274884863621,1008.9193159773417,Normal,None,Normal,None,0.99,All monitored parameters remain within the learned normal operating pattern.,99.0
2026-01-05 04:30:00,28.71243891896911,73.14575872284921,1008.6712441171156,Normal,None,Normal,None,0.99,All monitored parameters remain within the learned normal operating pattern.,99.0
2026-01-05 04:40:00,28.047264306035427,73.601480188723,1008.9830585653567,Normal,None,Normal,None,0.99,All monitored parameters remain within the learned normal operating pattern.,99.0
2026-01-05 04:50:00,29.30745597744345,72.48130412868858,1009.2321930123876,Normal,None,Normal,None,0.99,All monitored parameters remain within the learned normal operating pattern.,99.0
2026-01-05 05:00:00,27.277370232774555,74.45253744787476,1009.0513754791262,Normal,None,Normal,None,0.99,All monitored parameters remain within the learned normal operating pattern.,99.0
2026-01-05 05:10:00,26.991903190678208,77.27410301028443,1008.2803216571483,Normal,None,Normal,None,0.99,All monitored parameters remain within the learned normal operating pattern.,99.0
2026-01-05 05:20:00,26.656682650070156,74.4868408478449,1009.8610564710235,Normal,None,Normal,None,0.99,All monitored parameters remain within the learned normal operating pattern.,99.0
2026-01-05 05:30:00,29.369295843585007,73.1503722069601,1010.0794384449445,Normal,None,Normal,None,0.99,All monitored parameters remain within the learned normal operating pattern.,99.0
2026-01-05 05:40:00,28.78948692028231,72.88438867177078,1009.7972953829081,Normal,None,Normal,None,0.99,All monitored parameters remain within the learned normal operating pattern.,99.0
2026-01-05 05:50:00,28.315755627593617,70.15317165396272,1008.9322779669303,Normal,None,Normal,None,0.99,All monitored parameters remain within the learned normal operating pattern.,99.0
2026-01-05 06:00:00,28.679084436995623,74.85600048241479,1009.4300114375014,Normal,None,Normal,None,0.99,All monitored parameters remain within the learned normal operating pattern.,99.0
2026-01-05 06:10:00,27.650223642992326,72.74309584431234,1009.5571799670693,Normal,None,Normal,None,0.99,All monitored parameters remain within the learned normal operating pattern.,99.0
2026-01-05 06:20:00,30.60330270531073,72.34563792958421,1009.8895652832875,Normal,None,Normal,None,0.99,All monitored parameters remain within the learned normal operating pattern.,99.0
2026-01-05 06:30:00,28.84670669368417,78.89955563948175,1009.954106861626,Normal,None,Normal,None,0.99,All monitored parameters remain within the learned normal operating pattern.,99.0
2026-01-05 06:40:00,28.92797786839903,72.91658175130114,1009.282656328785,Normal,None,Normal,None,0.99,All monitored parameters remain within the learned normal operating pattern.,99.0
2026-01-05 06:50:00,29.518672345133496,70.62029980778054,1009.7205827128294,Normal,None,Normal,None,0.99,All monitored parameters remain within the learned normal operating pattern.,99.0
2026-01-05 07:00:00,29.420889057697924,71.07512146297181,1009.938098948796,Normal,None,Normal,None,0.99,All monitored parameters remain within the learned normal operating pattern.,99.0
2026-01-05 07:10:00,29.31359784474624,74.02791016774763,1010.4672728315054,Normal,None,Normal,None,0.99,All monitored parameters remain within the learned normal operating pattern.,99.0
2026-01-05 07:20:00,28.600866899592194,71.76004789317864,1010.1215439801089,Normal,None,Normal,None,0.99,All monitored parameters remain within the learned normal operating pattern.,99.0
2026-01-05 07:30:00,29.709484293757093,68.45882482726867,1010.1937712105959,Normal,None,Normal,None,0.99,All monitored parameters remain within the learned normal operating pattern.,99.0
2026-01-05 07:40:00,30.937259951501446,72.97517716050757,1009.8711284533415,Normal,None,Normal,None,0.99,All monitored parameters remain within the learned normal operating pattern.,99.0
2026-01-05 07:50:00,30.607534929139042,69.6013140444919,1010.5644340969988,Normal,None,Normal,None,0.99,All monitored parameters remain within the learned normal operating pattern.,99.0
2026-01-05 08:00:00,30.905494621191863,74.4847049126744,1010.0940894150281,Normal,None,Normal,None,0.99,All monitored parameters remain within the learned normal operating pattern.,99.0
2026-01-05 08:10:00,29.321867119019544,72.69841681110032,1009.48867865591,Normal,None,Normal,None,0.99,All monitored parameters remain within the learned normal operating pattern.,99.0
2026-01-05 08:20:00,29.03915802042625,69.44367245541626,1010.6509302838591,Normal,None,Normal,None,0.99,All monitored parameters remain within the learned normal operating pattern.,99.0
2026-01-05 08:30:00,29.83028235353667,72.70020894423745,1010.3282247084594,Normal,None,Normal,None,0.99,All monitored parameters remain within the learned normal operating pattern.,99.0
2026-01-05 08:40:00,30.07558952210342,70.07369183650987,1009.7877809118462,Normal,None,Normal,None,0.99,All monitored parameters remain within the learned normal operating pattern.,99.0
2026-01-05 08:50:00,31.00644808143857,71.44335761692082,1009.7995853567836,Normal,None,Normal,None,0.99,All monitored parameters remain within the learned normal operating pattern.,99.0
2026-01-05 09:00:00,28.877155896054138,70.50721043493695,1010.2176445900969,Normal,None,Normal,None,0.99,All monitored parameters remain within the learned normal operating pattern.,99.0
2026-01-05 09:10:00,31.55470795543295,67.64515129028933,1010.3309672426877,Normal,None,Normal,None,0.99,All monitored parameters remain within the learned normal operating pattern.,99.0
2026-01-05 09:20:00,30.30446879313969,67.8511501113593,1010.2280290480909,Normal,None,Normal,None,0.99,All monitored parameters remain within the learned normal operating pattern.,99.0
2026-01-05 09:30:00,30.189004978688708,70.99890196586904,1010.3150323581192,Normal,None,Normal,None,0.99,All monitored parameters remain within the learned normal operating pattern.,99.0
2026-01-05 09:40:00,29.82024843520481,68.07058546496103,1011.0393358452162,Normal,None,Normal,None,0.99,All monitored parameters remain within the learned normal operating pattern.,99.0
2026-01-05 09:50:00,29.405216229642654,67.73449993924547,1010.7550888970901,Normal,None,Normal,None,0.99,All monitored parameters remain within the learned normal operating pattern.,99.0
2026-01-05 10:00:00,31.486515451003132,66.4337968736341,1010.3445733041717,Normal,None,Normal,None,0.99,All monitored parameters remain within the learned normal operating pattern.,99.0
2026-01-05 10:10:00,30.985178930394873,68.99414901789862,1010.7498240112213,Normal,None,Normal,None,0.99,All monitored parameters remain within the learned normal operating pattern.,99.0
2026-01-05 10:20:00,29.99273006990928,72.07565225908205,1009.792792008816,Normal,None,Normal,None,0.99,All monitored parameters remain within the learned normal operating pattern.,99.0
2026-01-05 10:30:00,30.086399318320257,65.62000949954916,1010.5378717582543,Normal,None,Normal,None,0.99,All monitored parameters remain within the learned normal operating pattern.,99.0
2026-01-05 10:40:00,30.951148253581046,67.60888688731923,1011.2733817224254,Normal,None,Normal,None,0.99,All monitored parameters remain within the learned normal operating pattern.,99.0
2026-01-05 10:50:00,32.65181803892365,70.1912394734466,1010.2894889677378,Normal,None,Normal,None,0.99,All monitored parameters remain within the learned normal operating pattern.,99.0
2026-01-05 11:00:00,31.2052248657149,67.014921323897,1010.0044383883194,Normal,None,Normal,None,0.99,All monitored parameters remain within the learned normal operating pattern.,99.0
2026-01-05 11:10:00,30.306114440144057,67.88748598722238,1010.1319114345707,Normal,None,Normal,None,0.99,All monitored parameters remain within the learned normal operating pattern.,99.0
2026-01-05 11:20:00,31.407160567161124,64.66770290684649,1009.9427939995009,Normal,None,Normal,None,0.99,All monitored parameters remain within the learned normal operating pattern.,99.0
2026-01-05 11:30:00,31.48005961295348,67.46013725691208,1010.1248353451006,Normal,None,Normal,None,0.99,All monitored parameters remain within the learned normal operating pattern.,99.0
2026-01-05 11:40:00,29.634531971434882,66.04162889841463,1010.361516206066,Normal,None,Normal,None,0.99,All monitored parameters remain within the learned normal operating pattern.,99.0
2026-01-05 11:50:00,31.841689981299133,68.20120824233295,1009.8734859158819,Normal,None,Normal,None,0.99,All monitored parameters remain within the learned normal operating pattern.,99.0
2026-01-05 12:00:00,31.79270730359147,68.41986224761267,1010.6135200206687,Normal,None,Normal,None,0.99,All monitored parameters remain within the learned normal operating pattern.,99.0
2026-01-05 12:10:00,32.62595653301446,71.04114440170977,1011.0862301769074,Normal,None,Normal,None,0.99,All monitored parameters remain within the learned normal operating pattern.,99.0
2026-01-05 12:20:00,33.6388636039664,66.8398688904069,1010.210530600424,Normal,None,Normal,None,0.99,All monitored parameters remain within the learned normal operating pattern.,99.0
2026-01-05 12:30:00,33.150792457560506,66.15251176531973,1011.4533011794072,Normal,None,Normal,None,0.99,All monitored parameters remain within the learned normal operating pattern.,99.0
2026-01-05 12:40:00,32.12336959899539,65.71180750027617,1010.9782362846573,Normal,None,Normal,None,0.99,All monitored parameters remain within the learned normal operating pattern.,99.0
2026-01-05 12:50:00,31.541262707452294,64.44070054548736,1011.2672391278084,Normal,None,Normal,None,0.99,All monitored parameters remain within the learned normal operating pattern.,99.0
2026-01-05 13:00:00,34.57220165505811,65.64994006200693,1010.452064807803,Normal,None,Normal,None,0.99,All monitored parameters remain within the learned normal operating pattern.,99.0
2026-01-05 13:10:00,32.64691155197359,64.21012357019795,1011.2371996940092,Normal,None,Normal,None,0.99,All monitored parameters remain within the learned normal operating pattern.,99.0
2026-01-05 13:20:00,32.69566136792019,64.96788608375957,1010.2928439707638,Normal,None,Normal,None,0.99,All monitored parameters remain within the learned normal operating pattern.,99.0
2026-01-05 13:30:00,32.74912307225246,67.098348787335,1011.3127244634608,Normal,None,Normal,None,0.99,All monitored parameters remain within the learned normal operating pattern.,99.0
2026-01-05 13:40:00,33.00968660784338,62.28447727098253,1010.9822232418943,Normal,None,Normal,None,0.99,All monitored parameters remain within the learned normal operating pattern.,99.0
2026-01-05 13:50:00,32.817383393225995,66.41401367672779,1011.2015422318076,Normal,None,Normal,None,0.99,All monitored parameters remain within the learned normal operating pattern.,99.0
2026-01-05 14:00:00,32.554419581547634,66.60753176057608,1010.365639692671,Normal,None,Normal,None,0.99,All monitored parameters remain within the learned normal operating pattern.,99.0
2026-01-05 14:10:00,32.65513178470973,63.57862507061376,1010.5343269141378,Normal,None,Normal,None,0.99,All monitored parameters remain within the learned normal operating pattern.,99.0
2026-01-05 14:20:00,33.14444658819286,59.4149917932515,1011.308802402166,Normal,None,Normal,None,0.99,All monitored parameters remain within the learned normal operating pattern.,99.0
2026-01-05 14:30:00,32.812668896555564,62.28953859888598,1010.5642395283651,Normal,None,Normal,None,0.99,All monitored parameters remain within the learned normal operating pattern.,99.0
2026-01-05 14:40:00,32.752590074575146,65.94825569168846,1011.298137865486,Normal,None,Normal,None,0.99,All monitored parameters remain within the learned normal operating pattern.,99.0
2026-01-05 14:50:00,33.482137105640255,63.16027802842876,1010.4109801389584,Normal,None,Normal,None,0.99,All monitored parameters remain within the learned normal operating pattern.,99.0
2026-01-05 15:00:00,33.2657758989486,61.061880189639616,1011.546540798047,Normal,None,Normal,None,0.99,All monitored parameters remain within the learned normal operating pattern.,99.0
2026-01-05 15:10:00,34.74432617655375,61.90818658616837,1010.5339842145966,Normal,None,Normal,None,0.99,All monitored parameters remain within the learned normal operating pattern.,99.0
2026-01-05 15:20:00,31.49031080930456,64.45906674097117,1011.4540727670682,Normal,None,Normal,None,0.99,All monitored parameters remain within the learned normal operating pattern.,99.0
2026-01-05 15:30:00,34.55279972835775,63.734278642763215,1011.5182971640664,Normal,None,Normal,None,0.99,All monitored parameters remain within the learned normal operating pattern.,99.0
2026-01-05 15:40:00,34.743495255080475,62.02888159949586,1010.8845338984239,Normal,None,Normal,None,0.99,All monitored parameters remain within the learned normal operating pattern.,99.0
2026-01-05 15:50:00,32.15344616692907,61.642034470659446,1011.5512476636729,Normal,None,Normal,None,0.99,All monitored parameters remain within the learned normal operating pattern.,99.0
2026-01-05 16:00:00,33.60201166274792,61.46416022588795,1011.41764380948,Normal,None,Normal,None,0.99,All monitored parameters remain within the learned normal operating pattern.,99.0
2026-01-05 16:10:00,33.64145891197869,60.27795642145234,1011.0450610483377,Normal,None,Normal,None,0.99,All monitored parameters remain within the learned normal operating pattern.,99.0
2026-01-05 16:20:00,32.87347356822506,65.23178553094024,1010.8371322226276,Normal,None,Normal,None,0.99,All monitored parameters remain within the learned normal operating pattern.,99.0
2026-01-05 16:30:00,33.43649794912844,61.237856463175035,1010.3868898985421,Normal,None,Normal,None,0.99,All monitored parameters remain within the learned normal operating pattern.,99.0
2026-01-05 16:40:00,33.227932299965545,64.20153108897458,1011.5696838545597,Normal,None,Normal,None,0.99,All monitored parameters remain within the learned normal operating pattern.,99.0
2026-01-05 16:50:00,35.57420120806759,64.69786239718752,1010.6389737676534,Normal,None,Normal,None,0.99,All monitored parameters remain within the learned normal operating pattern.,99.0
2026-01-05 17:00:00,34.97524720382852,63.543212817674814,1011.4954211544516,Normal,None,Normal,None,0.99,All monitored parameters remain within the learned normal operating pattern.,99.0
2026-01-05 17:10:00,35.2965741896309,60.578099147292754,1011.3422537844074,Normal,None,Normal,None,0.99,All monitored parameters remain within the learned normal operating pattern.,99.0
2026-01-05 17:20:00,34.90757828582935,62.146978911483686,1011.8396304260907,Normal,None,Normal,None,0.99,All monitored parameters remain within the learned normal operating pattern.,99.0
2026-01-05 17:30:00,33.4761742308979,61.19277749147481,1011.3749671294388,Normal,None,Normal,None,0.99,All monitored parameters remain within the learned normal operating pattern.,99.0
2026-01-05 17:40:00,34.007219231696375,59.33892538909935,1011.3870439234546,Normal,None,Normal,None,0.99,All monitored parameters remain within the learned normal operating pattern.,99.0
2026-01-05 17:50:00,34.863980668845876,61.70375652371612,1011.9433256199136,Normal,None,Normal,None,0.99,All monitored parameters remain within the learned normal operating pattern.,99.0
2026-01-05 18:00:00,33.53863183199784,58.609252259457605,1011.770383679794,Normal,None,Normal,None,0.99,All monitored parameters remain within the learned normal operating pattern.,99.0
2026-01-05 18:10:00,35.12877579082987,63.25860468353922,1011.7862364361479,Normal,None,Normal,None,0.99,All monitored parameters remain within the learned normal operating pattern.,99.0
2026-01-05 18:20:00,34.40633275376961,59.87357926081098,1011.8879329041612,Normal,None,Normal,None,0.99,All monitored parameters remain within the learned normal operating pattern.,99.0
2026-01-05 18:30:00,34.33710939179117,61.12838723608399,1010.9104880396693,Normal,None,Normal,None,0.99,All monitored parameters remain within the learned normal operating pattern.,99.0
2026-01-05 18:40:00,35.242248538441935,61.21961461533401,1012.0814752711177,Normal,None,Normal,None,0.99,All monitored parameters remain within the learned normal operating pattern.,99.0
2026-01-05 18:50:00,35.06353266505271,60.0659460208641,1012.0339515101862,Normal,None,Normal,None,0.99,All monitored parameters remain within the learned normal operating pattern.,99.0
2026-01-05 19:00:00,34.45210357725795,61.69163458312412,1011.2438386146181,Normal,None,Normal,None,0.99,All monitored parameters remain within the learned normal operating pattern.,99.0
2026-01-05 19:10:00,35.699194761116445,59.506730849904855,1011.654427440282,Normal,None,Normal,None,0.99,All monitored parameters remain within the learned normal operating pattern.,99.0
2026-01-05 19:20:00,33.9358222132485,62.14124884425765,1011.7809235304094,Normal,None,Normal,None,0.99,All monitored parameters remain within the learned normal operating pattern.,99.0
2026-01-05 19:30:00,35.32043926659505,57.65265907742722,1011.7572578622592,Normal,None,Normal,None,0.99,All monitored parameters remain within the learned normal operating pattern.,99.0
2026-01-05 19:40:00,35.32725481348604,60.54721154487016,1012.0151825034329,Normal,None,Normal,None,0.99,All monitored parameters remain within the learned normal operating pattern.,99.0
2026-01-05 19:50:00,34.62827474912108,64.12603419697201,1012.5874969828416,Normal,None,Normal,None,0.99,All monitored parameters remain within the learned normal operating pattern.,99.0
2026-01-05 20:00:00,35.15800220575025,58.20514577487574,1012.4360704728215,Normal,None,Normal,None,0.99,All monitored parameters remain within the learned normal operating pattern.,99.0
2026-01-05 20:10:00,33.915426117911984,58.81187610090984,1011.2622611325966,Normal,None,Normal,None,0.99,All monitored parameters remain within the learned normal operating pattern.,99.0
2026-01-05 20:20:00,35.672789385509645,61.16068015902958,1012.2523971250741,Normal,None,Normal,None,0.99,All monitored parameters remain within the learned normal operating pattern.,99.0
2026-01-05 20:30:00,34.80091953826698,60.46148106903646,1012.6286256668534,Normal,None,Normal,None,0.99,All monitored parameters remain within the learned normal operating pattern.,99.0
2026-01-05 20:40:00,34.54395287301314,60.77699761969038,1012.1801633369156,Normal,None,Normal,None,0.99,All monitored parameters remain within the learned normal operating pattern.,99.0
2026-01-05 20:50:00,35.81263995034775,61.53150912093885,1012.5546502864553,Normal,None,Normal,None,0.99,All monitored parameters remain within the learned normal operating pattern.,99.0
2026-01-05 21:00:00,34.419265606321346,62.30396181961245,1013.0374949772421,Normal,None,Normal,None,0.99,All monitored parameters remain within the learned normal operating pattern.,99.0
2026-01-05 21:10:00,33.863282489040856,63.73929663164905,1012.5652106668166,Normal,None,Normal,None,0.99,All monitored parameters remain within the learned normal operating pattern.,99.0
2026-01-05 21:20:00,33.75005920284094,62.828912230536915,1012.1998005857959,Normal,None,Normal,None,0.99,All monitored parameters remain within the learned normal operating pattern.,99.0
2026-01-05 21:30:00,35.483479437826816,62.02014173726231,1012.6192729906841,Normal,None,Normal,None,0.99,All monitored parameters remain within the learned normal operating pattern.,99.0
2026-01-05 21:40:00,33.975633523224545,64.34519339196231,1012.1905450447601,Normal,None,Normal,None,0.99,All monitored parameters remain within the learned normal operating pattern.,99.0
2026-01-05 21:50:00,36.40311394942147,67.3012066621225,1012.1512127918271,Normal,None,Normal,None,0.99,All monitored parameters remain within the learned normal operating pattern.,99.0
2026-01-05 22:00:00,33.331033026191285,63.74157940223833,1011.9844999414686,Normal,None,Normal,None,0.99,All monitored parameters remain within the learned normal operating pattern.,99.0
2026-01-05 22:10:00,36.34903702879572,62.567197522331334,1012.9626430762934,Normal,None,Normal,None,0.99,All monitored parameters remain within the learned normal operating pattern.,99.0
2026-01-05 22:20:00,35.15398060814606,67.24382806980603,1011.7922328728009,Normal,None,Normal,None,0.99,All monitored parameters remain within the learned normal operating pattern.,99.0
2026-01-05 22:30:00,34.899092851065205,65.30631099096975,1012.9879212931761,Normal,None,Normal,None,0.99,All monitored parameters remain within the learned normal operating pattern.,99.0
2026-01-05 22:40:00,34.529830271423336,61.72312982623094,1012.4917371008731,Normal,None,Normal,None,0.99,All monitored parameters remain within the learned normal operating pattern.,99.0
2026-01-05 22:50:00,35.27238641434029,68.28868830858357,1011.5619949321053,Normal,None,Normal,None,0.99,All monitored parameters remain within the learned normal operating pattern.,99.0
2026-01-05 23:00:00,34.908296609789076,66.05253488463424,1012.4650890305866,Normal,None,Normal,None,0.99,All monitored parameters remain within the learned normal operating pattern.,99.0
2026-01-05 23:10:00,35.80439347391486,67.4754294987884,1011.2506389133817,Sensor Drift,Humidity,Confirmed Anomaly,Medium,0.9,Humidity shows a persistent deviation from the expected temperature-pressure relationship. Residual: 8.29. This suggests gradual sensor drift.,90.0
2026-01-05 23:20:00,34.99450910558671,68.85770668782388,1012.6325634346264,Sensor Drift,Humidity,Confirmed Anomaly,Medium,0.9,Humidity shows a persistent deviation from the expected temperature-pressure relationship. Residual: 8.12. This suggests gradual sensor drift.,90.0
2026-01-05 23:30:00,35.00277830063046,69.11592557663622,1012.7813499830481,Sensor Drift,Humidity,Confirmed Anomaly,Medium,0.9,Humidity shows a persistent deviation from the expected temperature-pressure relationship. Residual: 8.39. This suggests gradual sensor drift.,90.0
2026-01-05 23:40:00,34.56910016520146,70.69892376433299,1012.0612467391537,Sensor Drift,Humidity,Confirmed Anomaly,Medium,0.9,Humidity shows a persistent deviation from the expected temperature-pressure relationship. Residual: 9.16. This suggests gradual sensor drift.,90.0
2026-01-05 23:50:00,34.78993865476042,68.95803695138578,1012.4376528276911,Sensor Drift,Humidity,Confirmed Anomaly,Medium,0.9,Humidity shows a persistent deviation from the expected temperature-pressure relationship. Residual: 7.84. This suggests gradual sensor drift.,90.0
2026-01-06 00:00:00,35.05530378007862,71.40808686642221,1013.3711738975225,Sensor Drift,Humidity,Confirmed Anomaly,Medium,0.9,Humidity shows a persistent deviation from the expected temperature-pressure relationship. Residual: 10.78. This suggests gradual sensor drift.,90.0
2026-01-06 00:10:00,33.41256744847003,59.919502319641516,1012.159198142397,Normal,None,Normal,None,0.99,All monitored parameters remain within the learned normal operating pattern.,99.0
2026-01-06 00:20:00,33.67187757536728,61.9767691356713,1011.9003523266102,Normal,None,Normal,None,0.99,All monitored parameters remain within the learned normal operating pattern.,99.0
2026-01-06 00:30:00,35.312857025904634,61.79424346665318,1013.1881289817102,Normal,None,Normal,None,0.99,All monitored parameters remain within the learned normal operating pattern.,99.0
2026-01-06 00:40:00,34.820866923418464,58.76077345007858,1013.4458368182095,Normal,None,Normal,None,0.99,All monitored parameters remain within the learned normal operating pattern.,99.0
2026-01-06 00:50:00,34.50103936597155,62.87551216224267,1012.4833900554241,Normal,None,Normal,None,0.99,All monitored parameters remain within the learned normal operating pattern.,99.0
2026-01-06 01:00:00,34.625161691287474,59.70724402010159,1013.0040240845606,Normal,None,Normal,None,0.99,All monitored parameters remain within the learned normal operating pattern.,99.0
2026-01-06 01:10:00,34.848820620934376,62.474605083272216,1013.1855305444028,Normal,None,Normal,None,0.99,All monitored parameters remain within the learned normal operating pattern.,99.0
2026-01-06 01:20:00,34.09745632119531,61.67604649591709,1012.1597985092806,Normal,None,Normal,None,0.99,All monitored parameters remain within the learned normal operating pattern.,99.0
2026-01-06 01:30:00,33.86331382007044,64.70445215280566,1012.3043821378648,Normal,None,Normal,None,0.99,All monitored parameters remain within the learned normal operating pattern.,99.0
2026-01-06 01:40:00,34.59752942227518,60.67136159886223,1013.1782115305784,Normal,None,Normal,None,0.99,All monitored parameters remain within the learned normal operating pattern.,99.0
2026-01-06 01:50:00,33.61127077405178,60.51342841547599,1013.4207638431997,Normal,None,Normal,None,0.99,All monitored parameters remain within the learned normal operating pattern.,99.0
2026-01-06 02:00:00,34.6719259294291,61.27051333850949,1012.874921223838,Normal,None,Normal,None,0.99,All monitored parameters remain within the learned normal operating pattern.,99.0
2026-01-06 02:10:00,32.9328700173799,60.80376663279112,1012.1685378415203,Normal,None,Normal,None,0.99,All monitored parameters remain within the learned normal operating pattern.,99.0
2026-01-06 02:20:00,35.06615322816739,63.11422636727035,1013.6166784338498,Normal,None,Normal,None,0.99,All monitored parameters remain within the learned normal operating pattern.,99.0
2026-01-06 02:30:00,34.567098047722666,58.389338659542354,1012.372102450812,Normal,None,Normal,None,0.99,All monitored parameters remain within the learned normal operating pattern.,99.0
2026-01-06 02:40:00,34.338356284531216,59.62557016754705,1012.4841947459572,Normal,None,Normal,None,0.99,All monitored parameters remain within the learned normal operating pattern.,99.0
2026-01-06 02:50:00,34.86254105006675,59.71161763102092,1012.8368425853182,Normal,None,Normal,None,0.99,All monitored parameters remain within the learned normal operating pattern.,99.0
2026-01-06 03:00:00,35.349989817565735,63.86539465995581,1013.4563968108894,Normal,None,Normal,None,0.99,All monitored parameters remain within the learned normal operating pattern.,99.0
2026-01-06 03:10:00,34.76871810385715,65.50678264147857,1013.1196790551801,Normal,None,Normal,None,0.99,All monitored parameters remain within the learned normal operating pattern.,99.0
2026-01-06 03:20:00,32.42254845024475,62.000605892304925,1012.913228477256,Normal,None,Normal,None,0.99,All monitored parameters remain within the learned normal operating pattern.,99.0
2026-01-06 03:30:00,32.80805087752021,61.99893165180244,1012.9502735330244,Normal,None,Normal,None,0.99,All monitored parameters remain within the learned normal operating pattern.,99.0
2026-01-06 03:40:00,33.266786500690095,62.60682160053309,1012.7529477379827,Normal,None,Normal,None,0.99,All monitored parameters remain within the learned normal operating pattern.,99.0
2026-01-06 03:50:00,33.72093349099154,64.92363530357062,1013.022547632802,Normal,None,Normal,None,0.99,All monitored parameters remain within the learned normal operating pattern.,99.0
2026-01-06 04:00:00,34.046124215950876,60.881299732467696,1011.4907104135656,Normal,None,Normal,None,0.99,All monitored parameters remain within the learned normal operating pattern.,99.0
2026-01-06 04:10:00,32.98188263766402,63.35178258909597,1012.6189232010821,Normal,None,Normal,None,0.99,All monitored parameters remain within the learned normal operating pattern.,99.0
2026-01-06 04:20:00,33.64094399073112,64.96733410126595,1012.8993471016253,Normal,None,Normal,None,0.99,All monitored parameters remain within the learned normal operating pattern.,99.0
2026-01-06 04:30:00,32.8148777613177,64.16382012547898,1012.2143598730464,Normal,None,Normal,None,0.99,All monitored parameters remain within the learned normal operating pattern.,99.0
2026-01-06 04:40:00,32.856253025530364,63.68822869734965,1012.9939298112824,Normal,None,Normal,None,0.99,All monitored parameters remain within the learned normal operating pattern.,99.0
2026-01-06 04:50:00,32.1450807286525,65.46127297287212,1012.7091531439373,Normal,None,Normal,None,0.99,All monitored parameters remain within the learned normal operating pattern.,99.0
2026-01-06 05:00:00,32.45545460712938,58.20545300596531,1013.6994655059962,Requires Investigation,Multiple,Suspicious,Medium,0.65,"The machine-learning model detected an unusual pattern, but the available rule-based evidence is insufficient to classify it as a confirmed sensor fault or genuine weather event.",65.0
2026-01-06 05:10:00,32.03504498461695,65.12296530084177,1013.618293686256,Normal,None,Normal,None,0.99,All monitored parameters remain within the learned normal operating pattern.,99.0
2026-01-06 05:20:00,32.25679651961159,62.616858389758235,1012.6086534626792,Normal,None,Normal,None,0.99,All monitored parameters remain within the learned normal operating pattern.,99.0
2026-01-06 05:30:00,33.80029362113021,60.42397383859921,1012.7756250926324,Normal,None,Normal,None,0.99,All monitored parameters remain within the learned normal operating pattern.,99.0
2026-01-06 05:40:00,32.11656085268691,65.27024527154502,1012.8232721937143,Normal,None,Normal,None,0.99,All monitored parameters remain within the learned normal operating pattern.,99.0
2026-01-06 05:50:00,34.89953269772653,67.16006299861269,1012.6433316714285,Normal,None,Normal,None,0.99,All monitored parameters remain within the learned normal operating pattern.,99.0
2026-01-06 06:00:00,33.104708796985896,64.30499401818224,1012.9753018460776,Normal,None,Normal,None,0.99,All monitored parameters remain within the learned normal operating pattern.,99.0
2026-01-06 06:10:00,32.773264648849626,66.65495759461842,1012.506987911225,Normal,None,Normal,None,0.99,All monitored parameters remain within the learned normal operating pattern.,99.0
2026-01-06 06:20:00,31.85299857273524,68.14518692221688,1012.3288716812326,Normal,None,Normal,None,0.99,All monitored parameters remain within the learned normal operating pattern.,99.0
2026-01-06 06:30:00,33.0132038726734,67.72391696887567,1013.2132953684655,Normal,None,Normal,None,0.99,All monitored parameters remain within the learned normal operating pattern.,99.0
2026-01-06 06:40:00,31.904733765558873,68.5494410056446,1013.2241741836327,Normal,None,Normal,None,0.99,All monitored parameters remain within the learned normal operating pattern.,99.0
2026-01-06 06:50:00,32.37419197468297,66.93108673621042,1012.5144296254376,Normal,None,Normal,None,0.99,All monitored parameters remain within the learned normal operating pattern.,99.0
2026-01-06 07:00:00,34.23507942282304,65.77684369338718,1013.3711510938907,Normal,None,Normal,None,0.99,All monitored parameters remain within the learned normal operating pattern.,99.0
2026-01-06 07:10:00,32.01971501399207,62.602942508662075,1012.6142774567039,Normal,None,Normal,None,0.99,All monitored parameters remain within the learned normal operating pattern.,99.0
2026-01-06 07:20:00,32.92469245948692,65.49732742682333,1013.0629482920086,Normal,None,Normal,None,0.99,All monitored parameters remain within the learned normal operating pattern.,99.0
2026-01-06 07:30:00,31.350639833740146,64.4871448616859,1013.352542808733,Normal,None,Normal,None,0.99,All monitored parameters remain within the learned normal operating pattern.,99.0
2026-01-06 07:40:00,31.792330577203586,70.70124269579331,1012.9312748255359,Normal,None,Normal,None,0.99,All monitored parameters remain within the learned normal operating pattern.,99.0
2026-01-06 07:50:00,33.14337271124558,66.19476396966098,1013.180866473273,Normal,None,Normal,None,0.99,All monitored parameters remain within the learned normal operating pattern.,99.0
2026-01-06 08:00:00,31.130877336416386,66.98150764827577,1012.7004001658563,Normal,None,Normal,None,0.99,All monitored parameters remain within the learned normal operating pattern.,99.0
2026-01-06 08:10:00,32.987474342491176,68.02793975989368,1012.8652042150486,Normal,None,Normal,None,0.99,All monitored parameters remain within the learned normal operating pattern.,99.0
2026-01-06 08:20:00,32.00816534042886,67.20327730861595,1012.8650333754359,Normal,None,Normal,None,0.99,All monitored parameters remain within the learned normal operating pattern.,99.0
2026-01-06 08:30:00,30.895860745802413,70.69843374782586,1012.5989021134095,Normal,None,Normal,None,0.99,All monitored parameters remain within the learned normal operating pattern.,99.0
2026-01-06 08:40:00,31.755091338280664,66.2563709824586,1012.8877345889521,Normal,None,Normal,None,0.99,All monitored parameters remain within the learned normal operating pattern.,99.0
2026-01-06 08:50:00,31.930039037086225,68.0852239557048,1012.2054446991132,Normal,None,Normal,None,0.99,All monitored parameters remain within the learned normal operating pattern.,99.0
2026-01-06 09:00:00,31.551812071756938,66.40633062463753,1012.7375105832715,Normal,None,Normal,None,0.99,All monitored parameters remain within the learned normal operating pattern.,99.0
2026-01-06 09:10:00,29.700130374384532,65.44733467696479,1012.8436844146917,Normal,None,Normal,None,0.99,All monitored parameters remain within the learned normal operating pattern.,99.0
2026-01-06 09:20:00,30.276163180495136,67.06071597587938,1012.8607677818236,Normal,None,Normal,None,0.99,All monitored parameters remain within the learned normal operating pattern.,99.0
2026-01-06 09:30:00,30.56107695855836,68.40774267190405,1012.8705449498962,Normal,None,Normal,None,0.99,All monitored parameters remain within the learned normal operating pattern.,99.0
2026-01-06 09:40:00,30.600459834793316,67.82138239481877,1012.96254786164,Normal,None,Normal,None,0.99,All monitored parameters remain within the learned normal operating pattern.,99.0
2026-01-06 09:50:00,31.057194444593385,67.49384450714659,1013.2349870692747,Normal,None,Normal,None,0.99,All monitored parameters remain within the learned normal operating pattern.,99.0
2026-01-06 10:00:00,30.603243051378517,66.26520057139251,1013.4340610718814,Normal,None,Normal,None,0.99,All monitored parameters remain within the learned normal operating pattern.,99.0
2026-01-06 10:10:00,29.293047451595147,69.11114297761615,1012.6731558679677,Normal,None,Normal,None,0.99,All monitored parameters remain within the learned normal operating pattern.,99.0
2026-01-06 10:20:00,30.56557709346826,66.46772162661102,1012.3973735984258,Normal,None,Normal,None,0.99,All monitored parameters remain within the learned normal operating pattern.,99.0
2026-01-06 10:30:00,30.64987850951609,71.19729210080115,1012.4785868691383,Normal,None,Normal,None,0.99,All monitored parameters remain within the learned normal operating pattern.,99.0
2026-01-06 10:40:00,30.50916868113294,70.0422068602928,1012.7563421045811,Normal,None,Normal,None,0.99,All monitored parameters remain within the learned normal operating pattern.,99.0
2026-01-06 10:50:00,30.825862729880093,67.16242070219734,1012.8240168034525,Normal,None,Normal,None,0.99,All monitored parameters remain within the learned normal operating pattern.,99.0
2026-01-06 11:00:00,30.5282932350012,69.65927082317612,1012.6147127303113,Normal,None,Normal,None,0.99,All monitored parameters remain within the learned normal operating pattern.,99.0
2026-01-06 11:10:00,30.128472583849728,68.97343014788487,1012.3510851629247,Normal,None,Normal,None,0.99,All monitored parameters remain within the learned normal operating pattern.,99.0
2026-01-06 11:20:00,29.605064697183312,71.3159544881379,1012.7702153003822,Normal,None,Normal,None,0.99,All monitored parameters remain within the learned normal operating pattern.,99.0
2026-01-06 11:30:00,28.23263305342801,73.55809729156469,1013.0878208176273,Normal,None,Normal,None,0.99,All monitored parameters remain within the learned normal operating pattern.,99.0
2026-01-06 11:40:00,29.80547669425158,67.32609082281748,1013.293153725374,Normal,None,Normal,None,0.99,All monitored parameters remain within the learned normal operating pattern.,99.0
2026-01-06 11:50:00,29.528528298549247,71.50529586065733,1012.7151587893676,Normal,None,Normal,None,0.99,All monitored parameters remain within the learned normal operating pattern.,99.0
2026-01-06 12:00:00,29.48049279951682,71.15327494934569,1012.7853027441154,Normal,None,Normal,None,0.99,All monitored parameters remain within the learned normal operating pattern.,99.0
2026-01-06 12:10:00,28.142977738592787,73.01392695440286,1012.5260840631072,Normal,None,Normal,None,0.99,All monitored parameters remain within the learned normal operating pattern.,99.0
2026-01-06 12:20:00,28.201013144087874,72.29467650364641,1012.9710456550821,Normal,None,Normal,None,0.99,All monitored parameters remain within the learned normal operating pattern.,99.0
2026-01-06 12:30:00,29.81023682882645,70.5606322442021,1012.5595836736373,Normal,None,Normal,None,0.99,All monitored parameters remain within the learned normal operating pattern.,99.0
2026-01-06 12:40:00,28.83834032025193,71.62192324199225,1013.2670956728581,Normal,None,Normal,None,0.99,All monitored parameters remain within the learned normal operating pattern.,99.0
2026-01-06 12:50:00,29.31790779487833,70.86253381243256,1012.0840336480906,Normal,None,Normal,None,0.99,All monitored parameters remain within the learned normal operating pattern.,99.0
2026-01-06 13:00:00,28.69857661551241,74.80017044798112,1012.7932888951651,Normal,None,Normal,None,0.99,All monitored parameters remain within the learned normal operating pattern.,99.0
2026-01-06 13:10:00,28.603472178195155,72.88328876414677,1013.1194963349216,Normal,None,Normal,None,0.99,All monitored parameters remain within the learned normal operating pattern.,99.0
2026-01-06 13:20:00,29.23460891542263,76.83441763022235,1013.0564013709584,Normal,None,Normal,None,0.99,All monitored parameters remain within the learned normal operating pattern.,99.0
2026-01-06 13:30:00,27.97606829370475,73.10087021981346,1014.3062453525404,Normal,None,Normal,None,0.99,All monitored parameters remain within the learned normal operating pattern.,99.0
2026-01-06 13:40:00,28.37136861108325,71.99424248711816,1013.1295763773767,Normal,None,Normal,None,0.99,All monitored parameters remain within the learned normal operating pattern.,99.0
2026-01-06 13:50:00,27.83090322666294,70.57112429952039,1012.4473008542269,Normal,None,Normal,None,0.99,All monitored parameters remain within the learned normal operating pattern.,99.0
2026-01-06 14:00:00,27.760099071891602,70.17832853981321,1012.8959522955594,Normal,None,Normal,None,0.99,All monitored parameters remain within the learned normal operating pattern.,99.0
2026-01-06 14:10:00,27.768089363636886,70.80087398916542,1012.0496225632265,Normal,None,Normal,None,0.99,All monitored parameters remain within the learned normal operating pattern.,99.0
2026-01-06 14:20:00,28.10166048094443,74.68634637474804,1012.8912128056205,Normal,None,Normal,None,0.99,All monitored parameters remain within the learned normal operating pattern.,99.0
2026-01-06 14:30:00,27.45031302168745,75.35082620842341,1012.5084578660791,Normal,None,Normal,None,0.99,All monitored parameters remain within the learned normal operating pattern.,99.0
2026-01-06 14:40:00,28.74814365703954,71.35054108277428,1013.3758611646522,Normal,None,Normal,None,0.99,All monitored parameters remain within the learned normal operating pattern.,99.0
2026-01-06 14:50:00,26.938984114538954,76.48073671552312,1012.6362836231959,Normal,None,Normal,None,0.99,All monitored parameters remain within the learned normal operating pattern.,99.0
2026-01-06 15:00:00,27.41724382042292,73.90039562512911,1012.8452668501919,Normal,None,Normal,None,0.99,All monitored parameters remain within the learned normal operating pattern.,99.0
2026-01-06 15:10:00,27.1280026890736,75.33401095258522,1012.5781759908298,Normal,None,Normal,None,0.99,All monitored parameters remain within the learned normal operating pattern.,99.0
2026-01-06 15:20:00,28.551426313563717,78.43675324434939,1013.7573955177718,Normal,None,Normal,None,0.99,All monitored parameters remain within the learned normal operating pattern.,99.0
2026-01-06 15:30:00,27.46618881324408,77.17578864766143,1012.71907401607,Normal,None,Normal,None,0.99,All monitored parameters remain within the learned normal operating pattern.,99.0
2026-01-06 15:40:00,28.050600151620454,75.01268966409724,1013.7874109342175,Normal,None,Normal,None,0.99,All monitored parameters remain within the learned normal operating pattern.,99.0
2026-01-06 15:50:00,25.953967885907147,73.93278318049597,1013.2693576209581,Normal,None,Normal,None,0.99,All monitored parameters remain within the learned normal operating pattern.,99.0
2026-01-06 16:00:00,27.274493346096914,71.57466293053838,1013.0941776318924,Normal,None,Normal,None,0.99,All monitored parameters remain within the learned normal operating pattern.,99.0
2026-01-06 16:10:00,27.692172693215614,74.60075724808142,1013.0280874866835,Normal,None,Normal,None,0.99,All monitored parameters remain within the learned normal operating pattern.,99.0
2026-01-06 16:20:00,26.96712036306237,75.77515317906055,1013.0309112676224,Normal,None,Normal,None,0.99,All monitored parameters remain within the learned normal operating pattern.,99.0
2026-01-06 16:30:00,27.675744510558484,74.37892052468523,1011.8601840677865,Normal,None,Normal,None,0.99,All monitored parameters remain within the learned normal operating pattern.,99.0
2026-01-06 16:40:00,26.332869647810284,76.24408525003422,1012.6743034340035,Normal,None,Normal,None,0.99,All monitored parameters remain within the learned normal operating pattern.,99.0
2026-01-06 16:50:00,27.798822440258427,76.81101478969761,1013.2257669545376,Normal,None,Normal,None,0.99,All monitored parameters remain within the learned normal operating pattern.,99.0
2026-01-06 17:00:00,28.436441151794178,76.3556427305863,1012.7679013371435,Normal,None,Normal,None,0.99,All monitored parameters remain within the learned normal operating pattern.,99.0
2026-01-06 17:10:00,26.23439372095489,75.65066569973983,1012.0786371734487,Normal,None,Normal,None,0.99,All monitored parameters remain within the learned normal operating pattern.,99.0
2026-01-06 17:20:00,26.096997340687437,77.43051062831735,1012.7436333615668,Normal,None,Normal,None,0.99,All monitored parameters remain within the learned normal operating pattern.,99.0
2026-01-06 17:30:00,27.546263162325644,78.11677013787586,1013.6102142989481,Normal,None,Normal,None,0.99,All monitored parameters remain within the learned normal operating pattern.,99.0
2026-01-06 17:40:00,27.57881894689632,75.18887938449082,1013.3696569862452,Normal,None,Normal,None,0.99,All monitored parameters remain within the learned normal operating pattern.,99.0
2026-01-06 17:50:00,25.82995569674846,80.3253773225504,1012.70298354257,Normal,None,Normal,None,0.99,All monitored parameters remain within the learned normal operating pattern.,99.0
2026-01-06 18:00:00,25.846680411156125,77.43716400576585,1013.1972106606715,Normal,None,Normal,None,0.99,All monitored parameters remain within the learned normal operating pattern.,99.0
2026-01-06 18:10:00,25.893518199384026,77.79980747294483,1012.5254602954079,Normal,None,Normal,None,0.99,All monitored parameters remain within the learned normal operating pattern.,99.0
2026-01-06 18:20:00,24.981056978482613,79.30319407189305,1011.8437343839574,Normal,None,Normal,None,0.99,All monitored parameters remain within the learned normal operating pattern.,99.0
2026-01-06 18:30:00,25.26094779066125,78.47469356682979,1012.2201234503787,Normal,None,Normal,None,0.99,All monitored parameters remain within the learned normal operating pattern.,99.0
2026-01-06 18:40:00,25.1334135017605,80.03282103750217,1013.4502183250928,Normal,None,Normal,None,0.99,All monitored parameters remain within the learned normal operating pattern.,99.0
2026-01-06 18:50:00,25.26497334105437,78.8158255441283,1012.5179274866018,Normal,None,Normal,None,0.99,All monitored parameters remain within the learned normal operating pattern.,99.0
2026-01-06 19:00:00,25.79560032306551,77.12842878476926,1012.5191161025429,Normal,None,Normal,None,0.99,All monitored parameters remain within the learned normal operating pattern.,99.0
2026-01-06 19:10:00,25.956530809977053,79.18468900251654,1012.4765084512522,Normal,None,Normal,None,0.99,All monitored parameters remain within the learned normal operating pattern.,99.0
2026-01-06 19:20:00,26.95706587868232,76.27921661649656,1013.5638521347033,Normal,None,Normal,None,0.99,All monitored parameters remain within the learned normal operating pattern.,99.0
2026-01-06 19:30:00,24.867205420604577,78.88534210516183,1013.409857888785,Normal,None,Normal,None,0.99,All monitored parameters remain within the learned normal operating pattern.,99.0
2026-01-06 19:40:00,26.404306799757997,78.69984225675763,1013.6911029331891,Normal,None,Normal,None,0.99,All monitored parameters remain within the learned normal operating pattern.,99.0
2026-01-06 19:50:00,25.39837474693716,78.44463464081977,1012.4867659103862,Normal,None,Normal,None,0.99,All monitored parameters remain within the learned normal operating pattern.,99.0
2026-01-06 20:00:00,25.48448745996995,78.69480812173835,1012.698419318348,Normal,None,Normal,None,0.99,All monitored parameters remain within the learned normal operating pattern.,99.0
2026-01-06 20:10:00,26.020200529642256,75.27561203718678,1011.7763487881913,Normal,None,Normal,None,0.99,All monitored parameters remain within the learned normal operating pattern.,99.0
2026-01-06 20:20:00,24.540265249553812,78.02566445091077,1013.256946292307,Normal,None,Normal,None,0.99,All monitored parameters remain within the learned normal operating pattern.,99.0
2026-01-06 20:30:00,25.704296811161893,79.38895177385292,1011.918145969707,Normal,None,Normal,None,0.99,All monitored parameters remain within the learned normal operating pattern.,99.0
2026-01-06 20:40:00,25.49330120582424,79.59943390548722,1012.5937294906754,Normal,None,Normal,None,0.99,All monitored parameters remain within the learned normal operating pattern.,99.0
2026-01-06 20:50:00,25.717730475075413,77.2971107904103,1011.9197473785244,Normal,None,Normal,None,0.99,All monitored parameters remain within the learned normal operating pattern.,99.0
2026-01-06 21:00:00,25.520608579829165,81.95286835232358,1012.156774830298,Normal,None,Normal,None,0.99,All monitored parameters remain within the learned normal operating pattern.,99.0
2026-01-06 21:10:00,27.220905979180543,77.75431856906735,1012.0151410197175,Normal,None,Normal,None,0.99,All monitored parameters remain within the learned normal operating pattern.,99.0
2026-01-06 21:20:00,24.71576715292247,81.48699612040642,1012.1121547338066,Normal,None,Normal,None,0.99,All monitored parameters remain within the learned normal operating pattern.,99.0
2026-01-06 21:30:00,24.772368226798548,80.46005714214336,1012.1286090503131,Normal,None,Normal,None,0.99,All monitored parameters remain within the learned normal operating pattern.,99.0
2026-01-06 21:40:00,24.67178493756509,78.3669506629026,1042.1058737467797,Likely Sensor Fault,Pressure,Confirmed Anomaly,High,0.9,"Pressure changed by +29.98 hPa in 10 minutes. The magnitude of the change is unusually large for the learned baseline, indicating a possible pressure sensor fault.",90.0
2026-01-06 21:50:00,24.700982917250208,83.2598925600622,1012.7782743669476,Recovery Reading,Pressure,Suspicious,Low,0.85,The sensor value rapidly moved back in the opposite direction following a detected anomaly. This reading is treated as a recovery rather than a separate anomaly.,85.0
2026-01-06 22:00:00,24.612467843316157,77.3679712461643,1011.7905386495452,Normal,None,Normal,None,0.99,All monitored parameters remain within the learned normal operating pattern.,99.0
2026-01-06 22:10:00,26.05255859427635,81.63561760843939,1012.4343686302601,Normal,None,Normal,None,0.99,All monitored parameters remain within the learned normal operating pattern.,99.0
2026-01-06 22:20:00,26.218679913096874,81.83661160667599,1012.9139724902179,Normal,None,Normal,None,0.99,All monitored parameters remain within the learned normal operating pattern.,99.0
2026-01-06 22:30:00,24.60858158867044,78.52840233450667,1012.0290587700664,Normal,None,Normal,None,0.99,All monitored parameters remain within the learned normal operating pattern.,99.0
2026-01-06 22:40:00,24.38417409042841,82.68481350230508,1011.9071325236064,Normal,None,Normal,None,0.99,All monitored parameters remain within the learned normal operating pattern.,99.0
2026-01-06 22:50:00,25.41405479548115,79.42606227005805,1012.1310376118471,Normal,None,Normal,None,0.99,All monitored parameters remain within the learned normal operating pattern.,99.0
2026-01-06 23:00:00,24.583996857454256,80.52583667280165,1012.8161454060269,Normal,None,Normal,None,0.99,All monitored parameters remain within the learned normal operating pattern.,99.0
2026-01-06 23:10:00,25.522967298242037,80.48739998946718,1012.3030964223896,Normal,None,Normal,None,0.99,All monitored parameters remain within the learned normal operating pattern.,99.0
2026-01-06 23:20:00,25.171804089119618,79.71245117218174,1011.9199742203892,Normal,None,Normal,None,0.99,All monitored parameters remain within the learned normal operating pattern.,99.0
2026-01-06 23:30:00,23.791714354190468,81.61299725394305,1012.4068394599864,Normal,None,Normal,None,0.99,All monitored parameters remain within the learned normal operating pattern.,99.0
2026-01-06 23:40:00,26.239159992823204,81.58466577758611,1011.5928579042408,Normal,None,Normal,None,0.99,All monitored parameters remain within the learned normal operating pattern.,99.0
2026-01-06 23:50:00,26.43670763163809,76.5029250672003,1012.463571751098,Normal,None,Normal,None,0.99,All monitored parameters remain within the learned normal operating pattern.,99.0
2026-01-07 00:00:00,24.51062813904999,82.6069623028813,1012.3058709538055,Normal,None,Normal,None,0.99,All monitored parameters remain within the learned normal operating pattern.,99.0
2026-01-07 00:10:00,24.693555036526067,76.66758345497894,1011.9261277925468,Normal,None,Normal,None,0.99,All monitored parameters remain within the learned normal operating pattern.,99.0
2026-01-07 00:20:00,25.237268239725495,82.04794055439217,1011.6389954389606,Normal,None,Normal,None,0.99,All monitored parameters remain within the learned normal operating pattern.,99.0
2026-01-07 00:30:00,25.283001503753713,82.22253813012698,1011.5929979477227,Normal,None,Normal,None,0.99,All monitored parameters remain within the learned normal operating pattern.,99.0
2026-01-07 00:40:00,25.55112938700631,77.76947920183352,1012.281593107701,Normal,None,Normal,None,0.99,All monitored parameters remain within the learned normal operating pattern.,99.0
2026-01-07 00:50:00,26.643309699333276,79.10807928745044,1012.6063189012356,Normal,None,Normal,None,0.99,All monitored parameters remain within the learned normal operating pattern.,99.0
2026-01-07 01:00:00,24.906430238736085,77.69261462156548,1011.650619406777,Normal,None,Normal,None,0.99,All monitored parameters remain within the learned normal operating pattern.,99.0
2026-01-07 01:10:00,24.424176883572613,79.44452858101577,1012.1757139422409,Normal,None,Normal,None,0.99,All monitored parameters remain within the learned normal operating pattern.,99.0
2026-01-07 01:20:00,23.97616471898069,79.2246912288439,1010.8800593510186,Normal,None,Normal,None,0.99,All monitored parameters remain within the learned normal operating pattern.,99.0
2026-01-07 01:30:00,24.51365351993615,81.36252596075931,1011.6081235238765,Normal,None,Normal,None,0.99,All monitored parameters remain within the learned normal operating pattern.,99.0
2026-01-07 01:40:00,25.092637926623098,82.38233848239496,1011.861572029349,Normal,None,Normal,None,0.99,All monitored parameters remain within the learned normal operating pattern.,99.0
2026-01-07 01:50:00,26.577483938181864,82.50769232684465,1011.3987408093094,Normal,None,Normal,None,0.99,All monitored parameters remain within the learned normal operating pattern.,99.0
2026-01-07 02:00:00,24.75239384285833,78.54269818266886,1011.3616246244471,Normal,None,Normal,None,0.99,All monitored parameters remain within the learned normal operating pattern.,99.0
2026-01-07 02:10:00,25.372095692882375,79.19542558936844,1011.4720999748737,Normal,None,Normal,None,0.99,All monitored parameters remain within the learned normal operating pattern.,99.0
2026-01-07 02:20:00,25.208436025039557,76.18997493176258,1011.9280170993329,Normal,None,Normal,None,0.99,All monitored parameters remain within the learned normal operating pattern.,99.0
2026-01-07 02:30:00,26.20271310576129,77.88426289300197,1011.6640086605258,Normal,None,Normal,None,0.99,All monitored parameters remain within the learned normal operating pattern.,99.0
2026-01-07 02:40:00,27.305871513958703,81.3610521196753,1010.614133869717,Normal,None,Normal,None,0.99,All monitored parameters remain within the learned normal operating pattern.,99.0
2026-01-07 02:50:00,24.893847626030183,82.59408035836358,1010.6483020560433,Normal,None,Normal,None,0.99,All monitored parameters remain within the learned normal operating pattern.,99.0
2026-01-07 03:00:00,24.96308443252299,76.82203028316502,1011.3804509833864,Normal,None,Normal,None,0.99,All monitored parameters remain within the learned normal operating pattern.,99.0
2026-01-07 03:10:00,26.227919835656692,78.02988921369135,1011.8877895810647,Normal,None,Normal,None,0.99,All monitored parameters remain within the learned normal operating pattern.,99.0
2026-01-07 03:20:00,25.977906066498477,79.08240273648728,1010.26009035687,Normal,None,Normal,None,0.99,All monitored parameters remain within the learned normal operating pattern.,99.0
2026-01-07 03:30:00,26.951391117461647,79.61227180389358,1011.3587104701812,Normal,None,Normal,None,0.99,All monitored parameters remain within the learned normal operating pattern.,99.0
2026-01-07 03:40:00,25.98461414273694,77.34584977120437,1011.3200232316145,Normal,None,Normal,None,0.99,All monitored parameters remain within the learned normal operating pattern.,99.0
2026-01-07 03:50:00,25.275280802215114,79.72269313923866,1012.2517290200973,Normal,None,Normal,None,0.99,All monitored parameters remain within the learned normal operating pattern.,99.0
2026-01-07 04:00:00,26.082259629737266,77.83284977549134,1011.3393061295664,Normal,None,Normal,None,0.99,All monitored parameters remain within the learned normal operating pattern.,99.0
2026-01-07 04:10:00,26.545479484398264,78.65406221837956,1011.6974149449777,Normal,None,Normal,None,0.99,All monitored parameters remain within the learned normal operating pattern.,99.0
2026-01-07 04:20:00,26.365423233276022,79.67449351937114,1011.5505015474137,Normal,None,Normal,None,0.99,All monitored parameters remain within the learned normal operating pattern.,99.0
2026-01-07 04:30:00,26.16709734707938,78.49028829523479,1010.3883939797503,Normal,None,Normal,None,0.99,All monitored parameters remain within the learned normal operating pattern.,99.0
2026-01-07 04:40:00,26.668557335819994,77.49679305064953,1011.8114394125757,Normal,None,Normal,None,0.99,All monitored parameters remain within the learned normal operating pattern.,99.0
2026-01-07 04:50:00,26.806270728260955,78.03911188033952,1011.508549623312,Normal,None,Normal,None,0.99,All monitored parameters remain within the learned normal operating pattern.,99.0
2026-01-07 05:00:00,27.03383303980645,77.96706238763647,1011.6283608921889,Normal,None,Normal,None,0.99,All monitored parameters remain within the learned normal operating pattern.,99.0
2026-01-07 05:10:00,26.505977313680585,77.28595913301801,1013.3105829305721,Normal,None,Normal,None,0.99,All monitored parameters remain within the learned normal operating pattern.,99.0
2026-01-07 05:20:00,25.913826853720487,77.38736523871785,1010.2785100974289,Normal,None,Normal,None,0.99,All monitored parameters remain within the learned normal operating pattern.,99.0
2026-01-07 05:30:00,26.226988286780458,80.97805966574184,1012.1558850618212,Normal,None,Normal,None,0.99,All monitored parameters remain within the learned normal operating pattern.,99.0
2026-01-07 05:40:00,27.138479748467006,78.77529374536184,1011.1226535353156,Normal,None,Normal,None,0.99,All monitored parameters remain within the learned normal operating pattern.,99.0
2026-01-07 05:50:00,25.584912981820136,76.93211632672183,1011.3827554149665,Normal,None,Normal,None,0.99,All monitored parameters remain within the learned normal operating pattern.,99.0
2026-01-07 06:00:00,26.600096687846772,78.78359272752456,1011.1889243516137,Normal,None,Normal,None,0.99,All monitored parameters remain within the learned normal operating pattern.,99.0
2026-01-07 06:10:00,27.658664360660637,72.58569019944294,1008.5720304093309,Normal,None,Normal,None,0.99,All monitored parameters remain within the learned normal operating pattern.,99.0
2026-01-07 06:20:00,29.665962161620936,71.46031666862712,1006.0715815626237,Normal,None,Normal,None,0.99,All monitored parameters remain within the learned normal operating pattern.,99.0
2026-01-07 06:30:00,32.336784301872605,65.71123876082265,1004.0934859647607,Possible Genuine Weather Event,Multiple,Weather Event,Informational,0.9,"Temperature, humidity and pressure changed together over a temporal window, forming a consistent multi-parameter weather pattern. The event is therefore more likely to represent a genuine atmospheric change than an isolated sensor fault.",90.0
2026-01-07 06:40:00,33.139355711896705,60.61244279702997,1000.7422652205688,Possible Genuine Weather Event,Multiple,Weather Event,Informational,0.9,"Temperature, humidity and pressure changed together over a temporal window, forming a consistent multi-parameter weather pattern. The event is therefore more likely to represent a genuine atmospheric change than an isolated sensor fault.",90.0
2026-01-07 06:50:00,34.697447440341705,57.574837447986965,999.448151819809,Possible Genuine Weather Event,Multiple,Weather Event,Informational,0.9,"Temperature, humidity and pressure changed together over a temporal window, forming a consistent multi-parameter weather pattern. The event is therefore more likely to represent a genuine atmospheric change than an isolated sensor fault.",90.0
2026-01-07 07:00:00,25.647573545155247,73.38733077998464,1010.8366677005283,Weather Event Recovery,Multiple,Weather Event,Informational,0.9,The previous readings showed a consistent multi-parameter weather pattern. The current reading represents the recovery from that weather event rather than a sensor fault.,90.0
2026-01-07 07:10:00,27.408929955354903,74.12261085711414,1010.4515282154907,Normal,None,Normal,None,0.99,All monitored parameters remain within the learned normal operating pattern.,99.0
2026-01-07 07:20:00,27.406060832810507,73.8328030114066,1010.7632525789969,Normal,None,Normal,None,0.99,All monitored parameters remain within the learned normal operating pattern.,99.0
2026-01-07 07:30:00,28.699270232873197,76.34855328106977,1011.5884307163874,Normal,None,Normal,None,0.99,All monitored parameters remain within the learned normal operating pattern.,99.0
2026-01-07 07:40:00,26.802651754145895,79.36728131475358,1010.6636894873419,Normal,None,Normal,None,0.99,All monitored parameters remain within the learned normal operating pattern.,99.0
2026-01-07 07:50:00,27.305585267323075,80.20207028200142,1011.0819914413737,Normal,None,Normal,None,0.99,All monitored parameters remain within the learned normal operating pattern.,99.0
2026-01-07 08:00:00,27.412312770062297,76.85049055669413,1010.5086036392981,Normal,None,Normal,None,0.99,All monitored parameters remain within the learned normal operating pattern.,99.0
2026-01-07 08:10:00,28.55842633827033,76.4087615209698,1011.2242722644793,Normal,None,Normal,None,0.99,All monitored parameters remain within the learned normal operating pattern.,99.0
2026-01-07 08:20:00,27.304968724316453,71.63547423124248,1011.1592100715312,Normal,None,Normal,None,0.99,All monitored parameters remain within the learned normal operating pattern.,99.0
2026-01-07 08:30:00,27.69021338767447,73.98066006641557,1011.7118236729294,Normal,None,Normal,None,0.99,All monitored parameters remain within the learned normal operating pattern.,99.0
2026-01-07 08:40:00,28.04011958873516,73.31682773425968,1010.6707214286696,Normal,None,Normal,None,0.99,All monitored parameters remain within the learned normal operating pattern.,99.0
2026-01-07 08:50:00,27.790876299589485,73.47512680136897,1011.063738947302,Normal,None,Normal,None,0.99,All monitored parameters remain within the learned normal operating pattern.,99.0
2026-01-07 09:00:00,27.37317395191754,74.2030706757145,1010.7492803715508,Normal,None,Normal,None,0.99,All monitored parameters remain within the learned normal operating pattern.,99.0
2026-01-07 09:10:00,27.975234340119986,73.41589415300305,1011.3189473852372,Normal,None,Normal,None,0.99,All monitored parameters remain within the learned normal operating pattern.,99.0
2026-01-07 09:20:00,28.769382980460538,70.22044521810298,1010.2822929580336,Normal,None,Normal,None,0.99,All monitored parameters remain within the learned normal operating pattern.,99.0
2026-01-07 09:30:00,27.18061803094009,75.4921599712972,1010.9848451668961,Normal,None,Normal,None,0.99,All monitored parameters remain within the learned normal operating pattern.,99.0
2026-01-07 09:40:00,28.200359541762513,71.66654634363037,1010.4855658646275,Normal,None,Normal,None,0.99,All monitored parameters remain within the learned normal operating pattern.,99.0
2026-01-07 09:50:00,27.626804590536885,74.10469124324585,1010.5213340186383,Normal,None,Normal,None,0.99,All monitored parameters remain within the learned normal operating pattern.,99.0
2026-01-07 10:00:00,29.236582653560674,77.58707463865835,1010.5697624907239,Normal,None,Normal,None,0.99,All monitored parameters remain within the learned normal operating pattern.,99.0
2026-01-07 10:10:00,27.156329070998325,71.41147362717648,1010.6204120948992,Normal,None,Normal,None,0.99,All monitored parameters remain within the learned normal operating pattern.,99.0
2026-01-07 10:20:00,28.02272569026967,67.99969861833347,1010.4065334955279,Normal,None,Normal,None,0.99,All monitored parameters remain within the learned normal operating pattern.,99.0
2026-01-07 10:30:00,28.86723050159764,72.29706955314772,1010.542314171595,Normal,None,Normal,None,0.99,All monitored parameters remain within the learned normal operating pattern.,99.0
2026-01-07 10:40:00,29.914053004143277,74.87865170848555,1011.1942825891956,Normal,None,Normal,None,0.99,All monitored parameters remain within the learned normal operating pattern.,99.0
2026-01-07 10:50:00,28.705742751979844,76.40000898676472,1010.8681737804434,Normal,None,Normal,None,0.99,All monitored parameters remain within the learned normal operating pattern.,99.0
2026-01-07 11:00:00,28.41139016057779,69.82980124723048,1010.7802139913232,Normal,None,Normal,None,0.99,All monitored parameters remain within the learned normal operating pattern.,99.0
2026-01-07 11:10:00,30.458140940281186,73.08696787701561,1010.0880200568903,Normal,None,Normal,None,0.99,All monitored parameters remain within the learned normal operating pattern.,99.0
2026-01-07 11:20:00,27.892889205750873,70.96677843427216,1009.841290888645,Normal,None,Normal,None,0.99,All monitored parameters remain within the learned normal operating pattern.,99.0
2026-01-07 11:30:00,27.39072082941234,71.48857210197492,1010.7336544165757,Normal,None,Normal,None,0.99,All monitored parameters remain within the learned normal operating pattern.,99.0
2026-01-07 11:40:00,29.600583186965128,76.79154344018914,1010.6640947169423,Normal,None,Normal,None,0.99,All monitored parameters remain within the learned normal operating pattern.,99.0
2026-01-07 11:50:00,28.94603544299019,68.29870169826515,1010.9324511895481,Normal,None,Normal,None,0.99,All monitored parameters remain within the learned normal operating pattern.,99.0
2026-01-07 12:00:00,28.63006120669693,71.61338440218614,1009.8641504189802,Normal,None,Normal,None,0.99,All monitored parameters remain within the learned normal operating pattern.,99.0
2026-01-07 12:10:00,30.11332287281034,71.84211091358915,1010.0213746373646,Normal,None,Normal,None,0.99,All monitored parameters remain within the learned normal operating pattern.,99.0
2026-01-07 12:20:00,29.841450242636782,72.87875330663906,1009.2864014748087,Normal,None,Normal,None,0.99,All monitored parameters remain within the learned normal operating pattern.,99.0
2026-01-07 12:30:00,29.295060438374517,70.70331962101399,1009.8798919585403,Normal,None,Normal,None,0.99,All monitored parameters remain within the learned normal operating pattern.,99.0
2026-01-07 12:40:00,28.822095165884345,70.92342370936608,1010.5443890944238,Normal,None,Normal,None,0.99,All monitored parameters remain within the learned normal operating pattern.,99.0
2026-01-07 12:50:00,30.644381474885098,69.32387164063447,1009.7828278575033,Normal,None,Normal,None,0.99,All monitored parameters remain within the learned normal operating pattern.,99.0
2026-01-07 13:00:00,30.56667495803751,70.44522585114905,1010.3062855419403,Normal,None,Normal,None,0.99,All monitored parameters remain within the learned normal operating pattern.,99.0
2026-01-07 13:10:00,30.067253085805966,69.02042789534624,1009.8607655867821,Normal,None,Normal,None,0.99,All monitored parameters remain within the learned normal operating pattern.,99.0
2026-01-07 13:20:00,31.72392438182699,70.74991420973438,1010.088021556392,Normal,None,Normal,None,0.99,All monitored parameters remain within the learned normal operating pattern.,99.0
2026-01-07 13:30:00,29.490469139886507,68.56770542201788,1009.322130665331,Normal,None,Normal,None,0.99,All monitored parameters remain within the learned normal operating pattern.,99.0
2026-01-07 13:40:00,29.225900096378027,69.86156032156875,1009.9085748261264,Normal,None,Normal,None,0.99,All monitored parameters remain within the learned normal operating pattern.,99.0
2026-01-07 13:50:00,29.992398177672193,68.84962510547567,1008.3404092866537,Normal,None,Normal,None,0.99,All monitored parameters remain within the learned normal operating pattern.,99.0
2026-01-07 14:00:00,30.60884142101113,70.96148003335327,1009.712552798807,Normal,None,Normal,None,0.99,All monitored parameters remain within the learned normal operating pattern.,99.0
2026-01-07 14:10:00,30.939108761593314,68.4083381485527,1008.9608073004224,Normal,None,Normal,None,0.99,All monitored parameters remain within the learned normal operating pattern.,99.0
2026-01-07 14:20:00,30.650276962530093,64.76740344595592,1010.3491066652242,Normal,None,Normal,None,0.99,All monitored parameters remain within the learned normal operating pattern.,99.0
2026-01-07 14:30:00,31.223400762045628,70.6403301117596,1010.1049040077053,Normal,None,Normal,None,0.99,All monitored parameters remain within the learned normal operating pattern.,99.0
2026-01-07 14:40:00,30.038638096993104,66.10879612558385,1009.9196551832526,Normal,None,Normal,None,0.99,All monitored parameters remain within the learned normal operating pattern.,99.0
2026-01-07 14:50:00,32.29257774403592,66.41733520114774,1010.4169735973946,Normal,None,Normal,None,0.99,All monitored parameters remain within the learned normal operating pattern.,99.0
2026-01-07 15:00:00,31.16908561987921,66.33906428672648,1009.1521974364211,Normal,None,Normal,None,0.99,All monitored parameters remain within the learned normal operating pattern.,99.0
2026-01-07 15:10:00,32.225388834255575,70.0857718483715,1010.470559917709,Normal,None,Normal,None,0.99,All monitored parameters remain within the learned normal operating pattern.,99.0
2026-01-07 15:20:00,31.701944382594707,62.87312336105752,1010.0332371153753,Normal,None,Normal,None,0.99,All monitored parameters remain within the learned normal operating pattern.,99.0
2026-01-07 15:30:00,31.88880638686689,73.22868944423226,1009.4191700763358,Normal,None,Normal,None,0.99,All monitored parameters remain within the learned normal operating pattern.,99.0
2026-01-07 15:40:00,32.07424678009598,68.87524770631165,1010.0756105277272,Normal,None,Normal,None,0.99,All monitored parameters remain within the learned normal operating pattern.,99.0
2026-01-07 15:50:00,32.07098030008234,67.02085092412135,1008.9250557502511,Normal,None,Normal,None,0.99,All monitored parameters remain within the learned normal operating pattern.,99.0
2026-01-07 16:00:00,32.32068568135987,66.27719705183576,1009.0363997618431,Normal,None,Normal,None,0.99,All monitored parameters remain within the learned normal operating pattern.,99.0
2026-01-07 16:10:00,32.96279949278608,66.77215321235504,1009.114871561426,Normal,None,Normal,None,0.99,All monitored parameters remain within the learned normal operating pattern.,99.0
2026-01-07 16:20:00,32.148903112231345,67.05887250381834,1009.1252453486655,Normal,None,Normal,None,0.99,All monitored parameters remain within the learned normal operating pattern.,99.0
2026-01-07 16:30:00,32.65029964678022,67.1242378904813,1008.8320843092748,Normal,None,Normal,None,0.99,All monitored parameters remain within the learned normal operating pattern.,99.0
2026-01-07 16:40:00,32.10188366976784,66.76386448161166,1009.9425976834312,Normal,None,Normal,None,0.99,All monitored parameters remain within the learned normal operating pattern.,99.0
2026-01-07 16:50:00,33.41547040070379,65.65240810582208,1009.1723889967425,Normal,None,Normal,None,0.99,All monitored parameters remain within the learned normal operating pattern.,99.0
2026-01-07 17:00:00,31.811060056070033,64.90097536395045,1009.4488986857922,Normal,None,Normal,None,0.99,All monitored parameters remain within the learned normal operating pattern.,99.0
2026-01-07 17:10:00,33.88078079078242,64.81739654378545,1008.9583734035538,Normal,None,Normal,None,0.99,All monitored parameters remain within the learned normal operating pattern.,99.0
2026-01-07 17:20:00,32.49477869700586,64.55637332425196,1008.3042261176091,Normal,None,Normal,None,0.99,All monitored parameters remain within the learned normal operating pattern.,99.0
2026-01-07 17:30:00,31.46814883613781,67.04200235806964,1009.3206138320982,Normal,None,Normal,None,0.99,All monitored parameters remain within the learned normal operating pattern.,99.0
2026-01-07 17:40:00,32.80006914412617,65.79194222016665,1008.2005966541428,Normal,None,Normal,None,0.99,All monitored parameters remain within the learned normal operating pattern.,99.0
2026-01-07 17:50:00,32.236479821139675,58.556580436432284,1009.0936306035488,Normal,None,Normal,None,0.99,All monitored parameters remain within the learned normal operating pattern.,99.0
2026-01-07 18:00:00,33.536456801607294,65.5839176282269,1008.4151009710941,Normal,None,Normal,None,0.99,All monitored parameters remain within the learned normal operating pattern.,99.0
2026-01-07 18:10:00,32.42331576122979,64.49864250009415,1010.0642976078612,Normal,None,Normal,None,0.99,All monitored parameters remain within the learned normal operating pattern.,99.0
2026-01-07 18:20:00,32.66876069393537,63.91116760609383,1009.4978352064772,Normal,None,Normal,None,0.99,All monitored parameters remain within the learned normal operating pattern.,99.0
2026-01-07 18:30:00,31.593154684912417,63.01338855448455,1009.0666209538408,Normal,None,Normal,None,0.99,All monitored parameters remain within the learned normal operating pattern.,99.0
2026-01-07 18:40:00,32.82077768252543,65.88297996412264,1009.617286432164,Normal,None,Normal,None,0.99,All monitored parameters remain within the learned normal operating pattern.,99.0
2026-01-07 18:50:00,31.320079188464344,65.3766876247107,1008.5340657987954,Normal,None,Normal,None,0.99,All monitored parameters remain within the learned normal operating pattern.,99.0
2026-01-07 19:00:00,32.06731406212893,61.78537202251778,1009.2008586566722,Normal,None,Normal,None,0.99,All monitored parameters remain within the learned normal operating pattern.,99.0
2026-01-07 19:10:00,34.01668531553568,63.99739739300858,1009.0010266657105,Normal,None,Normal,None,0.99,All monitored parameters remain within the learned normal operating pattern.,99.0
2026-01-07 19:20:00,34.109544960655384,61.094876863447986,1009.0052440780735,Normal,None,Normal,None,0.99,All monitored parameters remain within the learned normal operating pattern.,99.0
2026-01-07 19:30:00,33.892427022034695,60.13664172520869,1009.4816362773608,Normal,None,Normal,None,0.99,All monitored parameters remain within the learned normal operating pattern.,99.0
2026-01-07 19:40:00,32.848212574219474,61.502978573374385,1009.1840467529344,Normal,None,Normal,None,0.99,All monitored parameters remain within the learned normal operating pattern.,99.0
2026-01-07 19:50:00,33.65190534922672,64.3446380764849,1008.9346221629297,Normal,None,Normal,None,0.99,All monitored parameters remain within the learned normal operating pattern.,99.0
2026-01-07 20:00:00,33.75399441141574,64.39249720537579,1007.9353974586417,Normal,None,Normal,None,0.99,All monitored parameters remain within the learned normal operating pattern.,99.0
2026-01-07 20:10:00,32.89548098958143,63.38182535832366,1008.2555228370055,Normal,None,Normal,None,0.99,All monitored parameters remain within the learned normal operating pattern.,99.0
2026-01-07 20:20:00,35.08865580033513,63.678317255853166,1008.647023023351,Normal,None,Normal,None,0.99,All monitored parameters remain within the learned normal operating pattern.,99.0
2026-01-07 20:30:00,34.650033973104826,63.13606829294133,1008.7280246026737,Normal,None,Normal,None,0.99,All monitored parameters remain within the learned normal operating pattern.,99.0
2026-01-07 20:40:00,33.831997415240075,60.69949930094648,1008.0893296077684,Normal,None,Normal,None,0.99,All monitored parameters remain within the learned normal operating pattern.,99.0
2026-01-07 20:50:00,34.08929537348916,62.72827168476083,1009.8334976877098,Normal,None,Normal,None,0.99,All monitored parameters remain within the learned normal operating pattern.,99.0
2026-01-07 21:00:00,34.29188057729707,63.35047038857731,1009.3592217651596,Normal,None,Normal,None,0.99,All monitored parameters remain within the learned normal operating pattern.,99.0
2026-01-07 21:10:00,32.54752074523858,63.146765379671116,1008.8755894619126,Normal,None,Normal,None,0.99,All monitored parameters remain within the learned normal operating pattern.,99.0
2026-01-07 21:20:00,34.037225385762085,63.907892159392176,1008.584197127841,Normal,None,Normal,None,0.99,All monitored parameters remain within the learned normal operating pattern.,99.0
2026-01-07 21:30:00,33.74174122189347,62.841950453818704,1008.4158680794471,Normal,None,Normal,None,0.99,All monitored parameters remain within the learned normal operating pattern.,99.0
2026-01-07 21:40:00,33.5366756318191,62.026953135613105,1008.0199552991418,Normal,None,Normal,None,0.99,All monitored parameters remain within the learned normal operating pattern.,99.0
2026-01-07 21:50:00,34.161995818694656,63.36654837062602,1008.508747461725,Normal,None,Normal,None,0.99,All monitored parameters remain within the learned normal operating pattern.,99.0
2026-01-07 22:00:00,35.872171481283544,61.078912961894034,1008.5731294503075,Normal,None,Normal,None,0.99,All monitored parameters remain within the learned normal operating pattern.,99.0
2026-01-07 22:10:00,34.99206565352497,59.27746796852185,1007.7977747552629,Normal,None,Normal,None,0.99,All monitored parameters remain within the learned normal operating pattern.,99.0
2026-01-07 22:20:00,34.06602199191512,60.627935704629756,1008.5603035643104,Normal,None,Normal,None,0.99,All monitored parameters remain within the learned normal operating pattern.,99.0
2026-01-07 22:30:00,35.02279247872307,59.38074220311083,1008.2903071429196,Normal,None,Normal,None,0.99,All monitored parameters remain within the learned normal operating pattern.,99.0
