timestamp,temperature,humidity,pressure,anomaly_type,ml_prediction,ml_result,temperature_frozen,humidity_frozen,pressure_frozen,frozen_sensor,temp_change,humidity_change,pressure_change,parameter_behavior,weather_event_window,expected_humidity,humidity_residual,humidity_residual_abnormal,drift_evidence,humidity_drift_detected,humidity_drift_improved,pressure_spike_detected,recovery_reading,pressure_recovery,temperature_recovery,temperature_spike_detected,final_decision,alert_level,severity,confidence,explanation,affected_sensor,weather_event_recovery,humidity_residual_signed,rolling_humidity_residual,temporal_drift_detected
2026-01-01 00:00:00,30.397371322408986,72.798710873172,1009.6624108625128,Normal,1,Normal,False,False,False,False,0.0,0.0,0.0,Normal Change,Not Enough Evidence,69.39203574234418,3.4066751308278214,False,,False,False,False,False,False,False,False,Normal,Normal,None,0.99,All monitored parameters remain within the learned normal operating pattern.,None,False,3.4066751308278214,,False
2026-01-01 00:10:00,29.989481972590422,71.6490805387708,1009.9577701931718,Normal,1,Normal,False,False,False,False,-0.4078893498185643,-1.1496303344011949,0.2953593306589255,Normal Change,Not Enough Evidence,70.16687790276251,1.4822026360082958,False,,False,False,False,False,False,False,False,Normal,Normal,None,0.99,All monitored parameters remain within the learned normal operating pattern.,None,False,1.4822026360082958,,False
2026-01-01 00:20:00,30.718297541314787,69.71896731817188,1009.6638460876164,Normal,1,Normal,False,False,False,False,0.7288155687243645,-1.9301132205989262,-0.2939241055553339,Normal Change,Not Enough Evidence,68.78533145313575,0.9336358650361234,False,0.0,False,False,False,False,False,False,False,Normal,Normal,None,0.99,All monitored parameters remain within the learned normal operating pattern.,None,False,0.9336358650361234,,False
2026-01-01 00:30:00,31.518543676904606,68.10588686103247,1009.9360957853,Normal,1,Normal,False,False,False,False,0.8002461355898198,-1.6130804571394037,0.2722496976836055,Normal Change,Not Enough Evidence,67.27586037296146,0.8300264880710131,False,0.0,False,False,False,False,False,False,False,Normal,Normal,None,0.99,All monitored parameters remain within the learned normal operating pattern.,None,False,0.8300264880710131,,False
2026-01-01 00:40:00,30.212649888587894,70.59650145049405,1009.1732806930237,Normal,1,Normal,False,False,False,False,-1.3058937883167125,2.490614589461572,-0.7628150922763552,Normal Change,Not Enough Evidence,69.73510926706832,0.8613921834257212,False,0.0,False,False,False,False,False,False,False,Normal,Normal,None,0.99,All monitored parameters remain within the learned normal operating pattern.,None,False,0.8613921834257212,,False
2026-01-01 00:50:00,30.31235551525585,69.7876406092131,1010.2567343238122,Normal,1,Normal,False,False,False,False,0.09970562666795502,-0.8088608412809464,1.08345363078854,Normal Change,Not Enough Evidence,69.56023236709005,0.22740824212304744,False,0.0,False,False,False,False,False,False,False,Normal,Normal,None,0.99,All monitored parameters remain within the learned normal operating pattern.,None,False,0.22740824212304744,,False
2026-01-01 01:00:00,31.86252756599378,70.59207181287974,1010.180674612748,Normal,1,Normal,False,False,False,False,1.550172050737931,0.8044312036666383,-0.07605971106420384,Normal Change,No Consistent Weather Pattern,66.62862130511613,3.9634505077636106,False,0.0,False,False,False,False,False,False,False,Normal,Normal,None,0.99,All monitored parameters remain within the learned normal operating pattern.,None,False,3.9634505077636106,1.6721130076079476,False
2026-01-01 01:10:00,31.31235719473232,69.87352478054395,1009.8014939213687,Normal,1,Normal,False,False,False,False,-0.5501703712614585,-0.7185470323357919,-0.3791806913793607,Normal Change,No Consistent Weather Pattern,67.663971105944,2.2095536745999453,False,0.0,False,False,False,False,False,False,False,Normal,Normal,None,0.99,All monitored parameters remain within the learned normal operating pattern.,None,False,2.2095536745999453,1.501095656718251,False
2026-01-01 01:20:00,30.4218020865022,70.50434224013836,1010.5696063872361,Normal,1,Normal,False,False,False,False,-0.8905551082301209,0.6308174595944109,0.7681124658674889,Normal Change,No Consistent Weather Pattern,69.35725288218859,1.147089357949767,False,0.0,False,False,False,False,False,False,False,Normal,Normal,None,0.99,All monitored parameters remain within the learned normal operating pattern.,None,False,1.147089357949767,1.4532223312813184,False
2026-01-01 01:30:00,31.330082233131836,67.13746118035274,1010.7386898917271,Normal,1,Normal,False,False,False,False,0.908280146629636,-3.3668810597856123,0.16908350449091358,Normal Change,No Consistent Weather Pattern,67.6422427924221,0.5047816120693511,False,0.0,False,False,False,False,False,False,False,Normal,Normal,None,0.99,All monitored parameters remain within the learned normal operating pattern.,None,False,-0.5047816120693511,1.2477341202662504,False
2026-01-01 01:40:00,30.623593527437524,70.64613276789366,1009.4960191163046,Normal,1,Normal,False,False,False,False,-0.7064887056943121,3.508671587540917,-1.2426707754224253,Normal Change,No Consistent Weather Pattern,68.96226297633945,1.6838697915542156,False,0.0,False,False,False,False,False,False,False,Normal,Normal,None,0.99,All monitored parameters remain within the learned normal operating pattern.,None,False,1.6838697915542156,1.3697117350495651,False
2026-01-01 01:50:00,30.7196388478368,68.2107539079988,1009.9483008450774,Normal,1,Normal,False,False,False,False,0.09604532039927705,-2.4353788598948682,0.4522817287727321,Normal Change,No Consistent Weather Pattern,68.78637154842681,0.5756176404280211,False,0.0,False,False,False,False,False,False,False,Normal,Normal,None,0.99,All monitored parameters remain within the learned normal operating pattern.,None,False,-0.5756176404280211,1.1644246173561734,False
2026-01-01 02:00:00,31.383249687421703,71.77116200491278,1009.9749232132591,Normal,1,Normal,False,False,False,False,0.6636108395849014,3.5604080969139886,0.02662236818173369,Normal Change,No Consistent Weather Pattern,67.53212652985371,4.239035475059069,False,0.0,False,False,False,False,False,False,False,Normal,Normal,None,0.99,All monitored parameters remain within the learned normal operating pattern.,None,False,4.239035475059069,1.7375142220613193,False
2026-01-01 02:10:00,29.756036084722815,66.04830380292276,1009.9193379702455,Normal,1,Normal,False,False,False,False,-1.6272136026988875,-5.722858201990022,-0.05558524301363832,Normal Change,No Consistent Weather Pattern,70.60773245243803,4.559428649515269,False,0.0,False,False,False,False,False,False,False,Normal,Normal,None,0.99,All monitored parameters remain within the learned normal operating pattern.,None,False,-4.559428649515269,0.5199600567357651,False
2026-01-01 02:20:00,30.00319074695638,70.70567758039688,1010.8337830678119,Normal,1,Normal,False,False,False,False,0.24715466223356586,4.65737377747412,0.9144450975663858,Normal Change,No Consistent Weather Pattern,70.15197334490935,0.5537042354875297,False,0.0,False,False,False,False,False,False,False,Normal,Normal,None,0.99,All monitored parameters remain within the learned normal operating pattern.,None,False,0.5537042354875297,0.2834101368625629,False
2026-01-01 02:30:00,31.02920538243999,67.43775075525976,1010.3518467153566,Normal,1,Normal,False,False,False,False,1.0260146354836088,-3.267926825137124,-0.48193635245525,Normal Change,No Consistent Weather Pattern,68.20619807836081,0.7684473231010571,False,0.0,False,False,False,False,False,False,False,Normal,Normal,None,0.99,All monitored parameters remain within the learned normal operating pattern.,None,False,-0.7684473231010571,0.009762039569588004,False
2026-01-01 02:40:00,30.76408812306261,65.54845795411082,1010.3461715364948,Normal,1,Normal,False,False,False,False,-0.26511725937738007,-1.8892928011489403,-0.005675178861793029,Normal Change,No Consistent Weather Pattern,68.70734026149171,3.1588823073808925,False,0.0,False,False,False,False,False,False,False,Normal,Normal,None,0.99,All monitored parameters remain within the learned normal operating pattern.,None,False,-3.1588823073808925,-0.36939520261777503,False
2026-01-01 02:50:00,31.920437517397122,65.69414902924956,1009.5061190090289,Normal,1,Normal,False,False,False,False,1.1563493943345122,0.14569107513874258,-0.8400525274659003,Normal Change,No Consistent Weather Pattern,66.51066065753946,0.8165116282899021,False,0.0,False,False,False,False,False,False,False,Normal,Normal,None,0.99,All monitored parameters remain within the learned normal operating pattern.,None,False,-0.8165116282899021,-0.7265925483097918,False
2026-01-01 03:00:00,31.03663809213972,65.83319067849799,1010.8553295340624,Normal,1,Normal,False,False,False,False,-0.8837994252574006,0.13904164924842632,1.3492105250335271,Normal Change,No Consistent Weather Pattern,68.19847556433261,2.365284885834626,False,0.0,False,False,False,False,False,False,False,Normal,Normal,None,0.99,All monitored parameters remain within the learned normal operating pattern.,None,False,-2.365284885834626,-0.9822592976535925,False
2026-01-01 03:10:00,30.726525480820225,67.13559500902691,1009.9475077799689,Normal,1,Normal,False,False,False,False,-0.3101126113194965,1.3024043305289297,-0.9078217540935611,Normal Change,No Consistent Weather Pattern,68.77334215634966,1.6377471473227416,False,0.0,False,False,False,False,False,False,False,Normal,Normal,None,0.99,All monitored parameters remain within the learned normal operating pattern.,None,False,-1.6377471473227416,-1.8217996722795655,False
2026-01-01 03:20:00,33.121454536505844,67.14779993333379,1010.6265629241457,Normal,1,Normal,False,False,False,False,2.394929055685619,0.01220492430687159,0.6790551441768002,Normal Change,No Consistent Weather Pattern,64.25418074736102,2.893619185972767,False,0.0,False,False,False,False,False,False,False,Normal,Normal,None,0.99,All monitored parameters remain within the learned normal operating pattern.,None,False,2.893619185972767,-0.7570785529241318,False
2026-01-01 03:30:00,31.86010045085037,64.77115700964364,1010.7646849309482,Normal,1,Normal,False,False,False,False,-1.2613540856554728,-2.3766429236901416,0.13812200680251863,Normal Change,No Consistent Weather Pattern,66.6405514492792,1.8693944396355562,False,0.0,False,False,False,False,False,False,False,Normal,Normal,None,0.99,All monitored parameters remain within the learned normal operating pattern.,None,False,-1.8693944396355562,-1.103235506513144,False
2026-01-01 03:40:00,32.185712128553476,65.68791168587175,1011.3356628883352,Normal,1,Normal,False,False,False,False,0.3256116777031046,0.9167546762281091,0.5709779573869582,Normal Change,No Consistent Weather Pattern,66.03214886032336,0.3442371744516066,False,0.0,False,False,False,False,False,False,False,Normal,Normal,None,0.99,All monitored parameters remain within the learned normal operating pattern.,None,False,-0.3442371744516066,-1.0426340567060797,False
2026-01-01 03:50:00,31.08200473419302,69.84093415089615,1010.0301948552286,Normal,1,Normal,False,False,False,False,-1.1037073943604554,4.153022465024392,-1.3054680331065356,Normal Change,No Consistent Weather Pattern,68.10233555480148,1.7385985960946613,False,0.0,False,False,False,False,False,False,False,Normal,Normal,None,0.99,All monitored parameters remain within the learned normal operating pattern.,None,False,1.7385985960946613,-0.34299392763814346,False
2026-01-01 04:00:00,31.875520350221112,68.8330332805189,1009.2040518441909,Normal,1,Normal,False,False,False,False,0.7935156160280918,-1.0079008703772416,-0.8261430110377432,Normal Change,No Consistent Weather Pattern,66.59178085744266,2.241252423076247,False,0.0,False,False,False,False,False,False,False,Normal,Normal,None,0.99,All monitored parameters remain within the learned normal operating pattern.,None,False,2.241252423076247,0.09382950827130644,False
2026-01-01 04:10:00,32.488061617013365,66.07400024885712,1010.8348640386203,Normal,1,Normal,False,False,False,False,0.6125412667922525,-2.7590330316617866,1.6308121944293816,Normal Change,No Consistent Weather Pattern,65.45425094722528,0.6197493016318418,False,0.0,False,False,False,False,False,False,False,Normal,Normal,None,0.99,All monitored parameters remain within the learned normal operating pattern.,None,False,0.6197493016318418,0.520262963623659,False
2026-01-01 04:20:00,31.565864079070714,65.10268907431929,1011.6722517590249,Normal,1,Normal,False,False,False,False,-0.922197537942651,-0.9713111745378313,0.8373877204046494,Normal Change,No Consistent Weather Pattern,67.20822471209264,2.1055356377733574,False,0.0,False,False,False,False,False,False,False,Normal,Normal,None,0.99,All monitored parameters remain within the learned normal operating pattern.,None,False,-2.1055356377733574,0.45343603641642816,False
2026-01-01 04:30:00,32.873556128844605,65.09406722510039,1011.4204488931631,Normal,1,Normal,False,False,False,False,1.307692049773891,-0.008621849218897637,-0.251802865861805,Normal Change,No Consistent Weather Pattern,64.73282137251478,0.36124585258561126,False,0.0,False,False,False,False,False,False,False,Normal,Normal,None,0.99,All monitored parameters remain within the learned normal operating pattern.,None,False,0.36124585258561126,0.09166841736112019,False
2026-01-01 04:40:00,32.177794309260726,65.91042542306928,1010.9347047154174,Normal,1,Normal,False,False,False,False,-0.6957618195838791,0.8163581979688956,-0.485744177745687,Normal Change,No Consistent Weather Pattern,66.04207732911266,0.1316519060433734,False,0.0,False,False,False,False,False,False,False,Normal,Normal,None,0.99,All monitored parameters remain within the learned normal operating pattern.,None,False,-0.1316519060433734,0.33991735073143203,False
2026-01-01 04:50:00,32.509192392031665,62.46932008587061,1010.6128730530199,Normal,1,Normal,False,False,False,False,0.33139808277093863,-3.441105337198671,-0.3218316623974715,Normal Change,No Consistent Weather Pattern,65.41151182197763,2.942191736107013,False,0.0,False,False,False,False,False,False,False,Normal,Normal,None,0.99,All monitored parameters remain within the learned normal operating pattern.,None,False,-2.942191736107013,-0.03121901521934031,False
2026-01-01 05:00:00,32.34432505317662,63.83386623923304,1011.2909825418184,Normal,1,Normal,False,False,False,False,-0.16486733885504634,1.3645461533624257,0.6781094887984409,Normal Change,No Consistent Weather Pattern,65.73172385733865,1.8978576181056113,False,0.0,False,False,False,False,False,False,False,Normal,Normal,None,0.99,All monitored parameters remain within the learned normal operating pattern.,None,False,-1.8978576181056113,-0.5507127601050935,False
2026-01-01 05:10:00,34.38952333940277,60.84743026865358,1010.4292893221783,Normal,1,Normal,False,False,False,False,2.045198286226153,-2.986435970579457,-0.861693219640074,Normal Change,No Consistent Weather Pattern,61.85437204068548,1.006941772031901,False,0.0,False,False,False,False,False,False,False,Normal,Normal,None,0.99,All monitored parameters remain within the learned normal operating pattern.,None,False,-1.006941772031901,-1.0147405022634004,False
2026-01-01 05:20:00,32.97774808979379,64.82135450604228,1011.1827906962761,Normal,1,Normal,False,False,False,False,-1.4117752496089793,3.973924237388701,0.7535013740978229,Normal Change,No Consistent Weather Pattern,64.53285519424298,0.2884993117992991,False,0.0,False,False,False,False,False,False,False,Normal,Normal,None,0.99,All monitored parameters remain within the learned normal operating pattern.,None,False,0.2884993117992991,-1.062061929382335,False
2026-01-01 05:30:00,32.2220244314389,65.15800553019824,1011.225801631152,Normal,1,Normal,False,False,False,False,-0.7557236583548885,0.33665102415595527,0.04301093487583785,Normal Change,No Consistent Weather Pattern,65.96211810492929,0.8041125747310502,False,0.0,False,False,False,False,False,False,False,Normal,Normal,None,0.99,All monitored parameters remain within the learned normal operating pattern.,None,False,-0.8041125747310502,-0.8761443489477198,False
2026-01-01 05:40:00,33.80464671486726,62.740405505031816,1011.5315287445419,Normal,1,Normal,False,False,False,False,1.582622283428357,-2.417600025166422,0.30572711338993486,Normal Change,No Consistent Weather Pattern,62.973958178578634,0.23355267354681786,False,0.0,False,False,False,False,False,False,False,Normal,Normal,None,0.99,All monitored parameters remain within the learned normal operating pattern.,None,False,-0.23355267354681786,-0.9611155669666382,False
2026-01-01 05:50:00,32.24709235252781,66.70043898157083,1012.4095107073451,Normal,1,Normal,False,False,False,False,-1.5575543623394523,3.96003347653901,0.8779819628032328,Normal Change,No Consistent Weather Pattern,65.92960673061891,0.7708322509519121,False,0.0,False,False,False,False,False,False,False,Normal,Normal,None,0.99,All monitored parameters remain within the learned normal operating pattern.,None,False,0.7708322509519121,-0.8321892588244546,False
2026-01-01 06:00:00,33.46672258918718,60.94920524762857,1011.2540423951234,Normal,1,Normal,False,False,False,False,1.2196302366593699,-5.751233733942257,-1.1554683122217284,Normal Change,No Consistent Weather Pattern,63.60932736938838,2.6601221217598123,False,0.0,False,False,False,False,False,False,False,Normal,Normal,None,0.99,All monitored parameters remain within the learned normal operating pattern.,None,False,-2.6601221217598123,-0.7918935996319973,False
2026-01-01 06:10:00,31.806437602573734,60.32290283622524,1010.8314003278839,Normal,1,Normal,False,False,False,False,-1.6602849866134441,-0.62630241140333,-0.4226420672395079,Normal Change,No Consistent Weather Pattern,66.74284163556428,6.419938799339036,False,0.0,False,False,False,False,False,False,False,Normal,Normal,None,0.99,All monitored parameters remain within the learned normal operating pattern.,None,False,-6.419938799339036,-1.4379051969510581,False
2026-01-01 06:20:00,32.384814523347735,63.55417691218698,1011.101033909037,Normal,1,Normal,False,False,False,False,0.5783769207740015,3.2312740759617427,0.26963358115312985,Normal Change,No Consistent Weather Pattern,65.65278924101398,2.098612328826995,False,0.0,False,False,False,False,False,False,False,Normal,Normal,None,0.99,All monitored parameters remain within the learned normal operating pattern.,None,False,-2.098612328826995,-1.5938581336360715,False
2026-01-01 06:30:00,33.67666035072122,65.05585388117247,1010.2571104328105,Normal,1,Normal,False,False,False,False,1.2918458273734856,1.5016769689854854,-0.8439234762265642,Normal Change,No Consistent Weather Pattern,63.199900191611064,1.855953689561403,False,0.0,False,False,False,False,False,False,False,Normal,Normal,None,0.99,All monitored parameters remain within the learned normal operating pattern.,None,False,1.855953689561403,-1.3699360796700566,False
2026-01-01 06:40:00,34.18034218458096,66.18871754174648,1010.8220047472767,Normal,1,Normal,False,False,False,False,0.5036818338597371,1.1328636605740172,0.5648943144661871,Normal Change,No Consistent Weather Pattern,62.254773216877005,3.933944324869479,False,0.0,False,False,False,False,False,False,False,Normal,Normal,None,0.99,All monitored parameters remain within the learned normal operating pattern.,None,False,3.933944324869479,-0.6930708082985524,False
2026-01-01 06:50:00,33.795622448610914,61.76517582694425,1010.9923158519542,Normal,1,Normal,False,False,False,False,-0.3847197359700445,-4.423541714802234,0.17031110467758026,Normal Change,No Consistent Weather Pattern,62.984240423403755,1.2190645964595035,False,0.0,False,False,False,False,False,False,False,Normal,Normal,None,0.99,All monitored parameters remain within the learned normal operating pattern.,None,False,-1.2190645964595035,-0.8338582258575075,False
2026-01-01 07:00:00,33.63350180745016,64.70532080014108,1010.9623886957766,Normal,1,Normal,False,False,False,False,-0.16212064116075453,2.94014497319683,-0.029927156177677716,Normal Change,No Consistent Weather Pattern,63.29035899678152,1.4149618033595601,False,0.0,False,False,False,False,False,False,False,Normal,Normal,None,0.99,All monitored parameters remain within the learned normal operating pattern.,None,False,1.4149618033595601,-0.7418397183707006,False
2026-01-01 07:10:00,33.55113674300308,62.338943662049566,1011.3279634669742,Normal,1,Normal,False,False,False,False,-0.08236506444708169,-2.366377138091515,0.36557477119765736,Normal Change,No Consistent Weather Pattern,63.45066869775283,1.111725035703266,False,0.0,False,False,False,False,False,False,False,Normal,Normal,None,0.99,All monitored parameters remain within the learned normal operating pattern.,None,False,-1.111725035703266,-0.5206401346483369,False
2026-01-01 07:20:00,32.673681578004604,61.94174705952126,1010.8678037726908,Normal,1,Normal,False,False,False,False,-0.877455164998473,-0.3971966025283038,-0.4601596942834476,Normal Change,No Consistent Weather Pattern,65.10374395235058,3.161996892829322,False,0.0,False,False,False,False,False,False,False,Normal,Normal,None,0.99,All monitored parameters remain within the learned normal operating pattern.,None,False,-3.161996892829322,-0.05521986228980629,False
2026-01-01 07:30:00,33.34355763653089,63.92845386848005,1011.8666286239779,Normal,1,Normal,False,False,False,False,0.6698760585262846,1.986706808958786,0.9988248512871678,Normal Change,No Consistent Weather Pattern,63.84987588006291,0.07857798841713759,False,0.0,False,False,False,False,False,False,False,Normal,Normal,None,0.99,All monitored parameters remain within the learned normal operating pattern.,None,False,0.07857798841713759,0.25580732588792693,False
2026-01-01 07:40:00,33.612284958437584,63.343053806416,1011.3331855023573,Normal,1,Normal,False,False,False,False,0.26872732190669524,-0.5854000620640463,-0.5334431216206212,Normal Change,No Consistent Weather Pattern,63.33513148686926,0.007922319546743495,False,0.0,False,False,False,False,False,False,False,Normal,Normal,None,0.99,All monitored parameters remain within the learned normal operating pattern.,None,False,0.007922319546743495,-0.008197155542738699,False
2026-01-01 07:50:00,34.88626127361853,58.7660887007447,1011.355266914813,Normal,1,Normal,False,False,False,False,1.2739763151809456,-4.576965105671299,0.022081412455690952,Normal Change,No Consistent Weather Pattern,60.92691193322274,2.1608232324780374,False,0.0,False,False,False,False,False,False,False,Normal,Normal,None,0.99,All monitored parameters remain within the learned normal operating pattern.,None,False,-2.1608232324780374,-0.8788782351638125,False
2026-01-01 08:00:00,34.37360623312264,64.75565749651604,1011.2226685596484,Normal,1,Normal,False,False,False,False,-0.5126550404958863,5.9895687957713335,-0.1325983551646459,Normal Change,No Consistent Weather Pattern,61.89443746670835,2.86122002980769,False,0.0,False,False,False,False,False,False,False,Normal,Normal,None,0.99,All monitored parameters remain within the learned normal operating pattern.,None,False,2.86122002980769,-0.29598043141135627,False
2026-01-01 08:10:00,32.744784872335174,64.44974871504418,1011.4907711641853,Normal,1,Normal,False,False,False,False,-1.6288213607874695,-0.30590878147185663,0.2681026045369208,Normal Change,No Consistent Weather Pattern,64.97715199462675,0.5274032795825718,False,0.0,False,False,False,False,False,False,False,Normal,Normal,None,0.99,All monitored parameters remain within the learned normal operating pattern.,None,False,-0.5274032795825718,-0.5734611575459466,False
2026-01-01 08:20:00,34.46932420695784,60.328760534096936,1011.8521432594811,Normal,1,Normal,False,False,False,False,1.7245393346226692,-4.1209881809472435,0.36137209529579195,Normal Change,No Consistent Weather Pattern,61.72139239297902,1.3926318588820834,False,0.0,False,False,False,False,False,False,False,Normal,Normal,None,0.99,All monitored parameters remain within the learned normal operating pattern.,None,False,-1.3926318588820834,-0.6135907037143491,False
2026-01-01 08:30:00,33.95514390236701,62.26518761347468,1011.0323030776239,Normal,1,Normal,False,False,False,False,-0.5141803045908304,1.9364270793777436,-0.8198401818572165,Normal Change,No Consistent Weather Pattern,62.68316217064896,0.4179745571742828,False,0.0,False,False,False,False,False,False,False,Normal,Normal,None,0.99,All monitored parameters remain within the learned normal operating pattern.,None,False,-0.4179745571742828,-0.22158751290648634,False
2026-01-01 08:40:00,33.7731161792022,62.35875281367155,1011.1629371200676,Normal,1,Normal,False,False,False,False,-0.18202772316481486,0.09356520019687053,0.13063404244371668,Normal Change,No Consistent Weather Pattern,63.02893420024666,0.6701813865751092,False,0.0,False,False,False,False,False,False,False,Normal,Normal,None,0.99,All monitored parameters remain within the learned normal operating pattern.,None,False,-0.6701813865751092,-0.3285531379053787,False
2026-01-01 08:50:00,34.853709602605896,61.792610388581416,1011.3661100322072,Normal,1,Normal,False,False,False,False,1.0805934234036982,-0.5661424250901348,0.20317291213962108,Normal Change,No Consistent Weather Pattern,60.988588323813005,0.8040220647684109,False,0.0,False,False,False,False,False,False,False,Normal,Normal,None,0.99,All monitored parameters remain within the learned normal operating pattern.,None,False,0.8040220647684109,-0.21482460287371197,False
2026-01-01 09:00:00,35.23713379587264,60.0747213365574,1010.8708631667643,Normal,1,Normal,False,False,False,False,0.38342419326674104,-1.717889052024013,-0.4952468654429367,Normal Change,No Consistent Weather Pattern,60.257485616933195,0.1827642803757925,False,0.0,False,False,False,False,False,False,False,Normal,Normal,None,0.99,All monitored parameters remain within the learned normal operating pattern.,None,False,-0.1827642803757925,0.06775524742660874,False
2026-01-01 09:10:00,35.2035554697374,59.73969051523502,1011.1598405927506,Normal,1,Normal,False,False,False,False,-0.033578326135234704,-0.33503082132238404,0.2889774259863316,Normal Change,No Consistent Weather Pattern,60.324599363385815,0.5849088481507962,False,0.0,False,False,False,False,False,False,False,Normal,Normal,None,0.99,All monitored parameters remain within the learned normal operating pattern.,None,False,-0.5849088481507962,-0.42454887799603214,False
2026-01-01 09:20:00,33.83156762738731,60.94300856608626,1011.3568727199452,Normal,1,Normal,False,False,False,False,-1.3719878423500944,1.2033180508512444,0.19703212719457497,Normal Change,No Consistent Weather Pattern,62.92086764234154,1.9778590762552781,False,0.0,False,False,False,False,False,False,False,Normal,Normal,None,0.99,All monitored parameters remain within the learned normal operating pattern.,None,False,-1.9778590762552781,-0.6317568489492759,False
2026-01-01 09:30:00,34.29817729266215,63.25436365183248,1012.0575315647229,Normal,1,Normal,False,False,False,False,0.46660966527484504,2.3113550857462144,0.7006588447777631,Normal Change,No Consistent Weather Pattern,62.04753360610704,1.2068300457254395,False,0.0,False,False,False,False,False,False,False,Normal,Normal,None,0.99,All monitored parameters remain within the learned normal operating pattern.,None,False,1.2068300457254395,-0.2604051482910584,False
2026-01-01 09:40:00,34.851341685916175,61.914538427602224,1011.7768090996208,Normal,1,Normal,False,False,False,False,0.553164393254022,-1.3398252242302533,-0.28072246510214427,Normal Change,No Consistent Weather Pattern,60.99822785437949,0.9163105732227308,False,0.0,False,False,False,False,False,False,False,Normal,Normal,None,0.99,All monitored parameters remain within the learned normal operating pattern.,None,False,0.9163105732227308,-0.0697929868057707,False
2026-01-01 09:50:00,35.40571264438486,60.00821825045383,1011.76734997049,Normal,1,Normal,False,False,False,False,0.554370958468688,-1.9063201771483946,-0.009459129130732435,Normal Change,No Consistent Weather Pattern,59.95005110169177,0.05816714876205964,False,0.0,False,False,False,False,False,False,False,Normal,Normal,None,0.99,All monitored parameters remain within the learned normal operating pattern.,None,False,0.05816714876205964,0.03425680395668199,False
2026-01-01 10:00:00,34.27902899982518,62.21866064109386,1012.12086318686,Normal,1,Normal,False,False,False,False,-1.1266836445596837,2.210442390640033,0.35351321636994726,Normal Change,No Consistent Weather Pattern,62.084530271032065,0.13413037006179707,False,0.0,False,False,False,False,False,False,False,Normal,Normal,None,0.99,All monitored parameters remain within the learned normal operating pattern.,None,False,0.13413037006179707,-0.061442009572834265,False
2026-01-01 10:10:00,34.54906443574509,54.90773152458756,1011.6514176229521,Normal,1,Normal,False,False,False,False,0.2700354359199082,-7.310929116506301,-0.46944556390792513,Normal Change,No Consistent Weather Pattern,61.568117355881384,6.660385831293823,True,1.0,False,False,False,False,False,False,False,Normal,Normal,None,0.99,All monitored parameters remain within the learned normal operating pattern.,None,False,-6.660385831293823,-0.9868165168468386,False
2026-01-01 10:20:00,33.84586412736617,62.83566718760222,1011.9398529000417,Normal,1,Normal,False,False,False,False,-0.7032003083789178,7.927935663014658,0.2884352770896612,Normal Change,No Consistent Weather Pattern,62.90116825263473,0.06550106503251385,False,1.0,False,False,False,False,False,False,False,Normal,Normal,None,0.99,All monitored parameters remain within the learned normal operating pattern.,None,False,-0.06550106503251385,-0.9126154049727982,False
2026-01-01 10:30:00,33.80541119685949,56.99581945019575,1011.7173517465008,Normal,1,Normal,False,False,False,False,-0.04045293050668164,-5.839847737406473,-0.22250115354097488,Normal Change,No Consistent Weather Pattern,62.97484888055586,5.979029430360114,False,1.0,False,False,False,False,False,False,False,Normal,Normal,None,0.99,All monitored parameters remain within the learned normal operating pattern.,None,False,-5.979029430360114,-1.4842111698449176,False
2026-01-01 10:40:00,35.44193284112242,59.6912937507796,1011.9258086964503,Normal,1,Normal,False,False,False,False,1.6365216442629347,2.6954743005838537,0.2084569499495501,Normal Change,No Consistent Weather Pattern,59.883567528427356,0.1922737776477561,False,0.0,False,False,False,False,False,False,False,Normal,Normal,None,0.99,All monitored parameters remain within the learned normal operating pattern.,None,False,-0.1922737776477561,-1.684083144612517,False
2026-01-01 10:50:00,35.90451935313328,58.121605550194474,1011.5257334213121,Normal,1,Normal,False,False,False,False,0.46258651201085854,-1.5696882005851265,-0.4000752751381924,Normal Change,No Consistent Weather Pattern,59.00400206967642,0.8823965194819436,False,0.0,False,False,False,False,False,False,False,Normal,Normal,None,0.99,All monitored parameters remain within the learned normal operating pattern.,None,False,-0.8823965194819436,-1.9410413007131848,False
2026-01-01 11:00:00,34.78760277225397,57.72021530952172,1010.621507325624,Normal,1,Normal,False,False,False,False,-1.1169165808793124,-0.40139024067275386,-0.9042260956881591,Normal Change,No Consistent Weather Pattern,61.1042052119122,3.383989902390482,False,0.0,False,False,False,False,False,False,False,Normal,Normal,None,0.99,All monitored parameters remain within the learned normal operating pattern.,None,False,-3.383989902390482,-2.432778022306405,False
2026-01-01 11:10:00,35.67177882559595,62.58374856019237,1011.7973950195269,Normal,1,Normal,False,False,False,False,0.8841760533419816,4.863533250670649,1.1758876939029506,Normal Change,No Consistent Weather Pattern,59.44742130217156,3.136327258020806,False,0.0,False,False,False,False,False,False,False,Normal,Normal,None,0.99,All monitored parameters remain within the learned normal operating pattern.,None,False,3.136327258020806,-2.003892752597975,False
2026-01-01 11:20:00,35.1800515482479,59.28311214095663,1012.5993405391608,Normal,1,Normal,False,False,False,False,-0.49172727734804766,-3.3006364192357367,0.8019455196339322,Normal Change,No Consistent Weather Pattern,60.38713031857302,1.104018177616389,False,0.0,False,False,False,False,False,False,False,Normal,Normal,None,0.99,All monitored parameters remain within the learned normal operating pattern.,None,False,-1.104018177616389,-1.2101259449297703,False
2026-01-01 11:30:00,34.39447699536148,60.87186216537027,1012.3743168694945,Normal,1,Normal,False,False,False,False,-0.7855745528864233,1.5887500244136348,-0.22502366966637055,Normal Change,No Consistent Weather Pattern,61.86945793308219,0.9975957677119212,False,0.0,False,False,False,False,False,False,False,Normal,Normal,None,0.99,All monitored parameters remain within the learned normal operating pattern.,None,False,-0.9975957677119212,-1.3432823310268287,False
2026-01-01 11:40:00,35.217551256545676,60.04928929796375,1012.4169591057984,Normal,1,Normal,False,False,False,False,0.8230742611841961,-0.8225728674065138,0.04264223630389097,Normal Change,No Consistent Weather Pattern,60.313943079788984,0.26465378182523125,False,0.0,False,False,False,False,False,False,False,Normal,Normal,None,0.99,All monitored parameters remain within the learned normal operating pattern.,None,False,-0.26465378182523125,-0.5269429526647025,False
2026-01-01 11:50:00,36.17475074180147,61.06543867718885,1012.5751831076838,Normal,1,Normal,False,False,False,False,0.9571994852557921,1.016149379225098,0.15822400188540087,Normal Change,No Consistent Weather Pattern,58.50631274077095,2.5591259364178995,False,0.0,False,False,False,False,False,False,False,Normal,Normal,None,0.99,All monitored parameters remain within the learned normal operating pattern.,None,False,2.5591259364178995,-0.13388585065532307,False
2026-01-01 12:00:00,34.92956575002451,60.237190619495586,1012.0241078233908,Normal,1,Normal,False,False,False,False,-1.2451849917769593,-0.8282480576932656,-0.551075284293006,Normal Change,No Consistent Weather Pattern,60.85345129713607,0.6162606776404829,False,0.0,False,False,False,False,False,False,False,Normal,Normal,None,0.99,All monitored parameters remain within the learned normal operating pattern.,None,False,-0.6162606776404829,-0.09586644467797154,False
2026-01-01 12:10:00,36.221859401849734,57.4937265972258,1012.1008997899452,Normal,1,Normal,False,False,False,False,1.2922936518252257,-2.7434640222697837,0.07679196655442411,Normal Change,No Consistent Weather Pattern,58.41128993948915,0.9175633422633496,False,0.0,False,False,False,False,False,False,False,Normal,Normal,None,0.99,All monitored parameters remain within the learned normal operating pattern.,None,False,-0.9175633422633496,0.25648020676876165,False
2026-01-01 12:20:00,32.884274316467646,62.0323928394154,1011.7156782732893,Normal,1,Normal,False,False,False,False,-3.337585085382088,4.538666242189599,-0.3852215166558608,Normal Change,No Consistent Weather Pattern,64.71626959134241,2.6838767519270093,False,0.0,False,False,False,False,False,False,False,Normal,Normal,None,0.99,All monitored parameters remain within the learned normal operating pattern.,None,False,-2.6838767519270093,-0.5749775089380691,False
2026-01-01 12:30:00,35.64552237424657,59.036486092184596,1011.8885272235199,Normal,1,Normal,False,False,False,False,2.7612480577789213,-2.995906747230805,0.17284895023055924,Normal Change,No Consistent Weather Pattern,59.498205672660696,0.4617195804760996,False,0.0,False,False,False,False,False,False,False,Normal,Normal,None,0.99,All monitored parameters remain within the learned normal operating pattern.,None,False,-0.4617195804760996,-0.4832205664894563,False
2026-01-01 12:40:00,35.06356886657416,56.89897377871325,1012.3763035923654,Normal,1,Normal,False,False,False,False,-0.5819535076724094,-2.1375123134713476,0.4877763688455161,Normal Change,No Consistent Weather Pattern,60.60454113612381,3.7055673574105583,False,0.0,False,False,False,False,False,False,False,Normal,Normal,None,0.99,All monitored parameters remain within the learned normal operating pattern.,None,False,-3.7055673574105583,-0.8700736507321187,False
2026-01-01 12:50:00,34.75865466606955,59.14804858518368,1012.6920073476347,Normal,1,Normal,False,False,False,False,-0.30491420050460505,2.249074806470432,0.31570375526928274,Normal Change,No Consistent Weather Pattern,61.18496089615786,2.0369123109741807,False,0.0,False,False,False,False,False,False,False,Normal,Normal,None,0.99,All monitored parameters remain within the learned normal operating pattern.,None,False,-2.0369123109741807,-1.12325344061054,False
2026-01-01 13:00:00,35.07319542052129,63.00194598268286,1012.041779679375,Normal,1,Normal,False,False,False,False,0.314540754451734,3.853897397499182,-0.6502276682596175,Normal Change,No Consistent Weather Pattern,60.58213649426068,2.4198094884221817,False,0.0,False,False,False,False,False,False,False,Normal,Normal,None,0.99,All monitored parameters remain within the learned normal operating pattern.,None,False,2.4198094884221817,-1.143155790324214,False
2026-01-01 13:10:00,33.40965406683615,61.701025087193266,1011.9076343015053,Normal,1,Normal,False,False,False,False,-1.6635413536851402,-1.3009208954895968,-0.13414537786979963,Normal Change,No Consistent Weather Pattern,63.725433730904,2.0244086437107356,False,0.0,False,False,False,False,False,False,False,Normal,Normal,None,0.99,All monitored parameters remain within the learned normal operating pattern.,None,False,-2.0244086437107356,-1.3443197854771074,False
2026-01-01 13:20:00,34.821890264945615,59.30744018075303,1012.1540053317791,Normal,1,Normal,False,False,False,False,1.4122361981094684,-2.393584906440239,0.2463710302738491,Normal Change,No Consistent Weather Pattern,61.058648540291806,1.7512083595387793,False,0.0,False,False,False,False,False,False,False,Normal,Normal,None,0.99,All monitored parameters remain within the learned normal operating pattern.,None,False,-1.7512083595387793,-1.4634119308021687,False
2026-01-01 13:30:00,35.27923342080768,59.31439786416659,1012.4751413415067,Normal,1,Normal,False,False,False,False,0.45734315586206264,0.006957683413560289,0.32113600972763834,Normal Change,No Consistent Weather Pattern,60.198062182836274,0.8836643186696875,False,0.0,False,False,False,False,False,False,False,Normal,Normal,None,0.99,All monitored parameters remain within the learned normal operating pattern.,None,False,-0.8836643186696875,-1.2062387260511227,False
2026-01-01 13:40:00,36.16977283644043,59.3818146962708,1011.4731892861286,Normal,1,Normal,False,False,False,False,0.8905394156327517,0.06741683210421456,-1.001952055378183,Normal Change,No Consistent Weather Pattern,58.50187047503748,0.8799442212333233,False,0.0,False,False,False,False,False,False,False,Normal,Normal,None,0.99,All monitored parameters remain within the learned normal operating pattern.,None,False,0.8799442212333233,-1.0145724686640623,False
2026-01-01 13:50:00,34.56475675084317,64.1947501161975,1011.0673849952643,Normal,1,Normal,False,False,False,False,-1.6050160855972564,4.812935419926696,-0.4058042908642392,Normal Change,No Consistent Weather Pattern,61.53110860307271,2.6636415131247873,False,0.0,False,False,False,False,False,False,False,Normal,Normal,None,0.99,All monitored parameters remain within the learned normal operating pattern.,None,False,2.6636415131247873,-0.10468548715901298,False
2026-01-01 14:00:00,34.32249769596764,60.82528574789872,1011.9603438352706,Normal,1,Normal,False,False,False,False,-0.24225905487553234,-3.369464368298779,0.8929588400062585,Normal Change,No Consistent Weather Pattern,62.00033327865333,1.175047530754611,False,0.0,False,False,False,False,False,False,False,Normal,Normal,None,0.99,All monitored parameters remain within the learned normal operating pattern.,None,False,-1.175047530754611,0.0184380528723541,False
2026-01-01 14:10:00,34.55581496432022,60.94564209600644,1011.6451688280932,Normal,1,Normal,False,False,False,False,0.23331726835257882,0.12035634810771967,-0.3151750071773449,Normal Change,No Consistent Weather Pattern,61.55527668997332,0.6096345939668808,False,0.0,False,False,False,False,False,False,False,Normal,Normal,None,0.99,All monitored parameters remain within the learned normal operating pattern.,None,False,-0.6096345939668808,-0.41433967318322623,False
2026-01-01 14:20:00,35.675483520642835,62.17424325510133,1012.0211417208611,Normal,1,Normal,False,False,False,False,1.1196685563226154,1.228601159094893,0.3759728927678907,Normal Change,No Consistent Weather Pattern,59.443230166774015,2.731013088327316,False,0.0,False,False,False,False,False,False,False,Normal,Normal,None,0.99,All monitored parameters remain within the learned normal operating pattern.,None,False,2.731013088327316,0.2650062885364954,False
2026-01-01 14:30:00,35.190122782474724,60.62333452855908,1012.2207804639062,Normal,1,Normal,False,False,False,False,-0.48536073816811154,-1.5509087265422536,0.1996387430450568,Normal Change,No Consistent Weather Pattern,60.363331414088364,0.2600031144707131,False,0.0,False,False,False,False,False,False,False,Normal,Normal,None,0.99,All monitored parameters remain within the learned normal operating pattern.,None,False,0.2600031144707131,0.5523222133949943,False
2026-01-01 14:40:00,34.485299069580805,59.663701243169726,1012.0872752976676,Normal,1,Normal,False,False,False,False,-0.7048237128939192,-0.9596332853893514,-0.1335051662385922,Normal Change,No Consistent Weather Pattern,61.69414719832305,2.0304459551533256,False,0.0,False,False,False,False,False,False,False,Normal,Normal,None,0.99,All monitored parameters remain within the learned normal operating pattern.,None,False,-2.0304459551533256,0.38849626532590315,False
2026-01-01 14:50:00,35.29973900657132,59.82905018166877,1013.0591302967896,Normal,1,Normal,False,False,False,False,0.8144399369905173,0.16534893849904364,0.9718549991220016,Normal Change,No Consistent Weather Pattern,60.16663697886476,0.33758679719598916,False,0.0,False,False,False,False,False,False,False,Normal,Normal,None,0.99,All monitored parameters remain within the learned normal operating pattern.,None,False,-0.33758679719598916,0.21456326269314424,False
2026-01-01 15:00:00,34.94484542529528,60.12243070953819,1012.5150321842492,Normal,1,Normal,False,False,False,False,-0.35489358127604476,0.2933805278694237,-0.5440981125403823,Normal Change,No Consistent Weather Pattern,60.83073594558955,0.7083052360513591,False,0.0,False,False,False,False,False,False,False,Normal,Normal,None,0.99,All monitored parameters remain within the learned normal operating pattern.,None,False,-0.7083052360513591,-0.2671434157605909,False
2026-01-01 15:10:00,35.618206996185044,60.238973519462846,1012.5204246190963,Normal,1,Normal,False,False,False,False,0.6733615708897673,0.1165428099246526,0.005392434847067307,Normal Change,No Consistent Weather Pattern,59.557789944085734,0.681183575377112,False,0.0,False,False,False,False,False,False,False,Normal,Normal,None,0.99,All monitored parameters remain within the learned normal operating pattern.,None,False,0.681183575377112,-0.0019675434560590638,False
2026-01-01 15:20:00,34.25581501458004,61.82034410791012,1012.699581157145,Normal,1,Normal,False,False,False,False,-1.3623919816050076,1.581370588447271,0.17915653804868725,Normal Change,No Consistent Weather Pattern,62.1356921958462,0.31534808793607993,False,0.0,False,False,False,False,False,False,False,Normal,Normal,None,0.99,All monitored parameters remain within the learned normal operating pattern.,None,False,-0.31534808793607993,0.04007338597691249,False
2026-01-01 15:30:00,34.52756348006584,60.5245053769265,1011.8371118478922,Normal,1,Normal,False,False,False,False,0.2717484654857998,-1.2958387309836183,-0.8624693092527878,Normal Change,No Consistent Weather Pattern,61.61110003391121,1.0865946569847083,False,0.0,False,False,False,False,False,False,False,Normal,Normal,None,0.99,All monitored parameters remain within the learned normal operating pattern.,None,False,-1.0865946569847083,-0.5052991490676624,False
2026-01-01 15:40:00,34.44632273182946,61.94526164576077,1012.9438939892962,Normal,1,Normal,False,False,False,False,-0.08124074823637528,1.4207562688342747,1.1067821414039827,Normal Change,No Consistent Weather Pattern,61.77860189799895,0.1666597477618197,False,0.0,False,False,False,False,False,False,False,Normal,Normal,None,0.99,All monitored parameters remain within the learned normal operating pattern.,None,False,0.1666597477618197,-0.5186339157403614,False
2026-01-01 15:50:00,33.55760559911231,60.38173172454684,1012.4040227237447,Normal,1,Normal,False,False,False,False,-0.8887171327171544,-1.5635299212139344,-0.5398712655514828,Normal Change,No Consistent Weather Pattern,63.45196624495342,3.0702345204065793,False,0.0,False,False,False,False,False,False,False,Normal,Normal,None,0.99,All monitored parameters remain within the learned normal operating pattern.,None,False,-3.0702345204065793,-0.6671751393479691,False
2026-01-01 16:00:00,34.93182699041124,60.76740884311304,1012.7944672695014,Normal,1,Normal,False,False,False,False,1.3742213912989314,0.3856771185661998,0.39044454575673626,Normal Change,No Consistent Weather Pattern,60.858860535945354,0.09145169283231525,False,0.0,False,False,False,False,False,False,False,Normal,Normal,None,0.99,All monitored parameters remain within the learned normal operating pattern.,None,False,-0.09145169283231525,-0.63201298158173,False
2026-01-01 16:10:00,34.86840652660076,56.68447401322208,1011.9403740250062,Normal,1,Normal,False,False,False,False,-0.0634204638104805,-4.082934829890959,-0.854093244495175,Normal Change,No Consistent Weather Pattern,60.968022347140774,4.283548333918695,False,0.0,False,False,False,False,False,False,False,Normal,Normal,None,0.99,All monitored parameters remain within the learned normal operating pattern.,None,False,-4.283548333918695,-1.142761995562778,False
2026-01-01 16:20:00,34.626417118471565,62.58800264308977,1011.7162508149672,Normal,1,Normal,False,False,False,False,-0.2419894081291929,5.903528629867694,-0.2241232100390107,Normal Change,No Consistent Weather Pattern,61.42269440050492,1.1653082425848496,False,0.0,False,False,False,False,False,False,False,Normal,Normal,None,0.99,All monitored parameters remain within the learned normal operating pattern.,None,False,1.1653082425848496,-1.0736013288188155,False
2026-01-01 16:30:00,34.395568118679016,61.52650130103772,1012.9186527731277,Normal,1,Normal,False,False,False,False,-0.23084899979254914,-1.061501342052054,1.2024019581605216,Normal Change,No Consistent Weather Pattern,61.874237976078525,0.34773667504080663,False,0.0,False,False,False,False,False,False,False,Normal,Normal,None,0.99,All monitored parameters remain within the learned normal operating pattern.,None,False,-0.34773667504080663,-1.0782282698337764,False
2026-01-01 16:40:00,58.41001579808677,62.9113954362651,1012.7142389819139,Spike,1,Normal,False,False,False,False,24.014447679407752,1.384894135227384,-0.20441379121382397,Isolated Change,No Consistent Weather Pattern,16.47150829651858,46.439887139746524,True,1.0,False,False,False,False,False,False,True,Likely Sensor Fault,Confirmed Anomaly,High,0.9,Temperature changed by +24.01°C in 10 minutes while the other parameters did not show a corresponding large change. This indicates an isolated temperature anomaly.,Temperature,False,46.439887139746524,5.711269129699256,True
2026-01-01 16:50:00,34.16305019640434,55.20835633437937,1012.0910816091623,Normal,1,Normal,False,False,False,False,-24.246965601682426,-7.703039101885736,-0.6231573727516206,Isolated Change,No Consistent Weather Pattern,62.303417903451546,7.095061569072179,True,2.0,True,True,False,True,False,True,True,Recovery Reading,Suspicious,Low,0.85,The sensor value rapidly moved back in the opposite direction following a detected anomaly. This reading is treated as a recovery rather than a separate anomaly.,Temperature,False,-7.095061569072179,4.673880370151543,True
2026-01-01 17:00:00,34.180845532877036,65.26671511736455,1012.1230942953827,Normal,1,Normal,False,False,False,False,0.0177953364726946,10.058358782985188,0.032012686220355135,Normal Change,No Consistent Weather Pattern,62.27017762413816,2.9965374932263984,False,2.0,True,False,False,False,False,False,False,Normal,Normal,None,0.99,All monitored parameters remain within the learned normal operating pattern.,None,False,2.9965374932263984,5.540562086384825,True
2026-01-01 17:10:00,33.766860505615284,60.903456101704485,1013.1362053751093,Normal,1,Normal,False,False,False,False,-0.41398502726175224,-4.36325901566007,1.0131110797266274,Normal Change,No Consistent Weather Pattern,63.06556673946197,2.162110637757486,False,1.0,False,False,False,False,False,False,False,Normal,Normal,None,0.99,All monitored parameters remain within the learned normal operating pattern.,None,False,-2.162110637757486,5.2447536656812295,True
2026-01-01 17:20:00,34.23155198039954,63.49520453401035,1011.9940863212345,Normal,1,Normal,False,False,False,False,0.464691474784253,2.591748432305863,-1.1421190538748078,Normal Change,No Consistent Weather Pattern,62.172693537326595,1.3225109966837536,False,0.0,False,False,False,False,False,False,False,Normal,Normal,None,0.99,All monitored parameters remain within the learned normal operating pattern.,None,False,1.3225109966837536,6.045619284338722,True
2026-01-01 17:30:00,34.63397179637316,59.29872592390588,1013.4251736334654,Normal,1,Normal,False,False,False,False,0.402419815973623,-4.196478610104471,1.431087312230943,Normal Change,No Consistent Weather Pattern,61.429894895173454,2.131168971267577,False,0.0,False,False,False,False,False,False,False,Normal,Normal,None,0.99,All monitored parameters remain within the learned normal operating pattern.,None,False,-2.131168971267577,5.574693968074089,True
2026-01-01 17:40:00,35.76810270457623,62.70723984290954,1012.168310775596,Normal,1,Normal,False,False,False,False,1.134130908203069,3.40851391900366,-1.2568628578694643,Normal Change,No Consistent Weather Pattern,59.26998039728177,3.4372594456277668,False,0.0,False,False,False,False,False,False,False,Normal,Normal,None,0.99,All monitored parameters remain within the learned normal operating pattern.,None,False,3.4372594456277668,6.115407699598172,True
2026-01-01 17:50:00,34.3455320895408,59.48142919510205,1012.9523387073724,Normal,1,Normal,False,False,False,False,-1.4225706150354327,-3.225810647807485,0.7840279317764498,Normal Change,No Consistent Weather Pattern,61.969256319330114,2.487827124228062,False,0.0,False,False,False,False,False,False,False,Normal,Normal,None,0.99,All monitored parameters remain within the learned normal operating pattern.,None,False,-2.487827124228062,-0.8742657666839122,False
2026-01-01 18:00:00,34.35694034613807,60.45066201148867,1012.483091268851,Normal,1,Normal,False,False,False,False,0.01140825659727085,0.9692328163866151,-0.4692474385213927,Normal Change,No Consistent Weather Pattern,61.94178969549722,1.4911276840085534,False,0.0,False,False,False,False,False,False,False,Normal,Normal,None,0.99,All monitored parameters remain within the learned normal operating pattern.,None,False,-1.4911276840085534,-0.07370378310339427,False
2026-01-01 18:10:00,34.03470986507681,65.63952951235407,1012.9629867163129,Normal,1,Normal,False,False,False,False,-0.3222304810612542,5.188867500865406,0.4798954474618995,Normal Change,No Consistent Weather Pattern,62.55701054923116,3.082518963122915,False,0.0,False,False,False,False,False,False,False,Normal,Normal,None,0.99,All monitored parameters remain within the learned normal operating pattern.,None,False,3.082518963122915,-0.06142071597532046,False
2026-01-01 18:20:00,32.50097525741676,61.546650739161315,1012.4030618236096,Normal,1,Normal,False,False,False,False,-1.533734607660051,-4.0928787731927585,-0.5599248927032932,Normal Change,No Consistent Weather Pattern,65.44955107905956,3.9029003398982454,False,0.0,False,False,False,False,False,False,False,Normal,Normal,None,0.99,All monitored parameters remain within the learned normal operating pattern.,None,False,-3.9029003398982454,-0.31010495913828606,False
2026-01-01 18:30:00,33.95488918475587,62.48266517612896,1012.6071801500536,Normal,1,Normal,False,False,False,False,1.4539139273391086,0.9360144369676462,0.20411832644401784,Normal Change,No Consistent Weather Pattern,62.703441512938795,0.2207763368098341,False,0.0,False,False,False,False,False,False,False,Normal,Normal,None,0.99,All monitored parameters remain within the learned normal operating pattern.,None,False,-0.2207763368098341,-0.5305745782087986,False
2026-01-01 18:40:00,33.9627989359819,63.91090592531935,1012.7222245752771,Normal,1,Normal,False,False,False,False,0.007909751226030437,1.4282407491903868,0.11504442522345926,Normal Change,No Consistent Weather Pattern,62.68993407357851,1.2209718517408348,False,0.0,False,False,False,False,False,False,False,Normal,Normal,None,0.99,All monitored parameters remain within the learned normal operating pattern.,None,False,1.2209718517408348,-0.051697317779025455,False
2026-01-01 18:50:00,35.82215401103177,63.288243133858124,1012.213588928775,Normal,1,Normal,False,False,False,False,1.8593550750498693,-0.6226627914612237,-0.5086356465020572,Normal Change,No Consistent Weather Pattern,59.16836368874277,4.119879445115352,False,0.0,False,False,False,False,False,False,False,Normal,Normal,None,0.99,All monitored parameters remain within the learned normal operating pattern.,None,False,4.119879445115352,0.045819825004915264,False
2026-01-01 19:00:00,33.63307344378777,62.72691337906181,1013.097740488716,Normal,1,Normal,False,False,False,False,-2.189080567243998,-0.5613297547963114,0.8841515599409604,Normal Change,No Consistent Weather Pattern,63.31801235431945,0.591098975257637,False,0.0,False,False,False,False,False,False,False,Normal,Normal,None,0.99,All monitored parameters remain within the learned normal operating pattern.,None,False,-0.591098975257637,0.3167809891435474,False
2026-01-01 19:10:00,33.96208421573688,63.288229321192475,1012.4830939152755,Normal,1,Normal,False,False,False,False,0.32901077194910755,0.5613159421306619,-0.6146465734404956,Normal Change,No Consistent Weather Pattern,62.68827916435646,0.5999501568360159,False,0.0,False,False,False,False,False,False,False,Normal,Normal,None,0.99,All monitored parameters remain within the learned normal operating pattern.,None,False,0.5999501568360159,0.6155063949784859,False
2026-01-01 19:20:00,33.62546978248787,67.50035277397241,1012.6374986068059,Normal,1,Normal,False,False,False,False,-0.33661443324901086,4.2121234527799345,0.15440469153043068,Normal Change,No Consistent Weather Pattern,63.32660164046557,4.1737511335068405,False,0.0,False,False,False,False,False,False,False,Normal,Normal,None,0.99,All monitored parameters remain within the learned normal operating pattern.,None,False,4.1737511335068405,0.7713967050333324,False
2026-01-01 19:30:00,32.64922545078266,62.716426644176266,1012.266446014396,Normal,1,Normal,False,False,False,False,-0.9762443317052103,-4.783926129796143,-0.3710525924099102,Normal Change,No Consistent Weather Pattern,65.16756146358101,2.451134819404743,False,0.0,False,False,False,False,False,False,False,Normal,Normal,None,0.99,All monitored parameters remain within the learned normal operating pattern.,None,False,-2.451134819404743,0.978791779389547,False
2026-01-01 19:40:00,34.427918324303015,63.37487794804795,1011.4939990962146,Normal,1,Normal,False,False,False,False,1.778692873520356,0.6584513038716864,-0.7724469181814584,Normal Change,No Consistent Weather Pattern,61.79516944139803,1.5797085066499221,False,0.0,False,False,False,False,False,False,False,Normal,Normal,None,0.99,All monitored parameters remain within the learned normal operating pattern.,None,False,1.5797085066499221,1.2360038998837979,False
2026-01-01 19:50:00,34.04329045851001,65.21782072729404,1012.6909191980865,Normal,1,Normal,False,False,False,False,-0.3846278657930071,1.842942779246087,1.1969201018719104,Normal Change,No Consistent Weather Pattern,62.53736847233077,2.6804522549632708,False,0.0,False,False,False,False,False,False,False,Normal,Normal,None,0.99,All monitored parameters remain within the learned normal operating pattern.,None,False,2.6804522549632708,1.444501100344146,False
2026-01-01 20:00:00,34.00127414059417,65.4741546999965,1014.0037287448673,Normal,1,Normal,False,False,False,False,-0.04201631791583793,0.25633397270246405,1.3128095467808407,Normal Change,No Consistent Weather Pattern,62.6333051398187,2.8408495601778014,False,0.0,False,False,False,False,False,False,False,Normal,Normal,None,0.99,All monitored parameters remain within the learned normal operating pattern.,None,False,2.8408495601778014,1.2617825453530673,False
2026-01-01 20:10:00,32.56629313657564,65.78645441029789,1013.2004308325966,Normal,1,Normal,False,False,False,False,-1.4349810040185318,0.3122997103013887,-0.8032979122707502,Normal Change,No Consistent Weather Pattern,65.3360890565283,0.4503653537695982,False,0.0,False,False,False,False,False,False,False,Normal,Normal,None,0.99,All monitored parameters remain within the learned normal operating pattern.,None,False,0.4503653537695982,1.4105631637855294,False
2026-01-01 20:20:00,34.340072950464425,64.84178544062728,1012.8089247803786,Normal,1,Normal,False,False,False,False,1.7737798138887868,-0.9446689696706159,-0.3915060522180056,Normal Change,No Consistent Weather Pattern,61.9777741568359,2.8640112837913776,False,0.0,False,False,False,False,False,False,False,Normal,Normal,None,0.99,All monitored parameters remain within the learned normal operating pattern.,None,False,2.8640112837913776,1.7340004676362955,False
2026-01-01 20:30:00,32.01910138272456,61.432825708622275,1012.6972534195431,Normal,1,Normal,False,False,False,False,-2.3209715677398677,-3.408959732005002,-0.11167136083543028,Normal Change,No Consistent Weather Pattern,66.364248912553,4.93142320393072,False,0.0,False,False,False,False,False,False,False,Normal,Normal,None,0.99,All monitored parameters remain within the learned normal operating pattern.,None,False,-4.93142320393072,0.43326127657378677,False
2026-01-01 20:40:00,33.53155393215052,67.1427265503816,1012.8497922103486,Normal,1,Normal,False,False,False,False,1.5124525494259657,5.709900841759321,0.1525387908054654,Normal Change,No Consistent Weather Pattern,63.506821610866794,3.635904939514802,False,0.0,False,False,False,False,False,False,False,Normal,Normal,None,0.99,All monitored parameters remain within the learned normal operating pattern.,None,False,3.635904939514802,1.3028383849908647,False
2026-01-01 20:50:00,34.73469154226412,61.74265513073035,1013.1216948292096,Normal,1,Normal,False,False,False,False,1.2031376101136004,-5.400071419651248,0.27190261886096323,Normal Change,No Consistent Weather Pattern,61.23566563061315,0.5069895001172,False,0.0,False,False,False,False,False,False,False,Normal,Normal,None,0.99,All monitored parameters remain within the learned normal operating pattern.,None,False,0.5069895001172,1.1495928126290471,False
2026-01-01 21:00:00,32.108961485678854,64.80248983891126,1012.26701949002,Normal,1,Normal,False,False,False,False,-2.625730056585269,3.059834708180908,-0.8546753391896118,Normal Change,No Consistent Weather Pattern,66.18895674634895,1.3864669074376934,False,0.0,False,False,False,False,False,False,False,Normal,Normal,None,0.99,All monitored parameters remain within the learned normal operating pattern.,None,False,-1.3864669074376934,0.5686043608574808,False
2026-01-01 21:10:00,32.366253024291204,62.85286588401444,1013.4235910585188,Normal,1,Normal,False,False,False,False,0.25729153861234977,-1.9496239548968148,1.1565715684988618,Normal Change,No Consistent Weather Pattern,65.71707729004166,2.8642114060272164,False,0.0,False,False,False,False,False,False,False,Normal,Normal,None,0.99,All monitored parameters remain within the learned normal operating pattern.,None,False,-2.8642114060272164,-0.24640434860037885,False
2026-01-01 21:20:00,32.815783024670516,64.39959944161322,1013.2328379676449,Normal,1,Normal,False,False,False,False,0.4495300003793119,1.5467335575987775,-0.19075309087395453,Normal Change,No Consistent Weather Pattern,64.86482701735713,0.46522757574390994,False,0.0,False,False,False,False,False,False,False,Normal,Normal,None,0.99,All monitored parameters remain within the learned normal operating pattern.,None,False,-0.46522757574390994,-0.37720333853088,False
2026-01-01 21:30:00,32.2489555536508,65.35405266671944,1013.2426691832995,Normal,1,Normal,False,False,False,False,-0.5668274710197139,0.9544532251062208,0.009831215654685366,Normal Change,No Consistent Weather Pattern,65.93655792369204,0.5825052569725955,False,0.0,False,False,False,False,False,False,False,Normal,Normal,None,0.99,All monitored parameters remain within the learned normal operating pattern.,None,False,-0.5825052569725955,-0.8695628443543048,False
2026-01-01 21:40:00,31.325816692926033,65.51001955534267,1013.1109542675708,Normal,1,Normal,False,False,False,False,-0.9231388607247695,0.15596688862322594,-0.13171491572870764,Normal Change,No Consistent Weather Pattern,67.68012869708127,2.1701091417386067,False,0.0,False,False,False,False,False,False,False,Normal,Normal,None,0.99,All monitored parameters remain within the learned normal operating pattern.,None,False,-2.1701091417386067,-0.47508940689828855,False
2026-01-01 21:50:00,32.53478061767687,65.88398103280647,1012.9093750563011,Normal,1,Normal,False,False,False,False,1.2089639247508401,0.3739614774638085,-0.20157921126974543,Normal Change,No Consistent Weather Pattern,65.39200572050363,0.4919753123028414,False,0.0,False,False,False,False,False,False,False,Normal,Normal,None,0.99,All monitored parameters remain within the learned normal operating pattern.,None,False,0.4919753123028414,-0.9242222107857115,False
2026-01-01 22:00:00,31.542676141082953,68.44238431398962,1013.2435571396943,Normal,1,Normal,False,False,False,False,-0.9921044765939193,2.5584032811831463,0.3341820833932161,Normal Change,No Consistent Weather Pattern,67.27181521627948,1.1705690977101426,False,0.0,False,False,False,False,False,False,False,Normal,Normal,None,0.99,All monitored parameters remain within the learned normal operating pattern.,None,False,1.1705690977101426,-0.8294251254152911,False
2026-01-01 22:10:00,32.68302303829654,66.29877041545117,1013.21030209032,Normal,1,Normal,False,False,False,False,1.1403468972135862,-2.1436138985384474,-0.03325504937424739,Normal Change,No Consistent Weather Pattern,65.1155311535331,1.1832392619180752,False,0.0,False,False,False,False,False,False,False,Normal,Normal,None,0.99,All monitored parameters remain within the learned normal operating pattern.,None,False,1.1832392619180752,-0.4623242440787528,False
2026-01-01 22:20:00,31.479316213245227,65.08197552815416,1012.7443511488989,Normal,1,Normal,False,False,False,False,-1.203706825051313,-1.216794887297013,-0.4659509414211698,Normal Change,No Consistent Weather Pattern,67.38532387200117,2.3033483438470057,False,0.0,False,False,False,False,False,False,False,Normal,Normal,None,0.99,All monitored parameters remain within the learned normal operating pattern.,None,False,-2.3033483438470057,-0.3822009494815798,False
2026-01-01 22:30:00,33.3646219443535,67.67882549589778,1012.6412543789829,Normal,1,Normal,False,False,False,False,1.885305731108275,2.5968499677436228,-0.10309676991596461,Normal Change,No Consistent Weather Pattern,63.81979088875893,3.8590346071388524,False,0.0,False,False,False,False,False,False,False,Normal,Normal,None,0.99,All monitored parameters remain within the learned normal operating pattern.,None,False,3.8590346071388524,0.2355507909302434,False
2026-01-01 22:40:00,31.4070390625592,68.3116575849929,1012.9853737845568,Normal,1,Normal,False,False,False,False,-1.957582881794302,0.6328320890951176,0.3441194055739061,Normal Change,No Consistent Weather Pattern,67.52499627066142,0.7866613143314822,False,0.0,False,False,False,False,False,False,False,Normal,Normal,None,0.99,All monitored parameters remain within the learned normal operating pattern.,None,False,0.7866613143314822,0.4311460154022545,False
2026-01-01 22:50:00,31.684144700740408,63.66119654231612,1013.7150520542889,Normal,1,Normal,False,False,False,False,0.27710563818120804,-4.650461042676781,0.7296782697320623,Normal Change,No Consistent Weather Pattern,67.01029108218607,3.3490945398699523,False,0.0,False,False,False,False,False,False,False,Normal,Normal,None,0.99,All monitored parameters remain within the learned normal operating pattern.,None,False,-3.3490945398699523,0.2627195299549194,False
2026-01-01 23:00:00,32.499981657537624,67.49646437241594,1012.3267901416004,Normal,1,Normal,False,False,False,False,0.8158369567972166,3.8352678300998235,-1.3882619126884492,Normal Change,No Consistent Weather Pattern,65.45047070286321,2.045993669552729,False,0.0,False,False,False,False,False,False,False,Normal,Normal,None,0.99,All monitored parameters remain within the learned normal operating pattern.,None,False,2.045993669552729,0.48472215241918903,False
2026-01-01 23:10:00,30.771109276476054,67.89074402537535,1012.2180875253806,Normal,1,Normal,False,False,False,False,-1.7288723810615707,0.3942796529594119,-0.1087026162198299,Normal Change,No Consistent Weather Pattern,68.71759839119373,0.8268543658183773,False,0.0,False,False,False,False,False,False,False,Normal,Normal,None,0.99,All monitored parameters remain within the learned normal operating pattern.,None,False,-0.8268543658183773,0.1993759433436862,False
2026-01-01 23:20:00,31.84369781974988,66.08141324914688,1013.0394412839016,Normal,1,Normal,False,False,False,False,1.0725885432738274,-1.809330776228478,0.8213537585210133,Normal Change,No Consistent Weather Pattern,66.70015717820652,0.6187439290596473,False,0.0,False,False,False,False,False,False,False,Normal,Normal,None,0.99,All monitored parameters remain within the learned normal operating pattern.,None,False,-0.6187439290596473,-0.05805022679598843,False
2026-01-01 23:30:00,32.61270721685136,69.6174275997724,1012.9874191233253,Normal,1,Normal,False,False,False,False,0.7690093971014811,3.5360143506255213,-0.05202216057637088,Normal Change,No Consistent Weather Pattern,65.24566382984169,4.371763769930709,False,0.0,False,False,False,False,False,False,False,Normal,Normal,None,0.99,All monitored parameters remain within the learned normal operating pattern.,None,False,4.371763769930709,0.8955372180293993,False
2026-01-01 23:40:00,30.185641535429344,66.7566325797783,1013.0532637253624,Normal,1,Normal,False,False,False,False,-2.427065681422018,-2.8607950199941,0.0658446020371457,Normal Change,No Consistent Weather Pattern,69.83494480222942,3.0783122224511175,False,0.0,False,False,False,False,False,False,False,Normal,Normal,None,0.99,All monitored parameters remain within the learned normal operating pattern.,None,False,-3.0783122224511175,-0.09551232905488202,False
2026-01-01 23:50:00,31.523380508937162,67.49980606272045,1013.0928898618945,Normal,1,Normal,False,False,False,False,1.3377389735078182,0.7431734829421544,0.03962613653209246,Normal Change,No Consistent Weather Pattern,67.3064002498341,0.19340581288635406,False,0.0,False,False,False,False,False,False,False,Normal,Normal,None,0.99,All monitored parameters remain within the learned normal operating pattern.,None,False,0.19340581288635406,-0.18026311497561462,False
2026-01-02 00:00:00,31.487073603398073,67.0955216154336,1012.8633348214701,Normal,1,Normal,False,False,False,False,-0.036306905539088774,-0.4042844472868552,-0.22955504042442954,Normal Change,No Consistent Weather Pattern,67.37215399692478,0.27663238149118285,False,0.0,False,False,False,False,False,False,False,Normal,Normal,None,0.99,All monitored parameters remain within the learned normal operating pattern.,None,False,-0.27663238149118285,0.25866005050706675,False
2026-01-02 00:10:00,31.807606936614786,67.66686081677706,1013.723592266949,Normal,1,Normal,False,False,False,False,0.3205333332167122,0.5713392013434628,0.8602574454789647,Normal Change,No Consistent Weather Pattern,66.77698873154229,0.8898720852347708,False,0.0,False,False,False,False,False,False,False,Normal,Normal,None,0.99,All monitored parameters remain within the learned normal operating pattern.,None,False,0.8898720852347708,0.09349982417592985,False
2026-01-02 00:20:00,30.09509555091399,65.63813758697668,1012.1816346970809,Normal,1,Normal,False,False,False,False,-1.7125113857007968,-2.0287232298003772,-1.5419575698681456,Normal Change,No Consistent Weather Pattern,69.99516792420694,4.357030337230256,False,0.0,False,False,False,False,False,False,False,Normal,Normal,None,0.99,All monitored parameters remain within the learned normal operating pattern.,None,False,-4.357030337230256,-0.41081102888291,False
2026-01-02 00:30:00,29.930363592616366,65.14644046864385,1012.5709655091133,Normal,1,Normal,False,False,False,False,-0.16473195829762233,-0.49169711833283714,0.38933081203242637,Normal Change,No Consistent Weather Pattern,70.31149377927406,5.1650533106302134,False,0.0,False,False,False,False,False,False,False,Normal,Normal,None,0.99,All monitored parameters remain within the learned normal operating pattern.,None,False,-5.1650533106302134,-1.0602837976787052,False
2026-01-02 00:40:00,31.305959430131608,71.41219777117377,1012.9364148597692,Normal,1,Normal,False,False,False,False,1.3755958375152417,6.26575730252992,0.365449350655922,Normal Change,No Consistent Weather Pattern,67.71547541648036,3.6967223546934065,False,0.0,False,False,False,False,False,False,False,Normal,Normal,None,0.99,All monitored parameters remain within the learned normal operating pattern.,None,False,3.6967223546934065,-1.1567182855697484,False
2026-01-02 00:50:00,31.02731514840819,66.72662248372006,1012.1689766523767,Normal,1,Normal,False,False,False,False,-0.2786442817234196,-4.685575287453702,-0.7674382073925017,Normal Change,No Consistent Weather Pattern,68.23261478440294,1.5059923006828768,False,0.0,False,False,False,False,False,False,False,Normal,Normal,None,0.99,All monitored parameters remain within the learned normal operating pattern.,None,False,-1.5059923006828768,-0.9321011538885712,False
2026-01-02 01:00:00,30.89112640915888,66.63575104332303,1012.9048730202318,Normal,1,Normal,False,False,False,False,-0.13618873924930952,-0.09087144039703787,0.7358963678550481,Normal Change,No Consistent Weather Pattern,68.49933535533827,1.8635843120152487,False,0.0,False,False,False,False,False,False,False,Normal,Normal,None,0.99,All monitored parameters remain within the learned normal operating pattern.,None,False,-1.8635843120152487,-1.2259568860173715,False
2026-01-02 01:10:00,30.868618578519627,64.51029975094848,1013.8254645928284,Normal,1,Normal,False,False,False,False,-0.022507830639252546,-2.1254512923745494,0.9205915725966634,Normal Change,No Consistent Weather Pattern,68.55345996519662,4.043160214248147,False,0.0,False,False,False,False,False,False,False,Normal,Normal,None,0.99,All monitored parameters remain within the learned normal operating pattern.,None,False,-4.043160214248147,-1.7640322906969377,False
2026-01-02 01:20:00,29.947931065733695,67.73817481862802,1013.0068019713382,Normal,1,Normal,False,False,False,False,-0.920687512785932,3.2278750676795482,-0.8186626214902617,Normal Change,No Consistent Weather Pattern,70.2837607549168,2.5455859362887736,False,0.0,False,False,False,False,False,False,False,Normal,Normal,None,0.99,All monitored parameters remain within the learned normal operating pattern.,None,False,-2.5455859362887736,-2.2548120080574443,False
2026-01-02 01:30:00,30.57804746489629,66.56933139885003,1013.1130381637377,Normal,1,Normal,False,False,False,False,0.6301163991625955,-1.1688434197779998,0.10623619239947857,Normal Change,No Consistent Weather Pattern,69.0938389827329,2.5245075838828797,False,0.0,False,False,False,False,False,False,False,Normal,Normal,None,0.99,All monitored parameters remain within the learned normal operating pattern.,None,False,-2.5245075838828797,-1.9930230432935332,False
2026-01-02 01:40:00,30.526838943158467,72.69926839123369,1012.3686339452792,Normal,1,Normal,False,False,False,False,-0.05120852173782353,6.129936992383662,-0.7444042184584987,Normal Change,No Consistent Weather Pattern,69.1812925883371,3.5179758028965864,False,0.0,False,False,False,False,False,False,False,Normal,Normal,None,0.99,All monitored parameters remain within the learned normal operating pattern.,None,False,3.5179758028965864,-0.7525903127897047,False
2026-01-02 01:50:00,29.620919104722546,71.63483370039798,1012.6912637710648,Normal,1,Normal,False,False,False,False,-0.9059198384359206,-1.0644346908357107,0.3226298257856115,Normal Change,No Consistent Weather Pattern,70.89802176364168,0.7368119367562969,False,0.0,False,False,False,False,False,False,False,Normal,Normal,None,0.99,All monitored parameters remain within the learned normal operating pattern.,None,False,0.7368119367562969,-1.1754346582092918,False
2026-01-02 02:00:00,31.58496201101212,68.43901450545192,1012.8122738894137,Normal,1,Normal,False,False,False,False,1.9640429062895741,-3.195819194946054,0.1210101183489769,Normal Change,No Consistent Weather Pattern,67.18645062387108,1.2525638815808406,False,0.0,False,False,False,False,False,False,False,Normal,Normal,None,0.99,All monitored parameters remain within the learned normal operating pattern.,None,False,1.2525638815808406,-0.7813552036001893,False
2026-01-02 02:10:00,30.37131389206885,74.52037650000977,1012.8411415501153,Normal,1,Normal,False,False,False,False,-1.2136481189432686,6.081361994557852,0.028867660701507702,Normal Change,No Consistent Weather Pattern,69.48125807671815,5.039118423291626,False,0.0,False,False,False,False,False,False,False,Normal,Normal,None,0.99,All monitored parameters remain within the learned normal operating pattern.,None,False,5.039118423291626,0.20474518715793572,False
2026-01-02 02:20:00,28.939113017905765,72.17921934264741,1013.640647416612,Normal,1,Normal,False,False,False,False,-1.4322008741630867,-2.3411571573623604,0.7995058664967019,Normal Change,No Consistent Weather Pattern,72.19893491638776,0.01971557374034205,False,0.0,False,False,False,False,False,False,False,Normal,Normal,None,0.99,All monitored parameters remain within the learned normal operating pattern.,None,False,-0.01971557374034205,0.7795229929447649,False
2026-01-02 02:30:00,30.31735018553841,69.76612263572007,1013.2781968891811,Normal,1,Normal,False,False,False,False,1.3782371676326441,-2.413096706927348,-0.3624505274308376,Normal Change,No Consistent Weather Pattern,69.58877259190038,0.17735004381968622,False,0.0,False,False,False,False,False,False,False,Normal,Normal,None,0.99,All monitored parameters remain within the learned normal operating pattern.,None,False,0.17735004381968622,1.1685138472459735,False
2026-01-02 02:40:00,28.91239676627448,65.61690436534018,1012.4428476866608,Normal,1,Normal,False,False,False,False,-1.4049534192639292,-4.14921827037989,-0.8353492025203195,Normal Change,No Consistent Weather Pattern,72.23438538400436,6.617481018664179,True,1.0,False,False,False,False,False,False,False,Normal,Normal,None,0.99,All monitored parameters remain within the learned normal operating pattern.,None,False,-6.617481018664179,0.5838033565629307,False
2026-01-02 02:50:00,30.22196797496937,75.39728456123068,1013.1207539048823,Normal,1,Normal,False,False,False,False,1.3095712086948907,9.780380195890501,0.6779062182215512,Normal Change,No Consistent Weather Pattern,69.76711680702701,5.6301677542036686,False,1.0,False,False,False,False,False,False,False,Normal,Normal,None,0.99,All monitored parameters remain within the learned normal operating pattern.,None,False,5.6301677542036686,0.8855450638925139,False
2026-01-02 03:00:00,30.41949834577555,68.23561130133355,1013.2452368924073,Normal,1,Normal,False,False,False,False,0.19753037080618085,-7.161673259897128,0.12448298752497067,Normal Change,No Consistent Weather Pattern,69.3952435533029,1.1596322519693558,False,1.0,False,False,False,False,False,False,False,Normal,Normal,None,0.99,All monitored parameters remain within the learned normal operating pattern.,None,False,-1.1596322519693558,0.6146244655031349,False
2026-01-02 03:10:00,28.736600969449533,67.92290885782441,1013.5645248296919,Normal,1,Normal,False,False,False,False,-1.682897376326018,-0.31270244350913856,0.31928793728457094,Normal Change,No Consistent Weather Pattern,72.58083414624627,4.657925288421865,False,0.0,False,False,False,False,False,False,False,Normal,Normal,None,0.99,All monitored parameters remain within the learned normal operating pattern.,None,False,-4.657925288421865,-0.2297311302115373,False
2026-01-02 03:20:00,30.064615888446006,73.45731089391818,1013.7827449036726,Normal,1,Normal,False,False,False,False,1.3280149189964732,5.534402036093766,0.21822007398066035,Normal Change,No Consistent Weather Pattern,70.07291836725673,3.3843925266614434,False,0.0,False,False,False,False,False,False,False,Normal,Normal,None,0.99,All monitored parameters remain within the learned normal operating pattern.,None,False,3.3843925266614434,-0.46612054401584907,False
2026-01-02 03:30:00,29.525190877789722,76.4895725401975,1012.4826518700853,Normal,1,Normal,False,False,False,False,-0.5394250106562843,3.0322616462793235,-1.3000930335872454,Normal Change,No Consistent Weather Pattern,71.07637689012708,5.413195650070421,False,0.0,False,False,False,False,False,False,False,Normal,Normal,None,0.99,All monitored parameters remain within the learned normal operating pattern.,None,False,5.413195650070421,0.31000963081425986,False
2026-01-02 03:40:00,29.753988063189336,74.57586576663354,1012.5821949996721,Normal,1,Normal,False,False,False,False,0.22879718539961402,-1.913706773563959,0.09954312958677747,Normal Change,No Consistent Weather Pattern,70.6450791019574,3.930786664676134,False,0.0,False,False,False,False,False,False,False,Normal,Normal,None,0.99,All monitored parameters remain within the learned normal operating pattern.,None,False,3.930786664676134,0.846214862365181,False
2026-01-02 03:50:00,30.51551029621298,73.13166641992507,1012.3559602567999,Normal,1,Normal,False,False,False,False,0.7615222330236442,-1.4441993467084728,-0.2262347428721796,Normal Change,No Consistent Weather Pattern,69.20255047377265,3.9291159461524217,False,0.0,False,False,False,False,False,False,False,Normal,Normal,None,0.99,All monitored parameters remain within the learned normal operating pattern.,None,False,3.9291159461524217,2.3528715716246955,False
2026-01-02 04:00:00,28.703902951150372,73.38908179542523,1012.8645656174158,Normal,1,Normal,False,False,False,False,-1.8116073450626082,0.2574153755001589,0.5086053606158885,Normal Change,No Consistent Weather Pattern,72.63385171094703,0.7552300844781996,False,0.0,False,False,False,False,False,False,False,Normal,Normal,None,0.99,All monitored parameters remain within the learned normal operating pattern.,None,False,0.7552300844781996,1.656451904521057,False
2026-01-02 04:10:00,28.19980282738027,74.10124759982808,1013.2112823426337,Normal,1,Normal,False,False,False,False,-0.504100123770101,0.7121658044028578,0.3467167252179024,Normal Change,No Consistent Weather Pattern,73.59122934566534,0.5100182541627447,False,0.0,False,False,False,False,False,False,False,Normal,Normal,None,0.99,All monitored parameters remain within the learned normal operating pattern.,None,False,0.5100182541627447,1.8949734053970713,False
2026-01-02 04:20:00,27.99423835655448,74.10615737906373,1013.4679996178072,Normal,1,Normal,False,False,False,False,-0.20556447082579155,0.004909779235646283,0.2567172751735143,Normal Change,No Consistent Weather Pattern,73.98308341964716,0.12307395941657262,False,0.0,False,False,False,False,False,False,False,Normal,Normal,None,0.99,All monitored parameters remain within the learned normal operating pattern.,None,False,0.12307395941657262,2.5779732979454195,True
2026-01-02 04:30:00,27.956778493261915,73.34352940547022,1012.9322880252862,Normal,1,Normal,False,False,False,False,-0.03745986329256468,-0.76262797359351,-0.535711592521011,Normal Change,No Consistent Weather Pattern,74.04716817806143,0.703638772591205,False,0.0,False,False,False,False,False,False,False,Normal,Normal,None,0.99,All monitored parameters remain within the learned normal operating pattern.,None,False,-0.703638772591205,1.9939688266236126,False
2026-01-02 04:40:00,28.451879499508316,73.18128047382456,1012.8059733342614,Normal,1,Normal,False,False,False,False,0.49510100624640074,-0.16224893164566367,-0.12631469102484516,Normal Change,No Consistent Weather Pattern,73.10957436766468,0.07170610615987982,False,0.0,False,False,False,False,False,False,False,Normal,Normal,None,0.99,All monitored parameters remain within the learned normal operating pattern.,None,False,0.07170610615987982,1.2308988917792496,False
2026-01-02 04:50:00,28.691212339390447,73.03823222512669,1013.0371124694958,Normal,1,Normal,False,False,False,False,0.23933283988213105,-0.14304824869786614,0.23113913523445717,Normal Change,No Consistent Weather Pattern,72.66001284747183,0.37821937765485814,False,0.0,False,False,False,False,False,False,False,Normal,Normal,None,0.99,All monitored parameters remain within the learned normal operating pattern.,None,False,0.37821937765485814,0.7233892793476387,False
2026-01-02 05:00:00,28.5450072212891,71.84476165861648,1012.5387016860332,Normal,1,Normal,False,False,False,False,-0.14620511810134573,-1.1934705665102143,-0.49841078346264567,Normal Change,No Consistent Weather Pattern,72.93015325273751,1.0853915941210346,False,0.0,False,False,False,False,False,False,False,Normal,Normal,None,0.99,All monitored parameters remain within the learned normal operating pattern.,None,False,-1.0853915941210346,0.007031059308573617,False
2026-01-02 05:10:00,28.891436862159164,72.97926932040578,1013.9957859441893,Normal,1,Normal,False,False,False,False,0.34642964087006334,1.1345076617893,1.457084258156101,Normal Change,No Consistent Weather Pattern,72.29353281838218,0.6857365020236017,False,0.0,False,False,False,False,False,False,False,Normal,Normal,None,0.99,All monitored parameters remain within the learned normal operating pattern.,None,False,0.6857365020236017,-0.002896595327797513,False
2026-01-02 05:20:00,28.146836976109284,70.34121544639531,1012.1416338259977,Normal,1,Normal,False,False,False,False,-0.7445998860498797,-2.638053874010467,-1.8541521181915641,Normal Change,No Consistent Weather Pattern,73.67791659657334,3.3367011501780297,False,0.0,False,False,False,False,False,False,False,Normal,Normal,None,0.99,All monitored parameters remain within the learned normal operating pattern.,None,False,-3.3367011501780297,-0.552427938805051,False
2026-01-02 05:30:00,29.206754817968445,73.71546563392532,1013.031987251272,Normal,1,Normal,False,False,False,False,1.0599178418591606,3.3742501875300093,0.8903534252742702,Normal Change,No Consistent Weather Pattern,71.6852971865778,2.0301684473475206,False,0.0,False,False,False,False,False,False,False,Normal,Normal,None,0.99,All monitored parameters remain within the learned normal operating pattern.,None,False,2.0301684473475206,-0.2799858691006299,False
2026-01-02 05:40:00,27.74047815328854,72.11841054594036,1013.9452781456632,Normal,1,Normal,False,False,False,False,-1.4662766646799064,-1.5970550879849554,0.9132908943912526,Normal Change,No Consistent Weather Pattern,74.46882590190455,2.350415355964188,False,0.0,False,False,False,False,False,False,False,Normal,Normal,None,0.99,All monitored parameters remain within the learned normal operating pattern.,None,False,-2.350415355964188,-0.5152396667253417,False
2026-01-02 05:50:00,30.037435748623622,72.0702205348646,1012.9304390999272,Normal,1,Normal,False,False,False,False,2.2969575953350834,-0.04819001107576071,-1.0148390457360392,Normal Change,No Consistent Weather Pattern,70.11358903819098,1.956631496673623,False,0.0,False,False,False,False,False,False,False,Normal,Normal,None,0.99,All monitored parameters remain within the learned normal operating pattern.,None,False,1.956631496673623,-0.2459646109376641,False
2026-01-02 06:00:00,28.271788253770385,74.81727955119018,1012.8252905139893,Normal,1,Normal,False,False,False,False,-1.765647494853237,2.7470590163255793,-0.10514858593785448,Normal Change,No Consistent Weather Pattern,73.4502860534271,1.366993497763076,False,0.0,False,False,False,False,False,False,False,Normal,Normal,None,0.99,All monitored parameters remain within the learned normal operating pattern.,None,False,1.366993497763076,-0.1047111652079187,False
2026-01-02 06:10:00,26.99637554472078,77.41980139298158,1012.7345655604288,Normal,1,Normal,False,False,False,False,-1.2754127090496041,2.6025218417914004,-0.09072495356053878,Normal Change,No Consistent Weather Pattern,75.86035824193334,1.5594431510482423,False,0.0,False,False,False,False,False,False,False,Normal,Normal,None,0.99,All monitored parameters remain within the learned normal operating pattern.,None,False,1.5594431510482423,0.2731223698162637,False
2026-01-02 06:20:00,26.73716379113949,76.64887763282788,1012.8157787613741,Normal,1,Normal,False,False,False,False,-0.25921175358129034,-0.7709237601537069,0.08121320094528528,Normal Change,No Consistent Weather Pattern,76.35142813252551,0.2974495003023634,False,0.0,False,False,False,False,False,False,False,Normal,Normal,None,0.99,All monitored parameters remain within the learned normal operating pattern.,None,False,0.2974495003023634,0.21765279814180108,False
2026-01-02 06:30:00,27.89259626598079,71.84576212518118,1013.5847939929181,Normal,1,Normal,False,False,False,False,1.155432474841298,-4.8031155076466945,0.7690152315440173,Normal Change,No Consistent Weather Pattern,74.17670959820562,2.3309474730244375,False,0.0,False,False,False,False,False,False,False,Normal,Normal,None,0.99,All monitored parameters remain within the learned normal operating pattern.,None,False,-2.3309474730244375,0.3613318948780285,False
2026-01-02 06:40:00,27.24158796671333,73.1800273369113,1011.7845435381444,Normal,1,Normal,False,False,False,False,-0.6510082992674597,1.3342652117301128,-1.8002504547737317,Normal Change,No Consistent Weather Pattern,75.38483278006763,2.2048054431563315,False,0.0,False,False,False,False,False,False,False,Normal,Normal,None,0.99,All monitored parameters remain within the learned normal operating pattern.,None,False,-2.2048054431563315,-0.24366437519395032,False
2026-01-02 06:50:00,27.90633234043793,77.21127848564792,1013.6490064586925,Normal,1,Normal,False,False,False,False,0.6647443737246022,4.031251148736629,1.8644629205481351,Normal Change,No Consistent Weather Pattern,74.15154828047916,3.059730205168762,False,0.0,False,False,False,False,False,False,False,Normal,Normal,None,0.99,All monitored parameters remain within the learned normal operating pattern.,None,False,3.059730205168762,0.5292135621107568,False
2026-01-02 07:00:00,27.629563841658243,73.53307772892457,1012.1618373421813,Normal,1,Normal,False,False,False,False,-0.27676849877968834,-3.6782007567233563,-1.4871691165111542,Normal Change,No Consistent Weather Pattern,74.65609367279073,1.1230159438661644,False,0.0,False,False,False,False,False,False,False,Normal,Normal,None,0.99,All monitored parameters remain within the learned normal operating pattern.,None,False,-1.1230159438661644,0.08926392774793003,False
2026-01-02 07:10:00,27.10965418493633,75.21489906988229,1012.7317281093375,Normal,1,Normal,False,False,False,False,-0.5199096567219144,1.6818213409577254,0.5698907671561528,Normal Change,No Consistent Weather Pattern,75.64616530923274,0.4312662393504496,False,0.0,False,False,False,False,False,False,False,Normal,Normal,None,0.99,All monitored parameters remain within the learned normal operating pattern.,None,False,-0.4312662393504496,-0.16763032041114506,False
2026-01-02 07:20:00,26.408560977900667,76.92811229333833,1012.6413833424518,Normal,1,Normal,False,False,False,False,-0.7010932070356617,1.7132132234560373,-0.09034476688566428,Normal Change,No Consistent Weather Pattern,76.97047101027349,0.042358716935154916,False,0.0,False,False,False,False,False,False,False,Normal,Normal,None,0.99,All monitored parameters remain within the learned normal operating pattern.,None,False,-0.042358716935154916,-0.3964591586944875,False
2026-01-02 07:30:00,25.79336470721536,74.05282611634463,1013.1409472959082,Normal,1,Normal,False,False,False,False,-0.6151962706853062,-2.875286176993697,0.4995639534563452,Normal Change,No Consistent Weather Pattern,78.1398012710219,4.086975154677262,False,0.0,False,False,False,False,False,False,False,Normal,Normal,None,0.99,All monitored parameters remain within the learned normal operating pattern.,None,False,-4.086975154677262,-1.0228055379772911,False
2026-01-02 07:40:00,26.56847732223914,76.3593724445064,1012.0379883586289,Normal,1,Normal,False,False,False,False,0.7751126150237795,2.3065463281617724,-1.1029589372792543,Normal Change,No Consistent Weather Pattern,76.66055824111447,0.3011857966080669,False,0.0,False,False,False,False,False,False,False,Normal,Normal,None,0.99,All monitored parameters remain within the learned normal operating pattern.,None,False,-0.3011857966080669,-0.7328395842035239,False
2026-01-02 07:50:00,27.532487262554724,73.63721255597171,1013.0582324702176,Normal,1,Normal,False,False,False,False,0.9640099403155844,-2.7221598885346907,1.0202441115886813,Normal Change,No Consistent Weather Pattern,74.85088895696231,1.2136764009905932,False,0.0,False,False,False,False,False,False,False,Normal,Normal,None,0.99,All monitored parameters remain within the learned normal operating pattern.,None,False,-1.2136764009905932,-0.5912497210369898,False
2026-01-02 08:00:00,26.941585702002996,75.25664329869991,1013.8291132728991,Normal,1,Normal,False,False,False,False,-0.5909015605517283,1.6194307427281984,0.7708808026815177,Normal Change,No Consistent Weather Pattern,75.9776999375,0.7210566388000927,False,0.0,False,False,False,False,False,False,False,Normal,Normal,None,0.99,All monitored parameters remain within the learned normal operating pattern.,None,False,-0.7210566388000927,-1.1313621273182548,False
2026-01-02 08:10:00,25.69795658344706,77.25046865545178,1012.1249015253112,Normal,1,Normal,False,False,False,False,-1.243629118555937,1.99382535675187,-1.7042117475879195,Normal Change,No Consistent Weather Pattern,78.30740097489338,1.0569323194416,False,0.0,False,False,False,False,False,False,False,Normal,Normal,None,0.99,All monitored parameters remain within the learned normal operating pattern.,None,False,-1.0569323194416,-1.121921609543317,False
2026-01-02 08:20:00,26.75865403185776,73.57379395058304,1012.8905904691193,Normal,1,Normal,False,False,False,False,1.0606974484107,-3.676674704868745,0.7656889438080725,Normal Change,No Consistent Weather Pattern,76.31174053323916,2.7379465826561216,False,0.0,False,False,False,False,False,False,False,Normal,Normal,None,0.99,All monitored parameters remain within the learned normal operating pattern.,None,False,-2.7379465826561216,-1.4514473728726986,False
2026-01-02 08:30:00,26.855279498732106,77.78689828602273,1012.4537150227355,Normal,1,Normal,False,False,False,False,0.0966254668743467,4.213104335439695,-0.43687544638373765,Normal Change,No Consistent Weather Pattern,76.12357471747367,1.6633235685490604,False,0.0,False,False,False,False,False,False,False,Normal,Normal,None,0.99,All monitored parameters remain within the learned normal operating pattern.,None,False,1.6633235685490604,-1.2077784749463822,False
2026-01-02 08:40:00,25.768239859827343,77.01007278457014,1012.9863394149911,Normal,1,Normal,False,False,False,False,-1.0870396389047627,-0.776825501452592,0.5326243922555705,Normal Change,No Consistent Weather Pattern,78.18535710416027,1.1752843195901335,False,0.0,False,False,False,False,False,False,False,Normal,Normal,None,0.99,All monitored parameters remain within the learned normal operating pattern.,None,False,-1.1752843195901335,-0.7918226413625068,False
2026-01-02 08:50:00,26.52801875385149,78.29490257064415,1012.7713815080901,Normal,1,Normal,False,False,False,False,0.7597788940241479,1.2848297860740132,-0.21495790690096328,Normal Change,No Consistent Weather Pattern,76.74626608099382,1.5486364896503346,False,0.0,False,False,False,False,False,False,False,Normal,Normal,None,0.99,All monitored parameters remain within the learned normal operating pattern.,None,False,1.5486364896503346,-0.5275623147541637,False
2026-01-02 09:00:00,26.38275932085545,77.77544357593203,1012.4291992407053,Normal,1,Normal,False,False,False,False,-0.14525943299604194,-0.5194589947121244,-0.34218226738482826,Normal Change,No Consistent Weather Pattern,77.01658258489323,0.7588609910388016,False,0.0,False,False,False,False,False,False,False,Normal,Normal,None,0.99,All monitored parameters remain within the learned normal operating pattern.,None,False,0.7588609910388016,-0.24577125874996447,False
2026-01-02 09:10:00,25.354438194301842,80.190651994815,1012.981738370725,Normal,1,Normal,False,False,False,False,-1.0283211265536067,2.415208418882969,0.5525391300196816,Normal Change,No Consistent Weather Pattern,78.96760590209189,1.2230460927231093,False,0.0,False,False,False,False,False,False,False,Normal,Normal,None,0.99,All monitored parameters remain within the learned normal operating pattern.,None,False,1.2230460927231093,0.03195770289620725,False
2026-01-02 09:20:00,26.48916182102352,77.84458513980604,1013.6275614899297,Normal,1,Normal,False,False,False,False,1.1347236267216765,-2.3460668550089565,0.6458231192046924,Normal Change,No Consistent Weather Pattern,76.8304895264288,1.0140956133772363,False,0.0,False,False,False,False,False,False,False,Normal,Normal,None,0.99,All monitored parameters remain within the learned normal operating pattern.,None,False,1.0140956133772363,0.327818836156041,False
2026-01-02 09:30:00,26.58719887263204,76.86404641467459,1012.61724766356,Normal,1,Normal,False,False,False,False,0.09803705160852161,-0.9805387251314528,-1.0103138263697247,Normal Change,No Consistent Weather Pattern,76.63244636244482,0.23160005222976565,False,0.0,False,False,False,False,False,False,False,Normal,Normal,None,0.99,All monitored parameters remain within the learned normal operating pattern.,None,False,0.23160005222976565,0.7520397839968821,False
2026-01-02 09:40:00,26.94219917846103,78.09307863822295,1013.0596188438441,Normal,1,Normal,False,False,False,False,0.355000305828991,1.2290322235483586,0.4423711802841126,Normal Change,No Consistent Weather Pattern,75.96686681927943,2.126211818943517,False,0.0,False,False,False,False,False,False,False,Normal,Normal,None,0.99,All monitored parameters remain within the learned normal operating pattern.,None,False,2.126211818943517,0.8181666769103758,False
2026-01-02 09:50:00,26.857559546235017,79.0575602488586,1012.0398731946933,Normal,1,Normal,False,False,False,False,-0.08463963222601478,0.9644816106356444,-1.0197456491507637,Normal Change,No Consistent Weather Pattern,76.11406179903898,2.9434984498196144,False,0.0,False,False,False,False,False,False,False,Normal,Normal,None,0.99,All monitored parameters remain within the learned normal operating pattern.,None,False,2.9434984498196144,1.4065642153974827,False
2026-01-02 10:00:00,24.85273946358836,78.18797022474334,1012.1947920992501,Normal,1,Normal,False,False,False,False,-2.0048200826466562,-0.8695900241152543,0.15491890455678003,Normal Change,No Consistent Weather Pattern,79.90619233385173,1.718222109108396,False,0.0,False,False,False,False,False,False,False,Normal,Normal,None,0.99,All monitored parameters remain within the learned normal operating pattern.,None,False,-1.718222109108396,0.9398701298605212,False
2026-01-02 10:10:00,25.146593216195797,78.28747688615198,1012.8954462064321,Normal,1,Normal,False,False,False,False,0.2938537526074363,0.09950666140863973,0.7006541071820038,Normal Change,No Consistent Weather Pattern,79.35945938164977,1.0719824954977923,False,0.0,False,False,False,False,False,False,False,Normal,Normal,None,0.99,All monitored parameters remain within the learned normal operating pattern.,None,False,-1.0719824954977923,0.6783210603552935,False
2026-01-02 10:20:00,26.25250424328991,76.91506456534053,1013.3872674068635,Normal,1,Normal,False,False,False,False,1.1059110270941126,-1.3724123208114491,0.4918212004314455,Normal Change,No Consistent Weather Pattern,77.27487828230345,0.3598137169629183,False,0.0,False,False,False,False,False,False,False,Normal,Normal,None,0.99,All monitored parameters remain within the learned normal operating pattern.,None,False,-0.3598137169629183,0.4521982304001467,False
2026-01-02 10:30:00,26.196794658171328,77.10266637001497,1012.8087173435295,Normal,1,Normal,False,False,False,False,-0.05570958511858137,0.18760180467444343,-0.5785500633340916,Normal Change,No Consistent Weather Pattern,77.37292626055462,0.2702598905396485,False,0.0,False,False,False,False,False,False,False,Normal,Normal,None,0.99,All monitored parameters remain within the learned normal operating pattern.,None,False,-0.2702598905396485,0.2687188726977346,False
2026-01-02 10:40:00,26.14478292808276,75.72929989832478,1012.4598193145779,Normal,1,Normal,False,False,False,False,-0.05201173008856941,-1.3733664716901899,-0.34889802895156663,Normal Change,No Consistent Weather Pattern,77.46687027068052,1.7375703723557336,False,0.0,False,False,False,False,False,False,False,Normal,Normal,None,0.99,All monitored parameters remain within the learned normal operating pattern.,None,False,-1.7375703723557336,-0.01259118795733676,False
2026-01-02 10:50:00,28.763619117054027,82.13628563731338,1012.6011695365543,Normal,1,Normal,False,False,False,False,2.618836188971269,6.406985738988595,0.14135022197638136,Normal Change,No Consistent Weather Pattern,72.51764504014702,9.618640597166362,True,1.0,False,False,False,False,False,False,False,Normal,Normal,None,0.99,All monitored parameters remain within the learned normal operating pattern.,None,False,9.618640597166362,1.0577557803602124,False
2026-01-02 11:00:00,26.088566307238352,76.24856573184978,1011.961234799568,Normal,1,Normal,False,False,False,False,-2.675052809815675,-5.887719905463598,-0.6399347369862198,Normal Change,No Consistent Weather Pattern,77.56688206526258,1.3183163334127954,False,1.0,False,False,False,False,False,False,False,Normal,Normal,None,0.99,All monitored parameters remain within the learned normal operating pattern.,None,False,-1.3183163334127954,0.4489250970412968,False
2026-01-02 11:10:00,26.49247708471333,77.44614045927048,1012.8733520026735,Normal,1,Normal,False,False,False,False,0.4039107774749766,1.197574727420701,0.9121172031054812,Normal Change,No Consistent Weather Pattern,76.81474073129252,0.6313997279779642,False,1.0,False,False,False,False,False,False,False,Normal,Normal,None,0.99,All monitored parameters remain within the learned normal operating pattern.,None,False,0.6313997279779642,0.7845853594822054,False
2026-01-02 11:20:00,26.30116652639101,77.4872552376687,1012.9966589213263,Normal,1,Normal,False,False,False,False,-0.1913105583223178,0.041114778398224416,0.12330691865281551,Normal Change,No Consistent Weather Pattern,77.17797017871192,0.3092850589567888,False,0.0,False,False,False,False,False,False,False,Normal,Normal,None,0.99,All monitored parameters remain within the learned normal operating pattern.,None,False,0.3092850589567888,0.9819092958328598,False
2026-01-02 11:30:00,26.014806988880377,80.80246077821741,1012.31358921545,Normal,1,Normal,False,False,False,False,-0.28635953751063425,3.3152055405487033,-0.6830697058763917,Normal Change,No Consistent Weather Pattern,77.71075610667731,3.0917046715401,False,0.0,False,False,False,False,False,False,False,Normal,Normal,None,0.99,All monitored parameters remain within the learned normal operating pattern.,None,False,3.0917046715401,1.474983351333291,False
2026-01-02 11:40:00,25.199013536902996,78.5076427781854,1012.2885008296854,Normal,1,Normal,False,False,False,False,-0.8157934519773811,-2.2948180000320093,-0.025088385764547638,Normal Change,No Consistent Weather Pattern,79.25272700303891,0.7450842248535139,False,0.0,False,False,False,False,False,False,False,Normal,Normal,None,0.99,All monitored parameters remain within the learned normal operating pattern.,None,False,-0.7450842248535139,1.4071513035741674,False
2026-01-02 11:50:00,26.017762345806368,81.67431020652396,1012.6400956845484,Normal,1,Normal,False,False,False,False,0.8187488089033721,3.166667428338556,0.35159485486303765,Normal Change,No Consistent Weather Pattern,77.7092734151083,3.965036791415656,False,0.0,False,False,False,False,False,False,False,Normal,Normal,None,0.99,All monitored parameters remain within the learned normal operating pattern.,None,False,3.965036791415656,2.2218094698272233,False
2026-01-02 12:00:00,24.753524215398745,77.90944997745466,1012.2721801521155,Normal,1,Normal,False,False,False,False,-1.2642381304076231,-3.764860229069299,-0.3679155324329031,Normal Change,No Consistent Weather Pattern,80.09473510419537,2.185285126740709,False,0.0,False,False,False,False,False,False,False,Normal,Normal,None,0.99,All monitored parameters remain within the learned normal operating pattern.,None,False,-2.185285126740709,0.5355343664119273,False
2026-01-02 12:10:00,25.145381851676632,79.88831485031032,1012.4406076124621,Normal,1,Normal,False,False,False,False,0.39185763627788717,1.9788648728556666,0.1684274603466065,Normal Change,No Consistent Weather Pattern,79.35603173013172,0.5322831201786045,False,0.0,False,False,False,False,False,False,False,Normal,Normal,None,0.99,All monitored parameters remain within the learned normal operating pattern.,None,False,0.5322831201786045,0.7999057169249844,False
2026-01-02 12:20:00,24.911467989435867,77.72978823808218,1013.5064208531971,Normal,1,Normal,False,False,False,False,-0.23391386224076527,-2.158526612228144,1.0658132407349967,Normal Change,No Consistent Weather Pattern,79.81165247858559,2.081864240503407,False,0.0,False,False,False,False,False,False,False,Normal,Normal,None,0.99,All monitored parameters remain within the learned normal operating pattern.,None,False,-2.081864240503407,0.4122965785705028,False
2026-01-02 12:30:00,25.33206402922805,83.75716882010879,1012.3156870010893,Normal,1,Normal,False,False,False,False,0.4205960397921835,6.027380582026609,-1.1907338521078827,Normal Change,No Consistent Weather Pattern,79.00153211399669,4.755636706112099,False,0.0,False,False,False,False,False,False,False,Normal,Normal,None,0.99,All monitored parameters remain within the learned normal operating pattern.,None,False,4.755636706112099,1.0474896710212616,False
2026-01-02 12:40:00,27.086994564261776,77.15426774009504,1012.2424252617831,Normal,1,Normal,False,False,False,False,1.7549305350337256,-6.602901080013751,-0.07326173930619007,Normal Change,No Consistent Weather Pattern,75.68285309180686,1.4714146482881745,False,0.0,False,False,False,False,False,False,False,Normal,Normal,None,0.99,All monitored parameters remain within the learned normal operating pattern.,None,False,1.4714146482881745,0.8160196676995578,False
2026-01-02 12:50:00,23.712068196696656,80.20788071891396,1012.0799772787532,Normal,1,Normal,False,False,False,False,-3.37492636756512,3.0536129788189186,-0.16244798302989238,Normal Change,No Consistent Weather Pattern,82.06122824163735,1.8533475227233964,False,0.0,False,False,False,False,False,False,False,Normal,Normal,None,0.99,All monitored parameters remain within the learned normal operating pattern.,None,False,-1.8533475227233964,0.6576963394324318,False
2026-01-02 13:00:00,25.72742256765572,80.91072493115198,1012.7577561568191,Normal,1,Normal,False,False,False,False,2.015354370959063,0.7028442122380198,0.6777788780659648,Normal Change,No Consistent Weather Pattern,78.25965011247905,2.6510748186729245,False,0.0,False,False,False,False,False,False,False,Normal,Normal,None,0.99,All monitored parameters remain within the learned normal operating pattern.,None,False,2.6510748186729245,0.4699874861834701,False
2026-01-02 13:10:00,23.862708215741655,80.52183636951624,1012.2767210320886,Normal,1,Normal,False,False,False,False,-1.8647143519140634,-0.3888885616357385,-0.4810351247305107,Normal Change,No Consistent Weather Pattern,81.77891124163166,1.2570748721154246,False,0.0,False,False,False,False,False,False,False,Normal,Normal,None,0.99,All monitored parameters remain within the learned normal operating pattern.,None,False,-1.2570748721154246,0.6025889511299393,False
2026-01-02 13:20:00,24.751744583667048,79.3708445296474,1012.0240823416567,Normal,1,Normal,False,False,False,False,0.8890363679253923,-1.150991839868837,-0.25263869043192244,Normal Change,No Consistent Weather Pattern,80.09498072157817,0.7241361919307678,False,0.0,False,False,False,False,False,False,False,Normal,Normal,None,0.99,All monitored parameters remain within the learned normal operating pattern.,None,False,-0.7241361919307678,0.4231004779714575,False
2026-01-02 13:30:00,25.978811838665425,79.52505587835007,1012.9906212736934,Normal,1,Normal,False,False,False,False,1.2270672549983779,0.15421134870267394,0.9665389320366558,Normal Change,No Consistent Weather Pattern,77.78731718150352,1.7377386968465487,False,0.0,False,False,False,False,False,False,False,Normal,Normal,None,0.99,All monitored parameters remain within the learned normal operating pattern.,None,False,1.7377386968465487,0.9687580404500226,False
2026-01-02 13:40:00,25.139397454881962,79.91167606474704,1013.020737694883,Normal,1,Normal,False,False,False,False,-0.8394143837834633,0.3866201863969678,0.030116421189632092,Normal Change,No Consistent Weather Pattern,79.37463826220362,0.5370378025434235,False,0.0,False,False,False,False,False,False,False,Normal,Normal,None,0.99,All monitored parameters remain within the learned normal operating pattern.,None,False,0.5370378025434235,0.36610105422592604,False
2026-01-02 13:50:00,24.20806837616847,79.5654675997192,1011.9914597902588,Normal,1,Normal,False,False,False,False,-0.9313290787134925,-0.34620846502784275,-1.029277904624223,Normal Change,No Consistent Weather Pattern,81.12240966142939,1.5569420617101883,False,0.0,False,False,False,False,False,False,False,Normal,Normal,None,0.99,All monitored parameters remain within the learned normal operating pattern.,None,False,-1.5569420617101883,-0.06652133291669722,False
2026-01-02 14:00:00,24.48228776805057,81.81869676267273,1011.3389073536873,Normal,1,Normal,False,False,False,False,0.27421939188209876,2.253229162953531,-0.6525524365714546,Normal Change,No Consistent Weather Pattern,80.59578499236488,1.2229117703078458,False,0.0,False,False,False,False,False,False,False,Normal,Normal,None,0.99,All monitored parameters remain within the learned normal operating pattern.,None,False,1.2229117703078458,0.37294428037348026,False
2026-01-02 14:10:00,25.584457555373504,84.33948729073117,1012.7562122595756,Normal,1,Normal,False,False,False,False,1.1021697873229357,2.5207905280584413,1.4173049058882725,Normal Change,No Consistent Weather Pattern,78.52991110023818,5.80957619049299,False,0.0,False,False,False,False,False,False,False,Normal,Normal,None,0.99,All monitored parameters remain within the learned normal operating pattern.,None,False,5.80957619049299,0.8241587620620611,False
2026-01-02 14:20:00,24.4447222668251,78.82698528558672,1011.8901928922419,Normal,1,Normal,False,False,False,False,-1.1397352885484047,-5.512502005144455,-0.8660193673337062,Normal Change,No Consistent Weather Pattern,80.67373411084435,1.8467488252576345,False,0.0,False,False,False,False,False,False,False,Normal,Normal,None,0.99,All monitored parameters remain within the learned normal operating pattern.,None,False,-1.8467488252576345,0.7399196258988882,False
2026-01-02 14:30:00,25.192410969824554,77.22190584452389,1012.6076492990834,Normal,1,Normal,False,False,False,False,0.7476887029994543,-1.605079441062827,0.7174564068415066,Normal Change,No Consistent Weather Pattern,79.26922140631405,2.047315561790157,False,0.0,False,False,False,False,False,False,False,Normal,Normal,None,0.99,All monitored parameters remain within the learned normal operating pattern.,None,False,-2.047315561790157,0.5508940016332612,False
2026-01-02 14:40:00,25.047926322317043,79.8004982025095,1011.2068916100953,Normal,1,Normal,False,False,False,False,-0.144484647507511,2.578592357985613,-1.400757688988051,Normal Change,No Consistent Weather Pattern,79.52476579259289,0.2757324099166141,False,0.0,False,False,False,False,False,False,False,Normal,Normal,None,0.99,All monitored parameters remain within the learned normal operating pattern.,None,False,0.2757324099166141,0.3420359606432705,False
2026-01-02 14:50:00,24.48441266704377,85.1480327850518,1012.617629575985,Normal,-1,Anomaly,False,False,False,False,-0.5635136552732725,5.347534582542295,1.4107379658896662,Normal Change,No Consistent Weather Pattern,80.60784262106907,4.540190163982729,False,0.0,False,False,False,False,False,False,False,Requires Investigation,Suspicious,Medium,0.65,"The machine-learning model detected an unusual pattern, but the available rule-based evidence is insufficient to classify it as a confirmed sensor fault or genuine weather event.",Multiple,False,4.540190163982729,0.9139148694203142,False
2026-01-02 15:00:00,26.71707396873498,78.3888134695111,1011.5449147638866,Normal,1,Normal,False,False,False,False,2.232661301691209,-6.75921931554069,-1.0727148120984111,Normal Change,No Consistent Weather Pattern,76.3734326106966,2.0153808588145097,False,0.0,False,False,False,False,False,False,False,Normal,Normal,None,0.99,All monitored parameters remain within the learned normal operating pattern.,None,False,2.0153808588145097,1.4242467152095568,False
2026-01-02 15:10:00,25.507282837359835,83.27793837187728,1012.4948371307322,Normal,1,Normal,False,False,False,False,-1.2097911313751446,4.889124902366177,0.9499223668456125,Normal Change,No Consistent Weather Pattern,78.67252687711638,4.605411494760901,False,0.0,False,False,False,False,False,False,False,Normal,Normal,None,0.99,All monitored parameters remain within the learned normal operating pattern.,None,False,4.605411494760901,1.9074609615599931,False
2026-01-02 15:20:00,23.380266352320852,83.354640784859,1012.1153325775329,Normal,-1,Anomaly,False,False,False,False,-2.1270164850389826,0.07670241298171732,-0.3795045531993537,Normal Change,No Consistent Weather Pattern,82.68895577813748,0.6656850067215174,False,0.0,False,False,False,False,False,False,False,Requires Investigation,Suspicious,Medium,0.65,"The machine-learning model detected an unusual pattern, but the available rule-based evidence is insufficient to classify it as a confirmed sensor fault or genuine weather event.",Multiple,False,0.6656850067215174,1.1726193638783542,False
2026-01-02 15:30:00,25.151780462210535,78.88758949579403,1011.609756066219,Normal,1,Normal,False,False,False,False,1.771514109889683,-4.467051289064969,-0.5055765113138477,Normal Change,No Consistent Weather Pattern,79.33349029127041,0.4459007954763763,False,0.0,False,False,False,False,False,False,False,Normal,Normal,None,0.99,All monitored parameters remain within the learned normal operating pattern.,None,False,-0.4459007954763763,1.3727405109899624,False
2026-01-02 15:40:00,24.477427317537362,81.1242531796664,1011.861528262953,Normal,1,Normal,False,False,False,False,-0.674353144673173,2.236663683872365,0.2517721967340094,Normal Change,No Consistent Weather Pattern,80.61154371618532,0.5127094634810732,False,0.0,False,False,False,False,False,False,False,Normal,Normal,None,0.99,All monitored parameters remain within the learned normal operating pattern.,None,False,0.5127094634810732,1.7384583717429953,False
2026-01-02 15:50:00,25.695043827223646,83.23059892748374,1012.38631937485,Normal,1,Normal,False,False,False,False,1.2176165096862839,2.1063457478173433,0.5247911118970023,Normal Change,No Consistent Weather Pattern,78.31619392867053,4.914404998813211,False,0.0,False,False,False,False,False,False,False,Normal,Normal,None,0.99,All monitored parameters remain within the learned normal operating pattern.,None,False,4.914404998813211,2.4011258844425094,False
2026-01-02 16:00:00,24.387319928568115,79.19907147939648,1012.0740163763335,Normal,1,Normal,False,False,False,False,-1.3077238986555315,-4.03152744808726,-0.3123029985165431,Normal Change,No Consistent Weather Pattern,80.78456610128325,1.5854946218867667,False,0.0,False,False,False,False,False,False,False,Normal,Normal,None,0.99,All monitored parameters remain within the learned normal operating pattern.,None,False,-1.5854946218867667,1.526028057889724,False
2026-01-02 16:10:00,24.939782113726313,79.52969674599561,1012.2909821333714,Normal,1,Normal,False,False,False,False,0.5524621851581983,0.33062526659912805,0.21696575703788312,Normal Change,No Consistent Weather Pattern,79.74284434051489,0.21314759451928467,False,0.0,False,False,False,False,False,False,False,Normal,Normal,None,0.99,All monitored parameters remain within the learned normal operating pattern.,None,False,-0.21314759451928467,1.2076668502706107,False
2026-01-02 16:20:00,25.447787123365575,78.74904357174029,1012.9645021525047,Normal,1,Normal,False,False,False,False,0.5080050096392625,-0.7806531742553204,0.6735200191333206,Normal Change,No Consistent Weather Pattern,78.79090978397382,0.041866212233529154,False,0.0,False,False,False,False,False,False,False,Normal,Normal,None,0.99,All monitored parameters remain within the learned normal operating pattern.,None,False,-0.041866212233529154,0.5437700349856921,False
2026-01-02 16:30:00,25.75061387444935,77.85446710038777,1011.1714692491206,Normal,1,Normal,False,False,False,False,0.3028267510837743,-0.8945764713525222,-1.7930329033840735,Normal Change,No Consistent Weather Pattern,78.19586490657464,0.3413978061868761,False,0.0,False,False,False,False,False,False,False,Normal,Normal,None,0.99,All monitored parameters remain within the learned normal operating pattern.,None,False,-0.3413978061868761,0.39990106171306444,False
2026-01-02 16:40:00,24.113965701887004,78.55303925480474,1012.7393087885137,Normal,1,Normal,False,False,False,False,-1.6366481725623458,0.6985721544169792,1.5678395393930487,Normal Change,No Consistent Weather Pattern,81.30971529934715,2.7566760445424023,False,0.0,False,False,False,False,False,False,False,Normal,Normal,None,0.99,All monitored parameters remain within the learned normal operating pattern.,None,False,-2.7566760445424023,0.06979031184648932,False
2026-01-02 16:50:00,24.824769146763032,77.36737919560392,1011.959799460489,Normal,1,Normal,False,False,False,False,0.7108034448760279,-1.1856600592008277,-0.7795093280246874,Normal Change,No Consistent Weather Pattern,79.95611710998068,2.5887379143767646,False,0.0,False,False,False,False,False,False,False,Normal,Normal,None,0.99,All monitored parameters remain within the learned normal operating pattern.,None,False,-2.5887379143767646,-0.3732735992760589,False
2026-01-02 17:00:00,24.73254811266134,79.84315821333824,1011.4349573156135,Normal,1,Normal,False,False,False,False,-0.09222103410169069,2.4757790177343253,-0.5248421448754925,Normal Change,No Consistent Weather Pattern,80.12386643236749,0.28070821902925047,False,0.0,False,False,False,False,False,False,False,Normal,Normal,None,0.99,All monitored parameters remain within the learned normal operating pattern.,None,False,-0.28070821902925047,-1.1154326303964106,False
2026-01-02 17:10:00,24.6119340503831,78.19085866499857,1011.1957315641599,Normal,1,Normal,False,False,False,False,-0.12061406227824278,-1.6522995483396699,-0.23922575145354585,Normal Change,No Consistent Weather Pattern,80.3488842610412,2.158025596042634,False,0.0,False,False,False,False,False,False,False,Normal,Normal,None,0.99,All monitored parameters remain within the learned normal operating pattern.,None,False,-2.158025596042634,-1.1972227695615345,False
2026-01-02 17:20:00,26.571003897581356,80.15029081286853,1011.7426807588777,Normal,1,Normal,False,False,False,False,1.9590698471982577,1.9594321478699612,0.5469491947177403,Normal Change,No Consistent Weather Pattern,76.65206934764359,3.498221465224944,False,0.0,False,False,False,False,False,False,False,Normal,Normal,None,0.99,All monitored parameters remain within the learned normal operating pattern.,None,False,3.498221465224944,-0.6670271895980733,False
2026-01-02 17:30:00,25.50860930093305,76.51896084326417,1012.274234496907,Normal,1,Normal,False,False,False,False,-1.062394596648307,-3.6313299696043657,0.5315537380292881,Normal Change,No Consistent Weather Pattern,78.66724595385645,2.1482851105922833,False,0.0,False,False,False,False,False,False,False,Normal,Normal,None,0.99,All monitored parameters remain within the learned normal operating pattern.,None,False,-2.1482851105922833,-0.9679441750778953,False
2026-01-02 17:40:00,49.203830139556594,80.23668585837966,1011.7256216647809,Spike,-1,Anomaly,False,False,False,False,23.695220838623545,3.717725015115491,-0.5486128321260821,Isolated Change,No Consistent Weather Pattern,33.8636989431503,46.37298691522936,True,1.0,False,False,False,False,False,False,True,Likely Sensor Fault,Confirmed Anomaly,High,0.95,Temperature changed by +23.70°C in 10 minutes while the other parameters did not show a corresponding large change. This indicates an isolated temperature anomaly.,Temperature,False,46.37298691522936,5.705539356552996,True
2026-01-02 17:50:00,25.976658988242413,81.18231906202067,1012.5207811775762,Normal,1,Normal,False,False,False,False,-23.22717115131418,0.9456332036410089,0.7951595127952942,Isolated Change,No Consistent Weather Pattern,77.78548085830114,3.3968382037195255,False,1.0,False,False,False,True,False,True,True,Recovery Reading,Suspicious,Low,0.85,The sensor value rapidly moved back in the opposite direction following a detected anomaly. This reading is treated as a recovery rather than a separate anomaly.,Temperature,False,3.3968382037195255,6.584612820590414,True
2026-01-02 18:00:00,26.97183331614306,75.46431199779119,1011.0152464824442,Normal,1,Normal,False,False,False,False,0.9951743279006457,-5.718007064229482,-1.505534695131928,Normal Change,No Consistent Weather Pattern,75.88514261928802,0.42083062149683315,False,1.0,False,False,False,False,False,False,False,Normal,Normal,None,0.99,All monitored parameters remain within the learned normal operating pattern.,None,False,-0.42083062149683315,6.894313862430404,True
2026-01-02 18:10:00,26.133713574693047,80.13263040719089,1011.7102460378985,Normal,1,Normal,False,False,False,False,-0.8381197414500114,4.668318409399703,0.6949995554542738,Normal Change,No Consistent Weather Pattern,77.47837438311039,2.654256024080496,False,0.0,False,False,False,False,False,False,False,Normal,Normal,None,0.99,All monitored parameters remain within the learned normal operating pattern.,None,False,2.654256024080496,7.313594468588939,True
2026-01-02 18:20:00,24.12775900129324,81.76882803683368,1011.0653780025774,Normal,1,Normal,False,False,False,False,-2.0059545733998085,1.636197629642794,-0.6448680353211103,Normal Change,No Consistent Weather Pattern,81.26259558599607,0.506232450837615,False,0.0,False,False,False,False,False,False,False,Normal,Normal,None,0.99,All monitored parameters remain within the learned normal operating pattern.,None,False,0.506232450837615,7.694202761000404,True
2026-01-02 18:30:00,24.993247690231644,76.8194480655683,1011.8485053841788,Normal,1,Normal,False,False,False,False,0.8654886889384059,-4.949379971265387,0.7831273816013891,Normal Change,No Consistent Weather Pattern,79.63620340512614,2.8167553395578437,False,0.0,False,False,False,False,False,False,False,Normal,Normal,None,0.99,All monitored parameters remain within the learned normal operating pattern.,None,False,-2.8167553395578437,6.792063217460005,True
2026-01-02 18:40:00,26.43339522756771,82.50541215723857,1012.0850808546089,Normal,1,Normal,False,False,False,False,1.4401475373360668,5.685964091670272,0.23657547043012528,Normal Change,No Consistent Weather Pattern,76.91652770361756,5.588884453621006,False,0.0,False,False,False,False,False,False,False,Normal,Normal,None,0.99,All monitored parameters remain within the learned normal operating pattern.,None,False,5.588884453621006,7.897373155204761,True
2026-01-02 18:50:00,24.894797757191807,79.91617135935843,1011.4060394882506,Normal,1,Normal,False,False,False,False,-1.5385974703759047,-2.5892407978801373,-0.6790413663583195,Normal Change,No Consistent Weather Pattern,79.81676423290983,0.09940712644859673,False,0.0,False,False,False,False,False,False,False,Normal,Normal,None,0.99,All monitored parameters remain within the learned normal operating pattern.,None,False,0.09940712644859673,1.286861756807509,False
2026-01-02 19:00:00,25.85887509628508,77.582337180947,1010.2889347178526,Normal,1,Normal,False,False,False,False,0.9640773390932722,-2.3338341784114363,-1.1171047703979866,Normal Change,No Consistent Weather Pattern,77.98009890264137,0.39776172169437984,False,0.0,False,False,False,False,False,False,False,Normal,Normal,None,0.99,All monitored parameters remain within the learned normal operating pattern.,None,False,-0.39776172169437984,0.744776053176951,False
2026-01-02 19:10:00,26.168215034929634,78.79144626031226,1011.66497755912,Normal,1,Normal,False,False,False,False,0.30933993864455545,1.2091090793652626,1.376042841267349,Normal Change,No Consistent Weather Pattern,77.41257908581409,1.3788671744981684,False,0.0,False,False,False,False,False,False,False,Normal,Normal,None,0.99,All monitored parameters remain within the learned normal operating pattern.,None,False,1.3788671744981684,1.0018757383190942,False
2026-01-02 19:20:00,24.853435757177134,79.92669355616424,1011.7581777385341,Normal,1,Normal,False,False,False,False,-1.3147792777524998,1.1352472958519826,0.09320017941411152,Normal Change,No Consistent Weather Pattern,79.89938728437596,0.027306271788276604,False,0.0,False,False,False,False,False,False,False,Normal,Normal,None,0.99,All monitored parameters remain within the learned normal operating pattern.,None,False,0.027306271788276604,0.6265972022773484,False
2026-01-02 19:30:00,25.59559767013047,78.865574872865,1011.7161065291117,Normal,1,Normal,False,False,False,False,0.7421619129533354,-1.0611186832992416,-0.04207120942237452,Normal Change,No Consistent Weather Pattern,78.49577514479952,0.36979972806547323,False,0.0,False,False,False,False,False,False,False,Normal,Normal,None,0.99,All monitored parameters remain within the learned normal operating pattern.,None,False,0.36979972806547323,0.6071068133098996,False
2026-01-02 19:40:00,23.100188048621124,79.69110814353996,1012.1058492386103,Normal,1,Normal,False,False,False,False,-2.4954096215093458,0.825533270674967,0.38974270949859147,Normal Change,No Consistent Weather Pattern,83.21833447062284,3.5272263270828716,False,0.0,False,False,False,False,False,False,False,Normal,Normal,None,0.99,All monitored parameters remain within the learned normal operating pattern.,None,False,-3.5272263270828716,0.5056109579491813,False
2026-01-02 19:50:00,24.9254018854972,76.66882881671201,1010.9262812013351,Normal,1,Normal,False,False,False,False,1.8252138368760775,-3.022279326827956,-1.179568037275203,Normal Change,No Consistent Weather Pattern,79.75287500490029,3.0840461881882817,False,0.0,False,False,False,False,False,False,False,Normal,Normal,None,0.99,All monitored parameters remain within the learned normal operating pattern.,None,False,-3.0840461881882817,-0.7333791337378598,False
2026-01-02 20:00:00,25.596272942760997,78.7420667203211,1011.7756195199635,Normal,1,Normal,False,False,False,False,0.6708710572637955,2.0732379036090975,0.8493383186283836,Normal Change,No Consistent Weather Pattern,78.4952466562695,0.2468200640516045,False,0.0,False,False,False,False,False,False,False,Normal,Normal,None,0.99,All monitored parameters remain within the learned normal operating pattern.,None,False,0.2468200640516045,-0.7123201426517157,False
2026-01-02 20:10:00,24.855200362769562,75.46571718950716,1012.0053248120768,Normal,1,Normal,False,False,False,False,-0.7410725799914353,-3.2763495308139454,0.2297052921132945,Normal Change,No Consistent Weather Pattern,79.8991581227194,4.433440933212239,False,0.0,False,False,False,False,False,False,False,Normal,Normal,None,0.99,All monitored parameters remain within the learned normal operating pattern.,None,False,-4.433440933212239,-1.2888457442971242,False
2026-01-02 20:20:00,27.216117291921723,77.95717137974977,1010.4931956642697,Normal,1,Normal,False,False,False,False,2.360916929152161,2.4914541902426066,-1.5121291478070589,Normal Change,No Consistent Weather Pattern,75.41675244644414,2.540418933305631,False,0.0,False,False,False,False,False,False,False,Normal,Normal,None,0.99,All monitored parameters remain within the learned normal operating pattern.,None,False,2.540418933305631,-1.122909778753201,False
2026-01-02 20:30:00,24.824475633558336,76.25500724521673,1011.5155952449657,Normal,1,Normal,False,False,False,False,-2.391641658363387,-1.7021641345330352,1.0223995806959465,Normal Change,No Consistent Weather Pattern,79.95108791303173,3.6960806678149964,False,0.0,False,False,False,False,False,False,False,Normal,Normal,None,0.99,All monitored parameters remain within the learned normal operating pattern.,None,False,-3.6960806678149964,-1.6548221986965257,False
2026-01-02 20:40:00,25.6765693742315,76.4717301876423,1011.0768234448756,Normal,1,Normal,False,False,False,False,0.8520937406731655,0.21672294242556234,-0.43877180009008043,Normal Change,No Consistent Weather Pattern,78.33465885174769,1.8629286641053966,False,0.0,False,False,False,False,False,False,False,Normal,Normal,None,0.99,All monitored parameters remain within the learned normal operating pattern.,None,False,-1.8629286641053966,-1.9737833975780785,False
2026-01-02 20:50:00,26.194805339819276,80.29176059444006,1011.2611628957956,Normal,1,Normal,False,False,False,False,0.518235965587774,3.8200304067977697,0.1843394509199925,Normal Change,No Consistent Weather Pattern,77.35723282025738,2.9345277741826834,False,0.0,False,False,False,False,False,False,False,Normal,Normal,None,0.99,All monitored parameters remain within the learned normal operating pattern.,None,False,2.9345277741826834,-1.0506756688258565,False
2026-01-02 21:00:00,27.30640641868228,79.87584466632977,1011.4486428939729,Normal,1,Normal,False,False,False,False,1.1116010788630035,-0.41591592811029443,0.18747999817730943,Normal Change,No Consistent Weather Pattern,75.25806860224951,4.61777606408026,False,0.0,False,False,False,False,False,False,False,Normal,Normal,None,0.99,All monitored parameters remain within the learned normal operating pattern.,None,False,4.61777606408026,0.04958465292679242,False
2026-01-02 21:10:00,25.069414651228573,78.78206749747011,1011.0039430552616,Normal,1,Normal,False,False,False,False,-2.2369917674537056,-1.0937771688596598,-0.4446998387112444,Normal Change,No Consistent Weather Pattern,79.48159008162207,0.6995225841519641,False,0.0,False,False,False,False,False,False,False,Normal,Normal,None,0.99,All monitored parameters remain within the learned normal operating pattern.,None,False,-0.6995225841519641,-0.08560715395943166,False
2026-01-02 21:20:00,27.21486769632399,75.2467010814548,1010.8823309782761,Normal,1,Normal,False,False,False,False,2.1454530450954152,-3.5353664160153073,-0.12161207698557064,Normal Change,No Consistent Weather Pattern,75.42400667347779,0.17730559202298934,False,0.0,False,False,False,False,False,False,False,Normal,Normal,None,0.99,All monitored parameters remain within the learned normal operating pattern.,None,False,-0.17730559202298934,0.5224121804961754,False
2026-01-02 21:30:00,26.360244658420967,76.6630666813998,1011.2097666452551,Normal,1,Normal,False,False,False,False,-0.8546230379030213,1.4163655999449958,0.3274356669789995,Normal Change,No Consistent Weather Pattern,77.04381785311244,0.38075117171264594,False,0.0,False,False,False,False,False,False,False,Normal,Normal,None,0.99,All monitored parameters remain within the learned normal operating pattern.,None,False,-0.38075117171264594,0.10510216549356446,False
2026-01-02 21:40:00,25.63603485439156,79.58371184949854,1010.6214533787916,Normal,1,Normal,False,False,False,False,-0.7242098040294067,2.920645168098744,-0.5883132664635013,Normal Change,No Consistent Weather Pattern,78.40556633060339,1.1781455188951497,False,0.0,False,False,False,False,False,False,False,Normal,Normal,None,0.99,All monitored parameters remain within the learned normal operating pattern.,None,False,1.1781455188951497,0.8014201921664424,False
2026-01-02 21:50:00,26.86154244295441,77.29971450019222,1010.594432955467,Normal,1,Normal,False,False,False,False,1.2255075885628486,-2.2839973493063184,-0.027020423324529474,Normal Change,No Consistent Weather Pattern,76.08836135395524,1.2113531462369878,False,0.0,False,False,False,False,False,False,False,Normal,Normal,None,0.99,All monitored parameters remain within the learned normal operating pattern.,None,False,1.2113531462369878,1.2406033079296404,False
2026-01-02 22:00:00,26.72313132821653,81.51089193644788,1011.4491873716634,Normal,1,Normal,False,False,False,False,-0.13841111473787748,4.211177436255653,0.8547544161963287,Normal Change,No Consistent Weather Pattern,76.3607775693834,5.150114367064475,False,0.0,False,False,False,False,False,False,False,Normal,Normal,None,0.99,All monitored parameters remain within the learned normal operating pattern.,None,False,5.150114367064475,1.5571156783413247,False
2026-01-02 22:10:00,26.15711113183998,77.51206641165471,1010.5071477515031,Normal,1,Normal,False,False,False,False,-0.5660201963765523,-3.998825524793162,-0.9420396201602443,Normal Change,No Consistent Weather Pattern,77.41901632023016,0.09305009142455845,False,0.0,False,False,False,False,False,False,False,Normal,Normal,None,0.99,All monitored parameters remain within the learned normal operating pattern.,None,False,0.09305009142455845,0.9107262536762245,False
2026-01-02 22:20:00,26.767875098712405,76.96003137153929,1011.3866366882286,Normal,1,Normal,False,False,False,False,0.6107639668724261,-0.5520350401154275,0.8794889367254655,Normal Change,No Consistent Weather Pattern,76.27540156873417,0.6846298028051194,False,0.0,False,False,False,False,False,False,False,Normal,Normal,None,0.99,All monitored parameters remain within the learned normal operating pattern.,None,False,0.6846298028051194,1.1084623089558079,False
2026-01-02 22:30:00,26.479849127321387,75.8055670619734,1011.2566061947174,Normal,1,Normal,False,False,False,False,-0.2880259713910185,-1.1544643095658813,-0.13003049351118534,Normal Change,No Consistent Weather Pattern,76.8182902081484,1.0127231461749915,False,0.0,False,False,False,False,False,False,False,Normal,Normal,None,0.99,All monitored parameters remain within the learned normal operating pattern.,None,False,-1.0127231461749915,0.9891169440769504,False
2026-01-02 22:40:00,26.956267745483203,76.53617407100015,1010.1341345588447,Normal,1,Normal,False,False,False,False,0.47641861816181574,0.7306070090267411,-1.122471635872671,Normal Change,No Consistent Weather Pattern,75.90349341582129,0.6326806551788593,False,0.0,False,False,False,False,False,False,False,Normal,Normal,None,0.99,All monitored parameters remain within the learned normal operating pattern.,None,False,0.6326806551788593,1.1338929193471654,False
2026-01-02 22:50:00,27.473768561265143,75.8069322839423,1010.6298830693564,Normal,1,Normal,False,False,False,False,0.5175008157819398,-0.7292417870578447,0.495748510511703,Normal Change,No Consistent Weather Pattern,74.93137193622053,0.8755603477217733,False,0.0,False,False,False,False,False,False,False,Normal,Normal,None,0.99,All monitored parameters remain within the learned normal operating pattern.,None,False,0.8755603477217733,1.0906664663223975,False
2026-01-02 23:00:00,28.292712408834166,77.3684194415414,1011.5372505095789,Normal,1,Normal,False,False,False,False,0.8189438475690238,1.5614871575991032,0.9073674402225151,Normal Change,No Consistent Weather Pattern,73.39453624151157,3.9738832000298316,False,0.0,False,False,False,False,False,False,False,Normal,Normal,None,0.99,All monitored parameters remain within the learned normal operating pattern.,None,False,3.9738832000298316,1.4853136168642322,False
2026-01-02 23:10:00,26.11467427616061,77.70355128314499,1010.4210492479008,Normal,1,Normal,False,False,False,False,-2.1780381326735565,0.3351318416035838,-1.1162012616781567,Normal Change,No Consistent Weather Pattern,77.49816234721308,0.2053889359319072,False,0.0,False,False,False,False,False,False,False,Normal,Normal,None,0.99,All monitored parameters remain within the learned normal operating pattern.,None,False,0.2053889359319072,0.7789242695595797,False
2026-01-02 23:20:00,28.89354140436335,74.05379166970744,1010.6507747426923,Normal,1,Normal,False,False,False,False,2.778867128202741,-3.6497596134375527,0.2297254947915235,Normal Change,No Consistent Weather Pattern,72.2475039501187,1.8062877195887381,False,0.0,False,False,False,False,False,False,False,Normal,Normal,None,0.99,All monitored parameters remain within the learned normal operating pattern.,None,False,1.8062877195887381,1.0236725021544626,False
2026-01-02 23:30:00,25.7087598645879,72.79667388447264,1011.0852637070401,Normal,1,Normal,False,False,False,False,-3.18478153977545,-1.2571177852347972,0.4344889643477927,Normal Change,No Consistent Weather Pattern,78.27390769740856,5.477233812935921,False,0.0,False,False,False,False,False,False,False,Normal,Normal,None,0.99,All monitored parameters remain within the learned normal operating pattern.,None,False,-5.477233812935921,0.14340627133431383,False
2026-01-02 23:40:00,27.23341140609938,71.61791028953772,1011.217099307908,Normal,1,Normal,False,False,False,False,1.5246515415114779,-1.1787635949349209,0.13183560086793022,Normal Change,No Consistent Weather Pattern,75.3931575111644,3.7752472216266852,False,0.0,False,False,False,False,False,False,False,Normal,Normal,None,0.99,All monitored parameters remain within the learned normal operating pattern.,None,False,-3.7752472216266852,-0.2512400251587853,False
2026-01-02 23:50:00,27.910962773341673,76.13536463751707,1010.6707226980536,Normal,1,Normal,False,False,False,False,0.6775513672422946,4.517454347979353,-0.5463766098544056,Normal Change,No Consistent Weather Pattern,74.10535425978011,2.030010377736957,False,0.0,False,False,False,False,False,False,False,Normal,Normal,None,0.99,All monitored parameters remain within the learned normal operating pattern.,None,False,2.030010377736957,-0.0516214933647713,False
2026-01-03 00:00:00,27.751597921327857,72.7396579333726,1010.4687453234537,Normal,1,Normal,False,False,False,False,-0.159364852013816,-3.395706704144473,-0.20197737459989185,Normal Change,No Consistent Weather Pattern,74.40410007223039,1.664442138857794,False,0.0,False,False,False,False,False,False,False,Normal,Normal,None,0.99,All monitored parameters remain within the learned normal operating pattern.,None,False,-1.664442138857794,-0.4144789914475666,False
2026-01-03 00:10:00,27.11613145691884,70.4656366685444,1011.4496167282421,Normal,1,Normal,False,False,False,False,-0.6354664644090171,-2.2740212648281926,0.9808714047883313,Normal Change,No Consistent Weather Pattern,75.61780236788368,5.152165699339278,False,0.0,False,False,False,False,False,False,False,Normal,Normal,None,0.99,All monitored parameters remain within the learned normal operating pattern.,None,False,-5.152165699339278,-1.718200262786011,False
2026-01-03 00:20:00,27.5362360811931,75.37168944610409,1011.5787390154146,Normal,1,Normal,False,False,False,False,0.4201046242742592,4.90605277755968,0.12912228717254948,Normal Change,No Consistent Weather Pattern,74.82520296155441,0.5464864845496749,False,0.0,False,False,False,False,False,False,False,Normal,Normal,None,0.99,All monitored parameters remain within the learned normal operating pattern.,None,False,0.5464864845496749,-1.6694720415549011,False
2026-01-03 00:30:00,27.397696658723532,79.4018042219644,1011.1695045246339,Normal,1,Normal,False,False,False,False,-0.13853942246956663,4.030114775860312,-0.4092344907807046,Normal Change,No Consistent Weather Pattern,75.08197213470693,4.319832087257467,False,0.0,False,False,False,False,False,False,False,Normal,Normal,None,0.99,All monitored parameters remain within the learned normal operating pattern.,None,False,4.319832087257467,-1.3103942747450827,False
2026-01-03 00:40:00,27.41085402632306,74.22316651316335,1010.6934527430524,Normal,1,Normal,False,False,False,False,0.013157367599529124,-5.178637708801048,-0.47605178158153194,Normal Change,No Consistent Weather Pattern,75.05111321741775,0.8279467042544013,False,0.0,False,False,False,False,False,False,False,Normal,Normal,None,0.99,All monitored parameters remain within the learned normal operating pattern.,None,False,-0.8279467042544013,-0.6462104020762942,False
2026-01-03 00:50:00,28.653124664910013,75.73009557431689,1010.2173137742993,Normal,1,Normal,False,False,False,False,1.2422706385869517,1.5069290611535422,-0.4761389687530482,Normal Change,No Consistent Weather Pattern,72.69657123161713,3.0335243426997636,False,0.0,False,False,False,False,False,False,False,Normal,Normal,None,0.99,All monitored parameters remain within the learned normal operating pattern.,None,False,3.0335243426997636,0.3264712499703413,False
2026-01-03 01:00:00,28.35096475083705,74.0329539929651,1010.176815126572,Normal,1,Normal,False,False,False,False,-0.3021599140729627,-1.6971415813517865,-0.04049864772730416,Normal Change,No Consistent Weather Pattern,73.26730609337974,0.7656478995853604,False,0.0,False,False,False,False,False,False,False,Normal,Normal,None,0.99,All monitored parameters remain within the learned normal operating pattern.,None,False,0.7656478995853604,0.14584803880582747,False
2026-01-03 01:10:00,27.60370944382787,73.48614645354492,1010.8238257553907,Normal,1,Normal,False,False,False,False,-0.7472553070091799,-0.5468075394201861,0.6470106288186344,Normal Change,No Consistent Weather Pattern,74.68815217126956,1.2020057177246457,False,0.0,False,False,False,False,False,False,False,Normal,Normal,None,0.99,All monitored parameters remain within the learned normal operating pattern.,None,False,-1.2020057177246457,0.2119103846819915,False
2026-01-03 01:20:00,28.971140014632315,75.33523273740411,1010.7422428170272,Normal,1,Normal,False,False,False,False,1.3674305708044443,1.8490862838591937,-0.08158293836345365,Normal Change,No Consistent Weather Pattern,72.10195088732729,3.2332818500768212,False,0.0,False,False,False,False,False,False,False,Normal,Normal,None,0.99,All monitored parameters remain within the learned normal operating pattern.,None,False,3.2332818500768212,1.4098314631700057,False
2026-01-03 01:30:00,28.59142351871652,72.72828310759223,1011.2042645961876,Normal,1,Normal,False,False,False,False,-0.37971649591579393,-2.6069496298118793,0.4620217791604091,Normal Change,No Consistent Weather Pattern,72.82562638887599,0.0973432812837558,False,0.0,False,False,False,False,False,False,False,Normal,Normal,None,0.99,All monitored parameters remain within the learned normal operating pattern.,None,False,-0.0973432812837558,1.3178557823366586,False
2026-01-03 01:40:00,29.090660454628907,73.65404310902834,1010.7990614921611,Normal,1,Normal,False,False,False,False,0.4992369359123856,0.9257600014361032,-0.4052031040265547,Normal Change,No Consistent Weather Pattern,71.87670754962055,1.7773355594077884,False,0.0,False,False,False,False,False,False,False,Normal,Normal,None,0.99,All monitored parameters remain within the learned normal operating pattern.,None,False,1.7773355594077884,0.9546419926438473,False
2026-01-03 01:50:00,29.039485771034585,73.57183021740065,1009.6926199630338,Normal,1,Normal,False,False,False,False,-0.05117468359432209,-0.08221289162769096,-1.1064415291272098,Normal Change,No Consistent Weather Pattern,71.95954600969294,1.6122842077077024,False,0.0,False,False,False,False,False,False,False,Normal,Normal,None,0.99,All monitored parameters remain within the learned normal operating pattern.,None,False,1.6122842077077024,1.3032464086384334,False
2026-01-03 02:00:00,27.96858546714932,71.40025614093994,1010.9404130861907,Normal,1,Normal,False,False,False,False,-1.0709003038852636,-2.1715740764607006,1.247793123156839,Normal Change,No Consistent Weather Pattern,73.99980680516785,2.5995506642279054,False,0.0,False,False,False,False,False,False,False,Normal,Normal,None,0.99,All monitored parameters remain within the learned normal operating pattern.,None,False,-2.5995506642279054,0.4985214076487665,False
2026-01-03 02:10:00,28.280183787433383,74.52742745989113,1009.8856466004944,Normal,1,Normal,False,False,False,False,0.3115983202840624,3.1271713189511843,-1.054766485696291,Normal Change,No Consistent Weather Pattern,73.39745971876363,1.1299677411275013,False,0.0,False,False,False,False,False,False,False,Normal,Normal,None,0.99,All monitored parameters remain within the learned normal operating pattern.,None,False,1.1299677411275013,0.5505670992976438,False
2026-01-03 02:20:00,29.423220317787475,71.99930961923145,1010.1628903705771,Normal,1,Normal,False,False,False,False,1.1430365303540917,-2.528117840659675,0.2772437700826913,Normal Change,No Consistent Weather Pattern,71.23999409236791,0.7593155268635456,False,0.0,False,False,False,False,False,False,False,Normal,Normal,None,0.99,All monitored parameters remain within the learned normal operating pattern.,None,False,0.7593155268635456,0.8307558485245282,False
2026-01-03 02:30:00,29.411209231339022,70.64268364302981,1010.4501396436953,Normal,1,Normal,False,False,False,False,-0.012011086448453057,-1.3566259762016415,0.28724927311816373,Normal Change,No Consistent Weather Pattern,71.26631248719633,0.6236288441665181,False,0.0,False,False,False,False,False,False,False,Normal,Normal,None,0.99,All monitored parameters remain within the learned normal operating pattern.,None,False,-0.6236288441665181,0.2797686064897655,False
2026-01-03 02:40:00,29.00415101246198,73.03127511187422,1011.2930042506898,Normal,1,Normal,False,False,False,False,-0.40705821887704374,2.3885914688444103,0.8428646069945671,Normal Change,No Consistent Weather Pattern,72.0464660575685,0.9848090543057282,False,0.0,False,False,False,False,False,False,False,Normal,Normal,None,0.99,All monitored parameters remain within the learned normal operating pattern.,None,False,0.9848090543057282,0.43436179728826324,False
2026-01-03 02:50:00,29.213085885377794,69.9646160789564,1011.8202311731027,Normal,1,Normal,False,False,False,False,0.20893487291581536,-3.0666590329178263,0.527226922412865,Normal Change,No Consistent Weather Pattern,71.65809508708818,1.6934790081317885,False,0.0,False,False,False,False,False,False,False,Normal,Normal,None,0.99,All monitored parameters remain within the learned normal operating pattern.,None,False,-1.6934790081317885,-0.061468855217390636,False
2026-01-03 03:00:00,30.240060590756034,71.62050496648767,1010.5387082338685,Normal,1,Normal,False,False,False,False,1.0269747053782403,1.655888887531276,-1.2815229392341507,Normal Change,No Consistent Weather Pattern,69.70045316650209,1.9200517999855862,False,0.0,False,False,False,False,False,False,False,Normal,Normal,None,0.99,All monitored parameters remain within the learned normal operating pattern.,None,False,1.9200517999855862,-0.0175020563205501,False
2026-01-03 03:10:00,28.843689703109007,71.34786837835624,1010.1137996225273,Normal,1,Normal,False,False,False,False,-1.396370887647027,-0.27263658813143365,-0.4249086113412659,Normal Change,No Consistent Weather Pattern,72.33500003127294,0.9871316529167018,False,0.0,False,False,False,False,False,False,False,Normal,Normal,None,0.99,All monitored parameters remain within the learned normal operating pattern.,None,False,-0.9871316529167018,0.21284351672390756,False
2026-01-03 03:20:00,29.853916618559946,73.33931370441533,1010.442681402952,Normal,1,Normal,False,False,False,False,1.0102269154509393,1.9914453260590932,0.3288817804246946,Normal Change,No Consistent Weather Pattern,70.4292648059496,2.910048898465732,False,0.0,False,False,False,False,False,False,False,Normal,Normal,None,0.99,All monitored parameters remain within the learned normal operating pattern.,None,False,2.910048898465732,0.46714082491508335,False
2026-01-03 03:30:00,29.354010455533476,71.91786731079871,1010.5892693606235,Normal,1,Normal,False,False,False,False,-0.49990616302646984,-1.4214463936166197,0.14658795767149968,Normal Change,No Consistent Weather Pattern,71.3761977900135,0.5416695207852058,False,0.0,False,False,False,False,False,False,False,Normal,Normal,None,0.99,All monitored parameters remain within the learned normal operating pattern.,None,False,0.5416695207852058,0.4360485383324634,False
2026-01-03 03:40:00,29.441339554412423,70.71897704852131,1009.9551063307076,Normal,1,Normal,False,False,False,False,0.08732909887894635,-1.198890262277402,-0.6341630299158396,Normal Change,No Consistent Weather Pattern,71.20312698223273,0.48414993371142145,False,0.0,False,False,False,False,False,False,False,Normal,Normal,None,0.99,All monitored parameters remain within the learned normal operating pattern.,None,False,-0.48414993371142145,0.45597409696890573,False
2026-01-03 03:50:00,30.59438004721782,72.20481546714444,1010.9830327502015,Normal,1,Normal,False,False,False,False,1.1530404928053954,1.485838418623132,1.0279264194938378,Normal Change,No Consistent Weather Pattern,69.03618534846932,3.168630118675125,False,0.0,False,False,False,False,False,False,False,Normal,Normal,None,0.99,All monitored parameters remain within the learned normal operating pattern.,None,False,3.168630118675125,0.7679485347359625,False
2026-01-03 04:00:00,30.47567977427089,73.14972170787368,1010.1704408208535,Normal,1,Normal,False,False,False,False,-0.11870027294692775,0.9449062407292388,-0.8125919293479456,Normal Change,No Consistent Weather Pattern,69.25037730108085,3.899344406792835,False,0.0,False,False,False,False,False,False,False,Normal,Normal,None,0.99,All monitored parameters remain within the learned normal operating pattern.,None,False,3.899344406792835,1.566923308296623,False
2026-01-03 04:10:00,30.566216540127986,71.28480295004877,1010.2742498032204,Normal,1,Normal,False,False,False,False,0.09053676585709525,-1.8649187578249098,0.10380898236689973,Normal Change,No Consistent Weather Pattern,69.08051933663495,2.2042836134138213,False,0.0,False,False,False,False,False,False,False,Normal,Normal,None,0.99,All monitored parameters remain within the learned normal operating pattern.,None,False,2.2042836134138213,1.6075278530720851,False
2026-01-03 04:20:00,31.059887916407607,69.98969549831847,1010.328310659231,Normal,1,Normal,False,False,False,False,0.49367137627962165,-1.2951074517303027,0.054060856010551106,Normal Change,No Consistent Weather Pattern,68.14789579423925,1.8417997040792216,False,0.0,False,False,False,False,False,False,False,Normal,Normal,None,0.99,All monitored parameters remain within the learned normal operating pattern.,None,False,1.8417997040792216,2.0116609040715026,False
2026-01-03 04:30:00,30.132397769183775,67.14513814354454,1010.1761125791144,Normal,1,Normal,False,False,False,False,-0.9274901472238319,-2.844557354773926,-0.15219808011659097,Normal Change,No Consistent Weather Pattern,69.89943533417473,2.754297190630183,False,0.0,False,False,False,False,False,False,False,Normal,Normal,None,0.99,All monitored parameters remain within the learned normal operating pattern.,None,False,-2.754297190630183,1.2024686056292293,False
2026-01-03 04:40:00,30.76120056916138,67.43849628959843,1010.3547637396355,Normal,1,Normal,False,False,False,False,0.6288027999776062,0.2933581460538903,0.17865116052109897,Normal Change,No Consistent Weather Pattern,68.71290729658591,1.274411006987478,False,0.0,False,False,False,False,False,False,False,Normal,Normal,None,0.99,All monitored parameters remain within the learned normal operating pattern.,None,False,-1.274411006987478,0.9430285302331315,False
2026-01-03 04:50:00,30.06738185793864,68.75836006486387,1009.5966475952785,Normal,1,Normal,False,False,False,False,-0.6938187112227432,1.319863775265432,-0.7581161443570181,Normal Change,No Consistent Weather Pattern,70.01506574860103,1.2567056837371666,False,0.0,False,False,False,False,False,False,False,Normal,Normal,None,0.99,All monitored parameters remain within the learned normal operating pattern.,None,False,-1.2567056837371666,0.8326634230865965,False
2026-01-03 05:00:00,30.674758929556187,67.95012390055057,1009.5961135022058,Normal,1,Normal,False,False,False,False,0.6073770716175488,-0.8082361643132998,-0.0005340930727015802,Normal Change,No Consistent Weather Pattern,68.8667912669041,0.9166673663535363,False,0.0,False,False,False,False,False,False,False,Normal,Normal,None,0.99,All monitored parameters remain within the learned normal operating pattern.,None,False,-0.9166673663535363,0.24904949665393059,False
2026-01-03 05:10:00,30.410975490805587,68.59587752542964,1009.2951899517622,Normal,1,Normal,False,False,False,False,-0.2637834387506004,0.6457536248790774,-0.3009235504435992,Normal Change,No Consistent Weather Pattern,69.36170024596315,0.7658227205335066,False,0.0,False,False,False,False,False,False,False,Normal,Normal,None,0.99,All monitored parameters remain within the learned normal operating pattern.,None,False,-0.7658227205335066,-0.41740295010697537,False
2026-01-03 05:20:00,30.692144351258918,68.88420469126473,1010.0350358767839,Normal,1,Normal,False,False,False,False,0.2811688604533309,0.288327165835085,0.7398459250217684,Normal Change,No Consistent Weather Pattern,68.83944121018833,0.04476348107640149,False,0.0,False,False,False,False,False,False,False,Normal,Normal,None,0.99,All monitored parameters remain within the learned normal operating pattern.,None,False,0.04476348107640149,-0.7259058261551782,False
2026-01-03 05:30:00,31.1898845413978,69.63186766661693,1010.1747902147735,Normal,1,Normal,False,False,False,False,0.49774019013888093,0.747662975352199,0.13975433798952963,Normal Change,No Consistent Weather Pattern,67.90020268504682,1.7316649815701055,False,0.0,False,False,False,False,False,False,False,Normal,Normal,None,0.99,All monitored parameters remain within the learned normal operating pattern.,None,False,1.7316649815701055,-0.7416393579421948,False
2026-01-03 05:40:00,30.158107650366617,68.23363404997504,1009.9842666082611,Normal,1,Normal,False,False,False,False,-1.031776891031182,-1.398233616641889,-0.19052360651232902,Normal Change,No Consistent Weather Pattern,69.84841820045338,1.614784150478343,False,0.0,False,False,False,False,False,False,False,Normal,Normal,None,0.99,All monitored parameters remain within the learned normal operating pattern.,None,False,-1.614784150478343,-0.5788517807776462,False
2026-01-03 05:50:00,32.585193579483324,69.15043576978249,1010.562709114802,Normal,1,Normal,False,False,False,False,2.427085929116707,0.9168017198074523,0.5784425065409096,Normal Change,No Consistent Weather Pattern,65.2671982864131,3.883237483369385,False,0.0,False,False,False,False,False,False,False,Normal,Normal,None,0.99,All monitored parameters remain within the learned normal operating pattern.,None,False,3.883237483369385,0.15795514641619132,False
2026-01-03 06:00:00,30.204704184290183,68.10991265064035,1009.6927751201273,Normal,1,Normal,False,False,False,False,-2.380489395193141,-1.0405231191421365,-0.8699339946747386,Normal Change,No Consistent Weather Pattern,69.75666146891513,1.646748818274773,False,0.0,False,False,False,False,False,False,False,Normal,Normal,None,0.99,All monitored parameters remain within the learned normal operating pattern.,None,False,-1.646748818274773,0.10223469862510472,False
2026-01-03 06:10:00,30.13599692726548,63.834371232300924,1010.0000846921607,Normal,1,Normal,False,False,False,False,-0.06870725702470182,-4.275541418339429,0.30730957203343223,Normal Change,No Consistent Weather Pattern,69.89041815124588,6.056046918944958,False,0.0,False,False,False,False,False,False,False,Normal,Normal,None,0.99,All monitored parameters remain within the learned normal operating pattern.,None,False,-6.056046918944958,-0.631962380316527,False
2026-01-03 06:20:00,32.131222432789244,65.71186174438412,1009.0900376564089,Normal,1,Normal,False,False,False,False,1.9952255055237629,1.8774905120831988,-0.9100470357518589,Normal Change,No Consistent Weather Pattern,66.10693378222444,0.39507203784032185,False,0.0,False,False,False,False,False,False,False,Normal,Normal,None,0.99,All monitored parameters remain within the learned normal operating pattern.,None,False,-0.39507203784032185,-0.5789979970746434,False
2026-01-03 06:30:00,31.93496696305218,67.1085512727931,1009.4125489571732,Normal,1,Normal,False,False,False,False,-0.1962554697370642,1.3966895284089702,0.32251130076429035,Normal Change,No Consistent Weather Pattern,66.48201595856239,0.6265353142307077,False,0.0,False,False,False,False,False,False,False,Normal,Normal,None,0.99,All monitored parameters remain within the learned normal operating pattern.,None,False,0.6265353142307077,-0.49588773519545676,False
2026-01-03 06:40:00,31.89731405524407,64.78457411111309,1009.9241178698131,Normal,1,Normal,False,False,False,False,-0.03765290780810915,-2.3239771616800056,0.511568912639973,Normal Change,No Consistent Weather Pattern,66.55963104431167,1.7750569331985844,False,0.0,False,False,False,False,False,False,False,Normal,Normal,None,0.99,All monitored parameters remain within the learned normal operating pattern.,None,False,-1.7750569331985844,-0.996848008733841,False
2026-01-03 06:50:00,31.996515694073963,68.21217888666735,1009.9711926786258,Normal,1,Normal,False,False,False,False,0.09920163882989286,3.427604775554258,0.04707480881268111,Normal Change,No Consistent Weather Pattern,66.37267862636594,1.8395002603014063,False,0.0,False,False,False,False,False,False,False,Normal,Normal,None,0.99,All monitored parameters remain within the learned normal operating pattern.,None,False,1.8395002603014063,-0.5033788071938768,False
2026-01-03 07:00:00,31.579264240861562,69.8833783464092,1009.3699962079122,Normal,1,Normal,False,False,False,False,-0.4172514532124012,1.6711994597418567,-0.601196470713603,Normal Change,No Consistent Weather Pattern,67.15394956465596,2.729428781753242,False,0.0,False,False,False,False,False,False,False,Normal,Normal,None,0.99,All monitored parameters remain within the learned normal operating pattern.,None,False,2.729428781753242,-0.6682086217104687,False
2026-01-03 07:10:00,30.96584365787675,69.0702293932638,1009.4515665126822,Normal,1,Normal,False,False,False,False,-0.6134205829848121,-0.8131489531454008,0.08157030477002536,Normal Change,No Consistent Weather Pattern,68.31466822439423,0.7555611688695762,False,0.0,False,False,False,False,False,False,False,Normal,Normal,None,0.99,All monitored parameters remain within the learned normal operating pattern.,None,False,0.7555611688695762,-0.3250214806898474,False
2026-01-03 07:20:00,31.838201512282243,66.01799852668506,1008.6988670877759,Normal,1,Normal,False,False,False,False,0.8723578544054931,-3.052230866578739,-0.7526994249063819,Normal Change,No Consistent Weather Pattern,66.65598275550407,0.6379842288190076,False,0.0,False,False,False,False,False,False,False,Normal,Normal,None,0.99,All monitored parameters remain within the learned normal operating pattern.,None,False,-0.6379842288190076,0.44898747504243125,False
2026-01-03 07:30:00,31.32902678364641,69.2399399679877,1009.2497815109703,Normal,1,Normal,False,False,False,False,-0.5091747286358341,3.221941441302633,0.5509144231943992,Normal Change,No Consistent Weather Pattern,67.6255210801879,1.6144188877998005,False,0.0,False,False,False,False,False,False,False,Normal,Normal,None,0.99,All monitored parameters remain within the learned normal operating pattern.,None,False,1.6144188877998005,0.7360576072767344,False
2026-01-03 07:40:00,32.743300450448274,66.37092558697607,1009.8440371278137,Normal,1,Normal,False,False,False,False,1.414273666801865,-2.869014381011624,0.5942556168434976,Normal Change,No Consistent Weather Pattern,64.95925724252372,1.4116683444523517,False,0.0,False,False,False,False,False,False,False,Normal,Normal,None,0.99,All monitored parameters remain within the learned normal operating pattern.,None,False,1.4116683444523517,0.8482194687369693,False
2026-01-03 07:50:00,31.937220440862802,65.2160953656349,1009.6570577241414,Normal,1,Normal,False,False,False,False,-0.8060800095854717,-1.1548302213411716,-0.18697940367235333,Normal Change,No Consistent Weather Pattern,66.48082940057294,1.2647340349380443,False,0.0,False,False,False,False,False,False,False,Normal,Normal,None,0.99,All monitored parameters remain within the learned normal operating pattern.,None,False,-1.2647340349380443,0.9211227399170464,False
2026-01-03 08:00:00,31.485306705588034,64.48178574687404,1009.5904609270622,Normal,1,Normal,False,False,False,False,-0.4519137352747684,-0.7343096187608609,-0.06659679707922805,Normal Change,No Consistent Weather Pattern,67.3343510610448,2.8525653141707608,False,0.0,False,False,False,False,False,False,False,Normal,Normal,None,0.99,All monitored parameters remain within the learned normal operating pattern.,None,False,-2.8525653141707608,0.250827657849594,False
2026-01-03 08:10:00,31.978573934453845,64.92369541147126,1009.3357538790594,Normal,1,Normal,False,False,False,False,0.4932672288658111,0.4419096645972189,-0.2547070480027287,Normal Change,No Consistent Weather Pattern,66.39861005030394,1.4749146388326864,False,0.0,False,False,False,False,False,False,False,Normal,Normal,None,0.99,All monitored parameters remain within the learned normal operating pattern.,None,False,-1.4749146388326864,-0.34979283080553863,False
2026-01-03 08:20:00,32.65510988160358,64.57411692655138,1009.2852066346338,Normal,1,Normal,False,False,False,False,0.6765359471497341,-0.3495784849198742,-0.050547244425615645,Normal Change,No Consistent Weather Pattern,65.11895956050179,0.5448426339504095,False,0.0,False,False,False,False,False,False,False,Normal,Normal,None,0.99,All monitored parameters remain within the learned normal operating pattern.,None,False,-0.5448426339504095,-0.5355648026369652,False
2026-01-03 08:30:00,31.961935448974995,65.51500226231462,1008.9223944812081,Normal,1,Normal,False,False,False,False,-0.6931744326285845,0.940885335763241,-0.3628121534256934,Normal Change,No Consistent Weather Pattern,66.42486935009703,0.909867087782402,False,0.0,False,False,False,False,False,False,False,Normal,Normal,None,0.99,All monitored parameters remain within the learned normal operating pattern.,None,False,-0.909867087782402,-0.5744052110603073,False
2026-01-03 08:40:00,31.842322080832986,65.32095116752747,1009.5729241502542,Normal,1,Normal,False,False,False,False,-0.11961336814200862,-0.19405109478715588,0.6505296690460227,Normal Change,No Consistent Weather Pattern,66.65918045225973,1.3382292847322645,False,0.0,False,False,False,False,False,False,False,Normal,Normal,None,0.99,All monitored parameters remain within the learned normal operating pattern.,None,False,-1.3382292847322645,-0.9962120928506023,False
2026-01-03 08:50:00,32.78122946357372,64.83353265154643,1009.4050291054433,Normal,1,Normal,False,False,False,False,0.9389073827407373,-0.4874185159810338,-0.16789504481084805,Normal Change,No Consistent Weather Pattern,64.88203233334939,0.0484996818029515,False,0.0,False,False,False,False,False,False,False,Normal,Normal,None,0.99,All monitored parameters remain within the learned normal operating pattern.,None,False,-0.0484996818029515,-1.2048075251727883,False
2026-01-03 09:00:00,32.8673976989736,65.53102745531946,1009.411665456737,Normal,1,Normal,False,False,False,False,0.0861682353998745,0.6974948037730258,0.006636351293650478,Normal Change,No Consistent Weather Pattern,64.71921167198849,0.8118157833309709,False,0.0,False,False,False,False,False,False,False,Normal,Normal,None,0.99,All monitored parameters remain within the learned normal operating pattern.,None,False,0.8118157833309709,-0.9081575511343577,False
2026-01-03 09:10:00,32.34994397513111,66.87029551871665,1008.8738356117168,Normal,1,Normal,False,False,False,False,-0.5174537238424861,1.339268063397185,-0.5378298450201555,Normal Change,No Consistent Weather Pattern,65.69071511789444,1.1795804008222035,False,0.0,False,False,False,False,False,False,False,Normal,Normal,None,0.99,All monitored parameters remain within the learned normal operating pattern.,None,False,1.1795804008222035,-0.33213673470679134,False
2026-01-03 09:20:00,32.461637574045575,66.22217183380218,1008.0314650602882,Normal,1,Normal,False,False,False,False,0.11169359891446362,-0.6481236849144665,-0.8423705514286439,Normal Change,No Consistent Weather Pattern,65.46896498572706,0.7532068480751235,False,0.0,False,False,False,False,False,False,False,Normal,Normal,None,0.99,All monitored parameters remain within the learned normal operating pattern.,None,False,0.7532068480751235,-0.013833665148532808,False
2026-01-03 09:30:00,33.10594024806336,61.18960346674569,1009.6280857275162,Normal,1,Normal,False,False,False,False,0.6443026740177871,-5.032568367056491,1.5966206672280805,Normal Change,No Consistent Weather Pattern,64.27095919346273,3.0813557267170424,False,0.0,False,False,False,False,False,False,False,Normal,Normal,None,0.99,All monitored parameters remain within the learned normal operating pattern.,None,False,-3.0813557267170424,-0.3761926784009089,False
2026-01-03 09:40:00,31.84249448384081,58.890233816118744,1008.8115557277181,Normal,1,Normal,False,False,False,False,-1.2634457642225527,-2.299369650626943,-0.8165299997981492,Normal Change,No Consistent Weather Pattern,66.64928335102678,7.759049534908037,True,1.0,False,False,False,False,False,False,False,Normal,Normal,None,0.99,All monitored parameters remain within the learned normal operating pattern.,None,False,-7.759049534908037,-1.3546473137045711,False
2026-01-03 09:50:00,31.95444984741325,65.70779808864955,1008.5911467496343,Normal,1,Normal,False,False,False,False,0.11195536357244151,6.817564272530809,-0.22040897808381033,Normal Change,No Consistent Weather Pattern,66.4348570264278,0.7270589377782528,False,1.0,False,False,False,False,False,False,False,Normal,Normal,None,0.99,All monitored parameters remain within the learned normal operating pattern.,None,False,-0.7270589377782528,-1.2673372641397123,False
2026-01-03 10:00:00,32.583889804639895,60.94895223988547,1009.3409322050521,Normal,1,Normal,False,False,False,False,0.6294399572266443,-4.758845848764082,0.7497854554178502,Normal Change,No Consistent Weather Pattern,65.25430415343939,4.30535191355392,False,1.0,False,False,False,False,False,False,False,Normal,Normal,None,0.99,All monitored parameters remain within the learned normal operating pattern.,None,False,-4.30535191355392,-1.8754590115327079,False
2026-01-03 10:10:00,33.06484582849907,63.07926209647755,1008.7699453279218,Normal,1,Normal,False,False,False,False,0.48095602385917147,2.1303098565920777,-0.5709868771302808,Normal Change,No Consistent Weather Pattern,64.33786195407019,1.2585998575926425,False,0.0,False,False,False,False,False,False,False,Normal,Normal,None,0.99,All monitored parameters remain within the learned normal operating pattern.,None,False,-1.2585998575926425,-2.1712326745217956,False
2026-01-03 10:20:00,33.55999118009675,61.03724369264459,1009.4677823497815,Normal,1,Normal,False,False,False,False,0.49514535159768513,-2.0420184038329623,0.697837021859641,Normal Change,No Consistent Weather Pattern,63.41054472363297,2.3733010309883795,False,0.0,False,False,False,False,False,False,False,Normal,Normal,None,0.99,All monitored parameters remain within the learned normal operating pattern.,None,False,-2.3733010309883795,-2.67878716478045,True
2026-01-03 10:30:00,34.565884564212475,59.62483994353429,1009.218286072875,Normal,1,Normal,False,False,False,False,1.0058933841157227,-1.4124037491102968,-0.24949627690648413,Normal Change,No Consistent Weather Pattern,61.50573139785517,1.8808914543208815,False,0.0,False,False,False,False,False,False,False,Normal,Normal,None,0.99,All monitored parameters remain within the learned normal operating pattern.,None,False,-1.8808914543208815,-3.055086922265594,True
2026-01-03 10:40:00,34.144704845186595,64.1657711631596,1009.2236459391645,Normal,1,Normal,False,False,False,False,-0.42117971902587925,4.540931219625314,0.005359866289495585,Normal Change,No Consistent Weather Pattern,62.30205388472004,1.863717278439566,False,0.0,False,False,False,False,False,False,False,Normal,Normal,None,0.99,All monitored parameters remain within the learned normal operating pattern.,None,False,1.863717278439566,-2.3486479215289355,False
2026-01-03 10:50:00,33.40221772304885,64.4579732265661,1008.1710736383417,Normal,1,Normal,False,False,False,False,-0.7424871221377458,0.29220206340649213,-1.052572300822817,Normal Change,No Consistent Weather Pattern,63.692520073215505,0.7654531533505917,False,0.0,False,False,False,False,False,False,False,Normal,Normal,None,0.99,All monitored parameters remain within the learned normal operating pattern.,None,False,0.7654531533505917,-1.1308618232062742,False
2026-01-03 11:00:00,33.58513213255358,61.6462890007951,1009.4323285264387,Normal,1,Normal,False,False,False,False,0.1829144095047326,-2.811684225770996,1.261254888097028,Normal Change,No Consistent Weather Pattern,63.36256917640455,1.7162801756094481,False,0.0,False,False,False,False,False,False,False,Normal,Normal,None,0.99,All monitored parameters remain within the learned normal operating pattern.,None,False,-1.7162801756094481,-1.2721791428964448,False
2026-01-03 11:10:00,32.86705518457627,57.47975806313715,1008.929404437612,Normal,1,Normal,False,False,False,False,-0.718076947977309,-4.166530937657953,-0.5029240888267168,Normal Change,No Consistent Weather Pattern,64.71379670120234,7.2340386380651935,True,1.0,False,False,False,False,False,False,False,Normal,Normal,None,0.99,All monitored parameters remain within the learned normal operating pattern.,None,False,-7.2340386380651935,-1.6905629606837695,False
2026-01-03 11:20:00,33.72153122287772,61.43482764015175,1008.5866836023042,Normal,1,Normal,False,False,False,False,0.8544760383014491,3.955069577014605,-0.3427208353077731,Normal Change,No Consistent Weather Pattern,63.09407127954907,1.6592436393973173,False,1.0,False,False,False,False,False,False,False,Normal,Normal,None,0.99,All monitored parameters remain within the learned normal operating pattern.,None,False,-1.6592436393973173,-1.747797786655866,False
2026-01-03 11:30:00,33.57118039568199,63.17939339716889,1008.8156825183902,Normal,1,Normal,False,False,False,False,-0.15035082719573012,1.744565757017135,0.22899891608597045,Normal Change,No Consistent Weather Pattern,63.38119356596538,0.20180016879649543,False,1.0,False,False,False,False,False,False,False,Normal,Normal,None,0.99,All monitored parameters remain within the learned normal operating pattern.,None,False,-0.20180016879649543,-1.4375833777713112,False
2026-01-03 11:40:00,34.12452389195522,59.30947877508224,1007.8286626327621,Normal,1,Normal,False,False,False,False,0.5533434962732287,-3.8699146220866467,-0.9870198856281149,Normal Change,No Consistent Weather Pattern,62.32267034431267,3.013191569230429,False,0.0,False,False,False,False,False,False,False,Normal,Normal,None,0.99,All monitored parameters remain within the learned normal operating pattern.,None,False,-3.013191569230429,-1.5993405370441036,False
2026-01-03 11:50:00,33.26725644012436,62.50863744962587,1008.8940271973744,Normal,1,Normal,False,False,False,False,-0.8572674518308574,3.1991586745436322,1.0653645646123096,Normal Change,No Consistent Weather Pattern,63.956757390561705,1.4481199409358325,False,0.0,False,False,False,False,False,False,False,Normal,Normal,None,0.99,All monitored parameters remain within the learned normal operating pattern.,None,False,-1.4481199409358325,-2.072460139812018,False
2026-01-03 12:00:00,34.405635845805136,61.98906303282961,1008.1480668712439,Normal,1,Normal,False,False,False,False,1.138379405680773,-0.5195744167962602,-0.7459603261304437,Normal Change,No Consistent Weather Pattern,61.79523351736991,0.19382951545970428,False,0.0,False,False,False,False,False,False,False,Normal,Normal,None,0.99,All monitored parameters remain within the learned normal operating pattern.,None,False,0.19382951545970428,-2.154120659510716,False
2026-01-03 12:10:00,35.27586799729972,63.059229265406856,1007.9596033075841,Normal,1,Normal,False,False,False,False,0.8702321514945837,1.0701662325772432,-0.18846356365986594,Normal Change,No Consistent Weather Pattern,60.147659777366904,2.9115694880399516,False,0.0,False,False,False,False,False,False,False,Normal,Normal,None,0.99,All monitored parameters remain within the learned normal operating pattern.,None,False,2.9115694880399516,-1.4929992789893731,False
2026-01-03 12:20:00,34.02056391947477,62.02401666034778,1007.8480813608033,Normal,1,Normal,False,False,False,False,-1.2553040778249525,-1.0352126050590726,-0.11152194678072647,Normal Change,No Consistent Weather Pattern,62.51945445045834,0.49543779011055733,False,0.0,False,False,False,False,False,False,False,Normal,Normal,None,0.99,All monitored parameters remain within the learned normal operating pattern.,None,False,-0.49543779011055733,-0.5303420149958537,False
2026-01-03 12:30:00,34.485190322439934,59.72622022871533,1009.1390669961203,Normal,1,Normal,False,False,False,False,0.4646264029651661,-2.297796431632456,1.290985635316929,Normal Change,No Consistent Weather Pattern,61.65729084337009,1.9310706146547645,False,0.0,False,False,False,False,False,False,False,Normal,Normal,None,0.99,All monitored parameters remain within the learned normal operating pattern.,None,False,-1.9310706146547645,-0.5691744400326318,False
2026-01-03 12:40:00,34.77051623595177,63.95634091816323,1008.2416949769066,Normal,1,Normal,False,False,False,False,0.28532591351183356,4.230120689447901,-0.8973720192136625,Normal Change,No Consistent Weather Pattern,61.10659127506643,2.8497496430968,False,0.0,False,False,False,False,False,False,False,Normal,Normal,None,0.99,All monitored parameters remain within the learned normal operating pattern.,None,False,2.8497496430968,-0.13323875261930393,False
2026-01-03 12:50:00,33.95031407915974,61.140359940609244,1009.296939049132,Normal,1,Normal,False,False,False,False,-0.8202021567920283,-2.815980977553984,1.0552440722253777,Normal Change,No Consistent Weather Pattern,62.67047784949467,1.5301179088854227,False,0.0,False,False,False,False,False,False,False,Normal,Normal,None,0.99,All monitored parameters remain within the learned normal operating pattern.,None,False,-1.5301179088854227,0.07862891314426841,False
2026-01-03 13:00:00,34.50174197503299,61.30045494181082,1008.2360702687455,Normal,1,Normal,False,False,False,False,0.5514278958732532,0.16009500120157583,-1.0608687803864996,Normal Change,No Consistent Weather Pattern,61.61464778301025,0.3141928411994286,False,0.0,False,False,False,False,False,False,False,Normal,Normal,None,0.99,All monitored parameters remain within the learned normal operating pattern.,None,False,-0.3141928411994286,0.24061849882089753,False
2026-01-03 13:10:00,34.38198705062548,59.38963782185352,1007.6243377288768,Normal,1,Normal,False,False,False,False,-0.11975492440750912,-1.9108171199573007,-0.6117325398687399,Normal Change,No Consistent Weather Pattern,61.83335859604988,2.4437207741963576,False,0.0,False,False,False,False,False,False,False,Normal,Normal,None,0.99,All monitored parameters remain within the learned normal operating pattern.,None,False,-2.4437207741963576,-0.13617439970139703,False
2026-01-03 13:20:00,34.49774693974384,60.27422337580743,1007.89395269701,Normal,1,Normal,False,False,False,False,0.11575988911835822,0.8845855539539116,0.2696149681332827,Normal Change,No Consistent Weather Pattern,61.6178997759095,1.3436764001020691,False,0.0,False,False,False,False,False,False,False,Normal,Normal,None,0.99,All monitored parameters remain within the learned normal operating pattern.,None,False,-1.3436764001020691,-0.7440666694359714,False
2026-01-03 13:30:00,33.8471198404689,59.29933923683965,1009.0444740235343,Normal,1,Normal,False,False,False,False,-0.6506270992749421,-0.9748841389677807,1.1505213265243128,Normal Change,No Consistent Weather Pattern,62.862396456523,3.563057219683351,False,0.0,False,False,False,False,False,False,False,Normal,Normal,None,0.99,All monitored parameters remain within the learned normal operating pattern.,None,False,-3.563057219683351,-1.1822980165177992,False
2026-01-03 13:40:00,34.529267684532314,60.63478878990283,1008.3231300781302,Normal,1,Normal,False,False,False,False,0.6821478440634152,1.335449553063178,-0.7213439454041009,Normal Change,No Consistent Weather Pattern,61.56370388816991,0.9289150982670833,False,0.0,False,False,False,False,False,False,False,Normal,Normal,None,0.99,All monitored parameters remain within the learned normal operating pattern.,None,False,-0.9289150982670833,-1.0391329427481304,False
2026-01-03 13:50:00,34.95038263909802,64.31944894808137,1008.101606683431,Normal,1,Normal,False,False,False,False,0.42111495456570225,3.684660158178545,-0.2215233946992612,Normal Change,No Consistent Weather Pattern,60.764786447713746,3.554662500367627,False,0.0,False,False,False,False,False,False,False,Normal,Normal,None,0.99,All monitored parameters remain within the learned normal operating pattern.,None,False,3.554662500367627,-0.9384311059951551,False
2026-01-03 14:00:00,35.75339897359055,58.07122953942826,1008.4305933581261,Normal,1,Normal,False,False,False,False,0.8030163344925327,-6.248219408653114,0.328986674695102,Normal Change,No Consistent Weather Pattern,59.25079144974547,1.1795619103172115,False,0.0,False,False,False,False,False,False,False,Normal,Normal,None,0.99,All monitored parameters remain within the learned normal operating pattern.,None,False,-1.1795619103172115,-0.8883516776282677,False
2026-01-03 14:10:00,35.398560217812836,57.51059009035718,1008.5764747973809,Normal,1,Normal,False,False,False,False,-0.3548387557777133,-0.5606394490710827,0.145881439254822,Normal Change,No Consistent Weather Pattern,59.92346050425431,2.4128704138971315,False,0.0,False,False,False,False,False,False,False,Normal,Normal,None,0.99,All monitored parameters remain within the learned normal operating pattern.,None,False,-2.4128704138971315,-1.1881627594422253,False
2026-01-03 14:20:00,36.39049288663702,63.606446813731665,1008.8594497969884,Normal,1,Normal,False,False,False,False,0.9919326688241838,6.095856723374489,0.28297499960751793,Normal Change,No Consistent Weather Pattern,58.05173410272893,5.554712711002736,False,0.0,False,False,False,False,False,False,False,Normal,Normal,None,0.99,All monitored parameters remain within the learned normal operating pattern.,None,False,5.554712711002736,-0.04552940441378338,False
2026-01-03 14:30:00,34.08900137775368,60.17559378956803,1009.0003372276232,Normal,1,Normal,False,False,False,False,-2.3014915088833376,-3.430853024163632,0.1408874306347343,Normal Change,No Consistent Weather Pattern,62.404556038557175,2.2289622489891414,False,0.0,False,False,False,False,False,False,False,Normal,Normal,None,0.99,All monitored parameters remain within the learned normal operating pattern.,None,False,-2.2289622489891414,-0.17199881139765086,False
2026-01-03 14:40:00,35.43378358810691,59.190000365219426,1008.0717132485187,Normal,1,Normal,False,False,False,False,1.3447822103532303,-0.9855934243486075,-0.9286239791044864,Normal Change,No Consistent Weather Pattern,59.850524120244415,0.6605237550249896,False,0.0,False,False,False,False,False,False,False,Normal,Normal,None,0.99,All monitored parameters remain within the learned normal operating pattern.,None,False,-0.6605237550249896,0.24264882641068652,False
2026-01-03 14:50:00,34.91375023212151,62.545656119730495,1007.5642588760943,Normal,1,Normal,False,False,False,False,-0.5200333559854045,3.3556557545110692,-0.5074543724243767,Normal Change,No Consistent Weather Pattern,60.82728630192284,1.7183698178076554,False,0.0,False,False,False,False,False,False,False,Normal,Normal,None,0.99,All monitored parameters remain within the learned normal operating pattern.,None,False,1.7183698178076554,0.6208323858499349,False
2026-01-03 15:00:00,36.548157936680035,59.19613774031448,1007.9964129116169,Normal,-1,Anomaly,False,False,False,False,1.6344077045585266,-3.3495183794160184,0.43215403552255793,Normal Change,No Consistent Weather Pattern,57.74281352481616,1.45332421549832,False,0.0,False,False,False,False,False,False,False,Requires Investigation,Suspicious,Medium,0.65,"The machine-learning model detected an unusual pattern, but the available rule-based evidence is insufficient to classify it as a confirmed sensor fault or genuine weather event.",Multiple,False,1.45332421549832,0.3206412022971768,False
2026-01-03 15:10:00,34.176993619551524,64.00475493142258,1008.309328562371,Normal,1,Normal,False,False,False,False,-2.3711643171285104,4.808617191108105,0.3129156507541211,Normal Change,No Consistent Weather Pattern,62.22951692886608,1.7752380025564989,False,0.0,False,False,False,False,False,False,False,Normal,Normal,None,0.99,All monitored parameters remain within the learned normal operating pattern.,None,False,1.7752380025564989,0.7427554755648497,False
2026-01-03 15:20:00,34.177238178791896,61.6578204376055,1007.6735341072304,Normal,1,Normal,False,False,False,False,0.00024455924037170007,-2.3469344938170806,-0.6357944551406263,Normal Change,No Consistent Weather Pattern,62.22106200487208,0.56324156726658,False,0.0,False,False,False,False,False,False,False,Normal,Normal,None,0.99,All monitored parameters remain within the learned normal operating pattern.,None,False,-0.56324156726658,1.0069881679406427,False
2026-01-03 15:30:00,34.392941514493984,59.27926592201019,1007.6532482007153,Normal,1,Normal,False,False,False,False,0.21570333570208788,-2.3785545155953116,-0.02028590651502782,Normal Change,No Consistent Weather Pattern,61.81301222962019,2.533746307610002,False,0.0,False,False,False,False,False,False,False,Normal,Normal,None,0.99,All monitored parameters remain within the learned normal operating pattern.,None,False,-2.533746307610002,-0.14850597757546272,False
2026-01-03 15:40:00,33.194826208868164,64.526730849899,1008.2803148770324,Normal,1,Normal,False,False,False,False,-1.1981153056258194,5.247464927888807,0.6270666763170993,Normal Change,No Consistent Weather Pattern,64.08597431488414,0.4407565350148559,False,0.0,False,False,False,False,False,False,False,Normal,Normal,None,0.99,All monitored parameters remain within the learned normal operating pattern.,None,False,0.4407565350148559,0.23288242013939403,False
2026-01-03 15:50:00,34.492864495801435,58.96163312770123,1008.060881573775,Normal,1,Normal,False,False,False,False,1.29803828693327,-5.565097722197763,-0.21943330325746047,Normal Change,No Consistent Weather Pattern,61.629228672286814,2.6675955445855806,False,0.0,False,False,False,False,False,False,False,Normal,Normal,None,0.99,All monitored parameters remain within the learned normal operating pattern.,None,False,-2.6675955445855806,-0.05384212122640467,False
2026-01-03 16:00:00,34.32371885042377,61.622140784685165,1008.0785849217251,Normal,1,Normal,False,False,False,False,-0.16914564537766807,2.660507656983931,0.017703347950146053,Normal Change,No Consistent Weather Pattern,61.94922702718003,0.3270862424948646,False,0.0,False,False,False,False,False,False,False,Normal,Normal,None,0.99,All monitored parameters remain within the learned normal operating pattern.,None,False,-0.3270862424948646,-0.3460501298410504,False
2026-01-03 16:10:00,35.06692018064115,60.705374857892615,1007.6601115990096,Normal,1,Normal,False,False,False,False,0.7432013302173814,-0.9167659267925501,-0.4184733227154993,Normal Change,No Consistent Weather Pattern,60.53891807926675,0.1664567786258644,False,0.0,False,False,False,False,False,False,False,Normal,Normal,None,0.99,All monitored parameters remain within the learned normal operating pattern.,None,False,0.1664567786258644,-0.529888335108544,False
2026-01-03 16:20:00,35.23360756480515,62.68307701043075,1007.901528206747,Normal,1,Normal,False,False,False,False,0.16668738416399975,1.9777021525381357,0.24141660773739204,Normal Change,No Consistent Weather Pattern,60.226824552472884,2.4562524579578664,False,0.0,False,False,False,False,False,False,False,Normal,Normal,None,0.99,All monitored parameters remain within the learned normal operating pattern.,None,False,2.4562524579578664,-0.43260055576549156,False
2026-01-03 16:30:00,36.47274909944363,63.17939753731185,1007.5321800119406,Normal,1,Normal,False,False,False,False,1.2391415346384846,0.4963205268810995,-0.36934819480643455,Normal Change,No Consistent Weather Pattern,57.87954071550325,5.299856821808596,False,0.0,False,False,False,False,False,False,False,Normal,Normal,None,0.99,All monitored parameters remain within the learned normal operating pattern.,None,False,5.299856821808596,0.4049849283881051,False
2026-01-03 16:40:00,35.741768500667725,60.10114943789376,1008.4171647802685,Normal,1,Normal,False,False,False,False,-0.7309805987759077,-3.07824809941809,0.8849847683279677,Normal Change,No Consistent Weather Pattern,59.27261045811319,0.8285389797805678,False,0.0,False,False,False,False,False,False,False,Normal,Normal,None,0.99,All monitored parameters remain within the learned normal operating pattern.,None,False,0.8285389797805678,0.8853113980153294,False
2026-01-03 16:50:00,34.527527011420155,58.515064387407485,1008.4676624306413,Normal,1,Normal,False,False,False,False,-1.21424148924757,-1.5860850504862753,0.050497650372790304,Normal Change,No Consistent Weather Pattern,61.56881160917777,3.053747221770287,False,0.0,False,False,False,False,False,False,False,Normal,Normal,None,0.99,All monitored parameters remain within the learned normal operating pattern.,None,False,-3.053747221770287,0.3860965756174518,False
2026-01-03 17:00:00,34.27593915427992,60.930602503161026,1007.0051214258503,Normal,1,Normal,False,False,False,False,-0.2515878571402368,2.4155381157535416,-1.4625410047909781,Normal Change,No Consistent Weather Pattern,62.02606171084861,1.0954592076875826,False,0.0,False,False,False,False,False,False,False,Normal,Normal,None,0.99,All monitored parameters remain within the learned normal operating pattern.,None,False,-1.0954592076875826,0.6106874808885944,False
2026-01-03 17:10:00,35.39182538073924,58.64798917342772,1007.4418451122734,Normal,1,Normal,False,False,False,False,1.115886226459324,-2.2826133297333087,0.436723686423079,Normal Change,No Consistent Weather Pattern,59.9219295142182,1.2739403407904817,False,0.0,False,False,False,False,False,False,False,Normal,Normal,None,0.99,All monitored parameters remain within the learned normal operating pattern.,None,False,-1.2739403407904817,0.47542260970350625,False
2026-01-03 17:20:00,33.943719376347765,64.02696261112469,1007.1369308577279,Normal,1,Normal,False,False,False,False,-1.4481060043914766,5.3789734376969704,-0.3049142545455652,Normal Change,No Consistent Weather Pattern,62.65579189099063,1.3711707201340602,False,0.0,False,False,False,False,False,False,False,Normal,Normal,None,0.99,All monitored parameters remain within the learned normal operating pattern.,None,False,1.3711707201340602,0.6475246013475342,False
2026-01-03 17:30:00,36.46468495170042,60.274034784131594,1007.5389903632511,Normal,1,Normal,False,False,False,False,2.5209655753526548,-3.752927826993094,0.4020595055231979,Normal Change,No Consistent Weather Pattern,57.894871884091316,2.379162900040278,False,0.0,False,False,False,False,False,False,False,Normal,Normal,None,0.99,All monitored parameters remain within the learned normal operating pattern.,None,False,2.379162900040278,0.6365118073593072,False
2026-01-03 17:40:00,35.94067828677589,59.27510451697806,1007.8013042165619,Normal,1,Normal,False,False,False,False,-0.5240066649245279,-0.9989302671535327,0.2623138533108431,Normal Change,No Consistent Weather Pattern,58.88882250765005,0.3862820093280135,False,0.0,False,False,False,False,False,False,False,Normal,Normal,None,0.99,All monitored parameters remain within the learned normal operating pattern.,None,False,0.3862820093280135,-0.0654274515664903,False
2026-01-03 17:50:00,34.61739113241007,60.383897303542156,1007.0974375905288,Normal,1,Normal,False,False,False,False,-1.323287154365822,1.108792786564095,-0.7038666260331183,Normal Change,No Consistent Weather Pattern,61.38169521503713,0.9977979114949775,False,0.0,False,False,False,False,False,False,False,Normal,Normal,None,0.99,All monitored parameters remain within the learned normal operating pattern.,None,False,-0.9977979114949775,-0.32633272174871103,False
2026-01-03 18:00:00,33.61582846870567,57.33307523698386,1007.3407855010965,Normal,1,Normal,False,False,False,False,-1.001562663704398,-3.050822066558297,0.2433479105677634,Normal Change,No Consistent Weather Pattern,63.27824387004098,5.945168633057122,False,0.0,False,False,False,False,False,False,False,Normal,Normal,None,0.99,All monitored parameters remain within the learned normal operating pattern.,None,False,-5.945168633057122,-0.7393929233611161,False
2026-01-03 18:10:00,36.061039966448185,58.100887788746995,1007.2794121958368,Normal,-1,Anomaly,False,False,False,False,2.4452114977425126,0.7678125517631358,-0.06137330525973539,Normal Change,No Consistent Weather Pattern,58.654713800849684,0.5538260121026894,False,0.0,False,False,False,False,False,False,False,Requires Investigation,Suspicious,Medium,0.65,"The machine-learning model detected an unusual pattern, but the available rule-based evidence is insufficient to classify it as a confirmed sensor fault or genuine weather event.",Multiple,False,-0.5538260121026894,-0.6620167525632742,False
2026-01-03 18:20:00,34.87592106752706,62.46572192843055,1007.8649223242393,Normal,1,Normal,False,False,False,False,-1.1851188989211252,4.364834139683552,0.5855101284024613,Normal Change,No Consistent Weather Pattern,60.90258331340905,1.5631386150214936,False,0.0,False,False,False,False,False,False,False,Normal,Normal,None,0.99,All monitored parameters remain within the learned normal operating pattern.,None,False,1.5631386150214936,-0.25671975887584914,False
2026-01-03 18:30:00,35.9454259352311,58.77586567075254,1007.776082923396,Normal,1,Normal,False,False,False,False,1.0695048677040404,-3.6898562576780094,-0.08883940084331243,Normal Change,No Consistent Weather Pattern,58.879529853825794,0.10366418307325631,False,0.0,False,False,False,False,False,False,False,Normal,Normal,None,0.99,All monitored parameters remain within the learned normal operating pattern.,None,False,-0.10366418307325631,-0.4674104593340372,False
2026-01-03 18:40:00,58.66526472762633,58.024564325312475,1007.3608903829783,Spike,-1,Anomaly,False,False,False,False,22.71983879239523,-0.7513013454400621,-0.41519254041770637,Isolated Change,No Consistent Weather Pattern,15.921654216965933,42.10291010834654,True,1.0,False,False,False,False,False,False,True,Likely Sensor Fault,Confirmed Anomaly,High,0.95,Temperature changed by +22.72°C in 10 minutes while the other parameters did not show a corresponding large change. This indicates an isolated temperature anomaly.,Temperature,False,42.10291010834654,5.207410570424001,True
2026-01-03 18:50:00,34.44496059012477,61.22438428807899,1007.7907462789963,Normal,1,Normal,False,False,False,False,-24.220304137501557,3.1998199627665116,0.42985589601801166,Isolated Change,No Consistent Weather Pattern,61.71639682236714,0.4920125342881505,False,1.0,False,False,False,True,False,True,True,Recovery Reading,Suspicious,Low,0.85,The sensor value rapidly moved back in the opposite direction following a detected anomaly. This reading is treated as a recovery rather than a separate anomaly.,Temperature,False,-0.4920125342881505,5.0819399213359775,True
2026-01-03 19:00:00,34.91033565828107,62.559126912312934,1007.4098027086288,Normal,1,Normal,False,False,False,False,0.46537506815629825,1.3347426242339466,-0.3809435703674353,Normal Change,No Consistent Weather Pattern,60.831800004691786,1.7273269076211477,False,1.0,False,False,False,False,False,False,False,Normal,Normal,None,0.99,All monitored parameters remain within the learned normal operating pattern.,None,False,1.7273269076211477,5.471243466923995,True
2026-01-03 19:10:00,34.923438942126516,61.66619768710069,1007.5283542516092,Normal,1,Normal,False,False,False,False,0.013103283845445901,-0.8929292252122423,0.1185515429804127,Normal Change,No Consistent Weather Pattern,60.80851809681061,0.8576795902900827,False,0.0,False,False,False,False,False,False,False,Normal,Normal,None,0.99,All monitored parameters remain within the learned normal operating pattern.,None,False,0.8576795902900827,6.443078927402167,True
2026-01-03 19:20:00,34.50355766760333,62.264875282038176,1008.4821809555017,Normal,1,Normal,False,False,False,False,-0.4198812745231848,0.5986775949374845,0.953826703892446,Normal Change,No Consistent Weather Pattern,61.61430901119595,0.6505662708422264,False,0.0,False,False,False,False,False,False,False,Normal,Normal,None,0.99,All monitored parameters remain within the learned normal operating pattern.,None,False,0.6505662708422264,6.615134967822869,True
2026-01-03 19:30:00,35.33769629269396,58.807577129229145,1008.2971944639831,Normal,1,Normal,False,False,False,False,0.8341386250906311,-3.457298152809031,-0.18498649151854352,Normal Change,No Consistent Weather Pattern,60.03501506567075,1.2274379364416035,False,0.0,False,False,False,False,False,False,False,Normal,Normal,None,0.99,All monitored parameters remain within the learned normal operating pattern.,None,False,-1.2274379364416035,6.216481174756713,True
2026-01-03 19:40:00,33.95918672623571,57.52981252703274,1006.9589201243004,Normal,1,Normal,False,False,False,False,-1.3785095664582556,-1.277764602196406,-1.3382743396826982,Normal Change,No Consistent Weather Pattern,62.624312546650906,5.094500019618167,False,0.0,False,False,False,False,False,False,False,Normal,Normal,None,0.99,All monitored parameters remain within the learned normal operating pattern.,None,False,-5.094500019618167,5.503504626678868,True
2026-01-03 19:50:00,34.671317099446156,63.432225928984586,1008.0055633622812,Normal,1,Normal,False,False,False,False,0.7121303732104494,5.902413401951847,1.0466432379807884,Normal Change,No Consistent Weather Pattern,61.29116232797498,2.1410636010096056,False,0.0,False,False,False,False,False,False,False,Normal,Normal,None,0.99,All monitored parameters remain within the learned normal operating pattern.,None,False,2.1410636010096056,-0.20533058865497975,False
2026-01-03 20:00:00,34.8514769524106,59.844159428233574,1007.9786232520182,Normal,1,Normal,False,False,False,False,0.1801598529644437,-3.5880665007510117,-0.026940110263012684,Normal Change,No Consistent Weather Pattern,60.9502251099239,1.1060656816903247,False,0.0,False,False,False,False,False,False,False,Normal,Normal,None,0.99,All monitored parameters remain within the learned normal operating pattern.,None,False,-1.1060656816903247,-0.29305246685529035,False
2026-01-03 20:10:00,35.13490543143748,60.05162523870894,1006.9812643434427,Normal,1,Normal,False,False,False,False,0.28342847902688106,0.2074658104753624,-0.9973589085755066,Normal Change,No Consistent Weather Pattern,60.40185577258978,0.3502305338808398,False,0.0,False,False,False,False,False,False,False,Normal,Normal,None,0.99,All monitored parameters remain within the learned normal operating pattern.,None,False,-0.3502305338808398,-0.58984638706986,False
2026-01-03 20:20:00,35.258867120936,63.27723784676834,1007.9475007707541,Normal,1,Normal,False,False,False,False,0.12396168949852182,3.2256126080594,0.9662364273114008,Normal Change,No Consistent Weather Pattern,60.17964839244902,3.097589454319319,False,0.0,False,False,False,False,False,False,False,Normal,Normal,None,0.99,All monitored parameters remain within the learned normal operating pattern.,None,False,3.097589454319319,-0.26985926363711193,False
2026-01-03 20:30:00,33.754202874664,61.80462692253273,1008.2900405490032,Normal,1,Normal,False,False,False,False,-1.5046642462720001,-1.4726109242356102,0.3425397782490336,Normal Change,No Consistent Weather Pattern,63.02857526826931,1.2239483457365807,False,0.0,False,False,False,False,False,False,False,Normal,Normal,None,0.99,All monitored parameters remain within the learned normal operating pattern.,None,False,-1.2239483457365807,-0.5376470660055129,False
2026-01-03 20:40:00,33.38910130817077,61.67899025464466,1006.9430132145916,Normal,1,Normal,False,False,False,False,-0.3651015664932302,-0.1256366678880667,-1.347027334411564,Normal Change,No Consistent Weather Pattern,63.70187916259998,2.02288890795532,False,0.0,False,False,False,False,False,False,False,Normal,Normal,None,0.99,All monitored parameters remain within the learned normal operating pattern.,None,False,-2.02288890795532,-0.651282919078901,False
2026-01-03 20:50:00,35.599160004981876,65.17596759487603,1007.0289953043663,Normal,1,Normal,False,False,False,False,2.210058696811103,3.4969773402313677,0.08598208977468857,Normal Change,No Consistent Weather Pattern,59.524766159734014,5.6512014351420135,False,0.0,False,False,False,False,False,False,False,Normal,Normal,None,0.99,All monitored parameters remain within the learned normal operating pattern.,None,False,5.6512014351420135,0.8838172887439819,False
2026-01-03 21:00:00,34.801661246487775,59.64134346543151,1007.9802902718867,Normal,1,Normal,False,False,False,False,-0.7974987584941005,-5.534624129444516,0.9512949675204254,Normal Change,No Consistent Weather Pattern,61.04442441439337,1.4030809489618576,False,0.0,False,False,False,False,False,False,False,Normal,Normal,None,0.99,All monitored parameters remain within the learned normal operating pattern.,None,False,-1.4030809489618576,0.3775109244623443,False
2026-01-03 21:10:00,33.89399439970603,62.87011299825993,1007.5911733758676,Normal,1,Normal,False,False,False,False,-0.9076668467817441,3.228769532828416,-0.38911689601911803,Normal Change,No Consistent Weather Pattern,62.755508998014506,0.11460400024542139,False,0.0,False,False,False,False,False,False,False,Normal,Normal,None,0.99,All monitored parameters remain within the learned normal operating pattern.,None,False,0.11460400024542139,0.5518923075960223,False
2026-01-03 21:20:00,35.68887814848264,61.218113113664934,1007.7153850050425,Normal,1,Normal,False,False,False,False,1.7948837487766056,-1.6519998845949928,0.12421162917496531,Normal Change,No Consistent Weather Pattern,59.36377945561884,1.8543336580460945,False,0.0,False,False,False,False,False,False,False,Normal,Normal,None,0.99,All monitored parameters remain within the learned normal operating pattern.,None,False,1.8543336580460945,0.8668300492998701,False
2026-01-03 21:30:00,34.493886527818205,61.73449091695867,1007.5944191686019,Normal,1,Normal,False,False,False,False,-1.1949916206644318,0.5163778032937358,-0.1209658364406323,Normal Change,No Consistent Weather Pattern,61.62143258287249,0.11305833408618327,False,0.0,False,False,False,False,False,False,False,Normal,Normal,None,0.99,All monitored parameters remain within the learned normal operating pattern.,None,False,0.11305833408618327,0.44046846069513634,False
2026-01-03 21:40:00,35.29641081377917,64.35099071976884,1007.6042083151823,Normal,1,Normal,False,False,False,False,0.8025242859609634,2.616499802810175,0.009789146580374108,Normal Change,No Consistent Weather Pattern,60.10435518585049,4.246635533918358,False,0.0,False,False,False,False,False,False,False,Normal,Normal,None,0.99,All monitored parameters remain within the learned normal operating pattern.,None,False,4.246635533918358,1.2219804435029846,False
2026-01-03 21:50:00,34.35686947923638,62.40996212436266,1006.7306197156821,Normal,1,Normal,False,False,False,False,-0.9395413345427883,-1.9410285954061877,-0.8735885995001809,Normal Change,No Consistent Weather Pattern,61.86960931549536,0.5403528088672971,False,0.0,False,False,False,False,False,False,False,Normal,Normal,None,0.99,All monitored parameters remain within the learned normal operating pattern.,None,False,0.5403528088672971,1.5881578316205014,False
2026-01-03 22:00:00,35.899610129863035,62.57456857818437,1007.9027711925211,Normal,1,Normal,False,False,False,False,1.542740650626655,0.1646064538217118,1.1721514768389625,Normal Change,No Consistent Weather Pattern,58.96773884819309,3.6068297299912757,False,0.0,False,False,False,False,False,False,False,Normal,Normal,None,0.99,All monitored parameters remain within the learned normal operating pattern.,None,False,3.6068297299912757,1.2961047308846818,False
2026-01-03 22:10:00,35.601737806034414,63.750084410459905,1007.9494265063349,Normal,1,Normal,False,False,False,False,-0.2978723238286207,1.1755158322755364,0.0466553138138579,Normal Change,No Consistent Weather Pattern,59.531463482438575,4.2186209280213305,False,0.0,False,False,False,False,False,False,False,Normal,Normal,None,0.99,All monitored parameters remain within the learned normal operating pattern.,None,False,4.2186209280213305,2.099204999025137,False
2026-01-03 22:20:00,33.94306486254025,60.985622178267214,1007.2357193715073,Normal,1,Normal,False,False,False,False,-1.6586729434941674,-2.7644622321926917,-0.7137071348275867,Normal Change,No Consistent Weather Pattern,62.65827114345256,1.6726489651853456,False,0.0,False,False,False,False,False,False,False,Normal,Normal,None,0.99,All monitored parameters remain within the learned normal operating pattern.,None,False,-1.6726489651853456,1.843883146820742,False
2026-01-03 22:30:00,34.8626038335424,60.15088651976415,1007.3147249890765,Normal,1,Normal,False,False,False,False,0.9195389710021544,-0.8347356585030639,0.07900561756912339,Normal Change,No Consistent Weather Pattern,60.920843479580356,0.7699569598162057,False,0.0,False,False,False,False,False,False,False,Normal,Normal,None,0.99,All monitored parameters remain within the learned normal operating pattern.,None,False,-0.7699569598162057,1.4689844871261275,False
2026-01-03 22:40:00,34.54312136657571,59.85674039814275,1006.5572253180801,Normal,1,Normal,False,False,False,False,-0.31948246696669,-0.2941461216214023,-0.7574996709963671,Normal Change,No Consistent Weather Pattern,61.51531381390251,1.6585734157597614,False,0.0,False,False,False,False,False,False,False,Normal,Normal,None,0.99,All monitored parameters remain within the learned normal operating pattern.,None,False,-1.6585734157597614,1.2158942371481356,False
2026-01-03 22:50:00,35.061585486429784,58.13392634044018,1007.5664903088428,Normal,1,Normal,False,False,False,False,0.5184641198540731,-1.7228140577025641,1.0092649907627447,Normal Change,No Consistent Weather Pattern,60.54782659292113,2.41390025248095,False,0.0,False,False,False,False,False,False,False,Normal,Normal,None,0.99,All monitored parameters remain within the learned normal operating pattern.,None,False,-2.41390025248095,0.26438912480537724,False
2026-01-03 23:00:00,33.13301130832986,66.30251410629276,1007.5822451135585,Normal,1,Normal,False,False,False,False,-1.9285741780999217,8.168587765852578,0.0157548047156979,Normal Change,No Consistent Weather Pattern,64.19406212427714,2.108451982015623,False,0.0,False,False,False,False,False,False,False,Normal,Normal,None,0.99,All monitored parameters remain within the learned normal operating pattern.,None,False,2.108451982015623,0.48840329239799524,False
2026-01-03 23:10:00,34.390496024773846,60.11027355500645,1007.2522452637368,Normal,1,Normal,False,False,False,False,1.257484716443983,-6.192240551286311,-0.32999984982177466,Normal Change,No Consistent Weather Pattern,61.81259450369043,1.702320948683976,False,0.0,False,False,False,False,False,False,False,Normal,Normal,None,0.99,All monitored parameters remain within the learned normal operating pattern.,None,False,-1.702320948683976,-0.27004680455561214,False
2026-01-03 23:20:00,34.623559537779954,62.003852856227894,1007.8329140395044,Normal,1,Normal,False,False,False,False,0.23306351300610828,1.8935793012214432,0.5806687757676627,Normal Change,No Consistent Weather Pattern,61.37927930631633,0.6245735499115668,False,0.0,False,False,False,False,False,False,False,Normal,Normal,None,0.99,All monitored parameters remain within the learned normal operating pattern.,None,False,0.6245735499115668,-0.7834821442855784,False
2026-01-03 23:30:00,32.30347974727233,62.02543072740051,1007.0913688020648,Normal,1,Normal,False,False,False,False,-2.320079790507627,0.021577871172617336,-0.7415452374395954,Normal Change,No Consistent Weather Pattern,65.7561499772378,3.7307192498372856,False,0.0,False,False,False,False,False,False,False,Normal,Normal,None,0.99,All monitored parameters remain within the learned normal operating pattern.,None,False,-3.7307192498372856,-1.0774921849501413,False
2026-01-03 23:40:00,32.69602880268927,63.32954216997442,1007.5286551445938,Normal,1,Normal,False,False,False,False,0.39254905541694285,1.3041114425739053,0.4372863425289779,Normal Change,No Consistent Weather Pattern,65.01951927762812,1.6899771076537036,False,0.0,False,False,False,False,False,False,False,Normal,Normal,None,0.99,All monitored parameters remain within the learned normal operating pattern.,None,False,-1.6899771076537036,-1.2089236346412124,False
2026-01-03 23:50:00,31.941954223056847,64.48479449454874,1006.7247406904279,Normal,1,Normal,False,False,False,False,-0.7540745796324231,1.1552523245743203,-0.8039144541659198,Normal Change,No Consistent Weather Pattern,66.4350178424126,1.9502233478638686,False,0.0,False,False,False,False,False,False,False,Normal,Normal,None,0.99,All monitored parameters remain within the learned normal operating pattern.,None,False,-1.9502233478638686,-1.2505879106560849,False
2026-01-04 00:00:00,33.28708669903546,64.71572264353729,1007.2112945567802,Normal,1,Normal,False,False,False,False,1.345132475978616,0.23092814898855352,0.4865538663523239,Normal Change,No Consistent Weather Pattern,63.8981139442566,0.8176086992806901,False,0.0,False,False,False,False,False,False,False,Normal,Normal,None,0.99,All monitored parameters remain within the learned normal operating pattern.,None,False,0.8176086992806901,-0.7889437746901363,False
2026-01-04 00:10:00,34.00451436827708,61.972883995581505,1007.1246695225426,Normal,1,Normal,False,False,False,False,0.7174276692416157,-2.742838647955786,-0.08662503423761336,Normal Change,No Consistent Weather Pattern,62.540702678034584,0.5678186824530798,False,0.0,False,False,False,False,False,False,False,Normal,Normal,None,0.99,All monitored parameters remain within the learned normal operating pattern.,None,False,-0.5678186824530798,-1.1712681553285225,False
2026-01-04 00:20:00,34.5588597075569,62.95180844066703,1007.3135560032616,Normal,1,Normal,False,False,False,False,0.5543453392798199,0.978924445085525,0.18888648071902026,Normal Change,No Consistent Weather Pattern,61.49506776324603,1.4567406774210028,False,0.0,False,False,False,False,False,False,False,Normal,Normal,None,0.99,All monitored parameters remain within the learned normal operating pattern.,None,False,1.4567406774210028,-0.7199736373135254,False
2026-01-04 00:30:00,33.34139795815485,64.00091563333854,1007.0054744366859,Normal,1,Normal,False,False,False,False,-1.217461749402048,1.0491071926715065,-0.30808156657576546,Normal Change,No Consistent Weather Pattern,63.79284922805587,0.20806640528266485,False,0.0,False,False,False,False,False,False,False,Normal,Normal,None,0.99,All monitored parameters remain within the learned normal operating pattern.,None,False,0.20806640528266485,-0.7794746579747971,False
2026-01-04 00:40:00,34.508847203656515,63.09070821323395,1007.1141189987836,Normal,1,Normal,False,False,False,False,1.1674492455016647,-0.9102074201045838,0.10864456209776563,Normal Change,No Consistent Weather Pattern,61.5871110412649,1.503597171969055,False,0.0,False,False,False,False,False,False,False,Normal,Normal,None,0.99,All monitored parameters remain within the learned normal operating pattern.,None,False,1.503597171969055,-0.031715169145319876,False
2026-01-04 00:50:00,32.024421326401935,66.95768616609229,1007.5827788548442,Normal,1,Normal,False,False,False,False,-2.48442587725458,3.866977952858335,0.4686598560605262,Normal Change,No Consistent Weather Pattern,66.28989727928106,0.6677888868112234,False,0.0,False,False,False,False,False,False,False,Normal,Normal,None,0.99,All monitored parameters remain within the learned normal operating pattern.,None,False,0.6677888868112234,0.30510854434966966,False
2026-01-04 01:00:00,31.687090401585777,64.8823571971367,1006.9415567120122,Normal,1,Normal,False,False,False,False,-0.33733092481615756,-2.0753289689555885,-0.6412221428319071,Normal Change,No Consistent Weather Pattern,66.91957247797778,2.0372152808410817,False,0.0,False,False,False,False,False,False,False,Normal,Normal,None,0.99,All monitored parameters remain within the learned normal operating pattern.,None,False,-2.0372152808410817,0.29268112535292495,False
2026-01-04 01:10:00,32.92542973283217,65.53001978820069,1006.3471184143763,Normal,1,Normal,False,False,False,False,1.2383393312463937,0.647662591063991,-0.5944382976359748,Normal Change,No Consistent Weather Pattern,64.5709756256932,0.9590441625074959,False,0.0,False,False,False,False,False,False,False,Normal,Normal,None,0.99,All monitored parameters remain within the learned normal operating pattern.,None,False,0.9590441625074959,0.3128861915281829,False
2026-01-04 01:20:00,33.196001503117294,65.54826424940313,1008.0159525786564,Normal,1,Normal,False,False,False,False,0.27057177028512314,0.018244461202442608,1.668834164280156,Normal Change,No Consistent Weather Pattern,64.08042907954042,1.4678351698627097,False,0.0,False,False,False,False,False,False,False,Normal,Normal,None,0.99,All monitored parameters remain within the learned normal operating pattern.,None,False,1.4678351698627097,0.6036938847161528,False
2026-01-04 01:30:00,32.78031682204951,66.7340024739211,1007.8229277818793,Normal,1,Normal,False,False,False,False,-0.41568468106778766,1.1857382245179622,-0.19302479677708106,Normal Change,No Consistent Weather Pattern,64.8638691085546,1.8701333653664989,False,0.0,False,False,False,False,False,False,False,Normal,Normal,None,0.99,All monitored parameters remain within the learned normal operating pattern.,None,False,1.8701333653664989,0.6627499829940808,False
2026-01-04 01:40:00,31.06911761702244,64.91590052329873,1006.4773968629092,Normal,1,Normal,False,False,False,False,-1.711199205027068,-1.8181019506223635,-1.3455309189700984,Normal Change,No Consistent Weather Pattern,68.08203685806745,3.166136334768723,False,0.0,False,False,False,False,False,False,False,Normal,Normal,None,0.99,All monitored parameters remain within the learned normal operating pattern.,None,False,-3.166136334768723,0.18072102012959693,False
2026-01-04 01:50:00,32.56728256817848,62.12917890451089,1007.4599978019434,Normal,1,Normal,False,False,False,False,1.4981649511560384,-2.786721618787844,0.9826009390341142,Normal Change,No Consistent Weather Pattern,65.2620554811646,3.1328765766537074,False,0.0,False,False,False,False,False,False,False,Normal,Normal,None,0.99,All monitored parameters remain within the learned normal operating pattern.,None,False,-3.1328765766537074,-0.4816323725307977,False
2026-01-04 02:00:00,31.509452791967533,65.69331911876245,1006.855561263938,Normal,1,Normal,False,False,False,False,-1.0578297762109443,3.564140214251559,-0.604436538005416,Normal Change,No Consistent Weather Pattern,67.25432159243843,1.561002473675984,False,0.0,False,False,False,False,False,False,False,Normal,Normal,None,0.99,All monitored parameters remain within the learned normal operating pattern.,None,False,-1.561002473675984,-0.8000311383146845,False
2026-01-04 02:10:00,33.00219300134719,63.76437628785003,1007.230986878946,Normal,1,Normal,False,False,False,False,1.4927402093796545,-1.928942830912419,0.3754256150081119,Normal Change,No Consistent Weather Pattern,64.43696307626965,0.6725867884196219,False,0.0,False,False,False,False,False,False,False,Normal,Normal,None,0.99,All monitored parameters remain within the learned normal operating pattern.,None,False,-0.6725867884196219,-0.6050842108259046,False
2026-01-04 02:20:00,32.672171603977304,64.18498062230083,1007.2388406121228,Normal,1,Normal,False,False,False,False,-0.3300213973698831,0.42060433445080037,0.00785373317671656,Normal Change,No Consistent Weather Pattern,65.06097889257795,0.8759982702771225,False,0.0,False,False,False,False,False,False,False,Normal,Normal,None,0.99,All monitored parameters remain within the learned normal operating pattern.,None,False,-0.8759982702771225,-0.8672331297951358,False
2026-01-04 02:30:00,31.538473791524215,66.59197279633798,1006.9673013310332,Normal,1,Normal,False,False,False,False,-1.1336978124530894,2.406992174037157,-0.27153928108953096,Normal Change,No Consistent Weather Pattern,67.20086105470281,0.6088882583648285,False,0.0,False,False,False,False,False,False,False,Normal,Normal,None,0.99,All monitored parameters remain within the learned normal operating pattern.,None,False,-0.6088882583648285,-1.1639079052562127,False
2026-01-04 02:40:00,31.789850744760983,68.0746775856066,1006.685691212986,Normal,1,Normal,False,False,False,False,0.25137695323676823,1.4827047892686096,-0.28161011804729696,Normal Change,No Consistent Weather Pattern,66.72208393947022,1.35259364613637,False,0.0,False,False,False,False,False,False,False,Normal,Normal,None,0.99,All monitored parameters remain within the learned normal operating pattern.,None,False,1.35259364613637,-1.2378421508605169,False
2026-01-04 02:50:00,31.26325800751509,65.82128550341962,1006.7256651597221,Normal,1,Normal,False,False,False,False,-0.5265927372458918,-2.253392082186977,0.039973946736154176,Normal Change,No Consistent Weather Pattern,67.71812858755153,1.8968430841319162,False,0.0,False,False,False,False,False,False,False,Normal,Normal,None,0.99,All monitored parameters remain within the learned normal operating pattern.,None,False,-1.8968430841319162,-1.0565145436266872,False
2026-01-04 03:00:00,31.969324179288616,66.57873111098363,1006.6064948589143,Normal,1,Normal,False,False,False,False,0.706066171773525,0.7574456075640086,-0.11917030080780933,Normal Change,No Consistent Weather Pattern,66.381787506102,0.19694360488162488,False,0.0,False,False,False,False,False,False,False,Normal,Normal,None,0.99,All monitored parameters remain within the learned normal operating pattern.,None,False,0.19694360488162488,-0.5808259462644969,False
2026-01-04 03:10:00,32.69161056763948,69.5494364667935,1006.6426289697403,Normal,1,Normal,False,False,False,False,0.722286388350863,2.9707053558098693,0.0361341108259694,Normal Change,No Consistent Weather Pattern,65.01673386609586,4.5327026006976325,False,0.0,False,False,False,False,False,False,False,Normal,Normal,None,0.99,All monitored parameters remain within the learned normal operating pattern.,None,False,4.5327026006976325,0.2897033500745912,False
2026-01-04 03:20:00,31.046172611106115,66.81199946262804,1007.0191949187388,Normal,1,Normal,False,False,False,False,-1.6454379565333639,-2.737437004165457,0.37656594899851825,Normal Change,No Consistent Weather Pattern,68.13222614749856,1.3202266848705193,False,0.0,False,False,False,False,False,False,False,Normal,Normal,None,0.99,All monitored parameters remain within the learned normal operating pattern.,None,False,-1.3202266848705193,0.1971833648673201,False
2026-01-04 03:30:00,32.14451205069936,71.72081655179062,1006.6894433685721,Normal,1,Normal,False,False,False,False,1.0983394395932464,4.908817089162582,-0.32975155016663393,Normal Change,No Consistent Weather Pattern,66.05163140500858,5.669185146782041,False,0.0,False,False,False,False,False,False,False,Normal,Normal,None,0.99,All monitored parameters remain within the learned normal operating pattern.,None,False,5.669185146782041,1.1322095673043435,False
2026-01-04 03:40:00,31.222892251959955,67.83682259794728,1007.3831845519635,Normal,1,Normal,False,False,False,False,-0.9216197987394068,-3.883993953843344,0.6937411833913529,Normal Change,No Consistent Weather Pattern,67.80270715201559,0.03411544593168969,False,0.0,False,False,False,False,False,False,False,Normal,Normal,None,0.99,All monitored parameters remain within the learned normal operating pattern.,None,False,0.03411544593168969,1.2240672393467034,False
2026-01-04 03:50:00,30.91796345227344,63.373951045521736,1007.780913126885,Normal,1,Normal,False,False,False,False,-0.30492879968651465,-4.46287155242554,0.3977285749215298,Normal Change,No Consistent Weather Pattern,68.38418564684582,5.010234601324086,False,0.0,False,False,False,False,False,False,False,Normal,Normal,None,0.99,All monitored parameters remain within the learned normal operating pattern.,None,False,-5.010234601324086,0.315091775423781,False
2026-01-04 04:00:00,31.371178673962802,68.59307731835617,1006.7426918205902,Normal,1,Normal,False,False,False,False,0.4532152216893621,5.21912627283443,-1.0382213062948722,Normal Change,No Consistent Weather Pattern,67.51431480503744,1.078762513318722,False,0.0,False,False,False,False,False,False,False,Normal,Normal,None,0.99,All monitored parameters remain within the learned normal operating pattern.,None,False,1.078762513318722,0.7401782893453007,False
2026-01-04 04:10:00,30.53256647895812,68.04079609597832,1007.1481464036218,Normal,1,Normal,False,False,False,False,-0.8386121950046821,-0.552281222377843,0.4054545830316556,Normal Change,No Consistent Weather Pattern,69.10483769798222,1.064041602003897,False,0.0,False,False,False,False,False,False,False,Normal,Normal,None,0.99,All monitored parameters remain within the learned normal operating pattern.,None,False,-1.064041602003897,0.5600375455045119,False
2026-01-04 04:20:00,30.821252891420908,70.05116083676819,1007.2743101688869,Normal,1,Normal,False,False,False,False,0.2886864124627877,2.0103647407898677,0.12616376526511885,Normal Change,No Consistent Weather Pattern,68.56065186277198,1.4905089739962136,False,0.0,False,False,False,False,False,False,False,Normal,Normal,None,0.99,All monitored parameters remain within the learned normal operating pattern.,None,False,1.4905089739962136,0.12543845597573774,False
2026-01-04 04:30:00,30.20877535556442,69.01220736326891,1007.2567903563258,Normal,1,Normal,False,False,False,False,-0.6124775358564882,-1.0389534734992765,-0.017519812561090475,Normal Change,No Consistent Weather Pattern,69.71834199617261,0.7061346329036979,False,0.0,False,False,False,False,False,False,False,Normal,Normal,None,0.99,All monitored parameters remain within the learned normal operating pattern.,None,False,-0.7061346329036979,0.21316589197099794,False
2026-01-04 04:40:00,32.64129535939634,67.584057525906,1007.0553869772773,Normal,1,Normal,False,False,False,False,2.432520003831918,-1.4281498373629091,-0.20140337904854277,Normal Change,No Consistent Weather Pattern,65.11704532472555,2.4670122011804523,False,0.0,False,False,False,False,False,False,False,Normal,Normal,None,0.99,All monitored parameters remain within the learned normal operating pattern.,None,False,2.4670122011804523,-0.2442873859720862,False
2026-01-04 04:50:00,30.99973502938697,65.6083551518021,1007.3856695289365,Normal,1,Normal,False,False,False,False,-1.6415603300093693,-1.9757023741039035,0.330282551659252,Normal Change,No Consistent Weather Pattern,68.22462498759334,2.6162698357912433,False,0.0,False,False,False,False,False,False,False,Normal,Normal,None,0.99,All monitored parameters remain within the learned normal operating pattern.,None,False,-2.6162698357912433,-0.6229138547896481,False
2026-01-04 05:00:00,30.313363341105443,67.83566599042892,1007.2526709352358,Normal,1,Normal,False,False,False,False,-0.6863716882815254,2.2273108386268206,-0.13299859370079048,Normal Change,No Consistent Weather Pattern,69.52056293687939,1.6848969464504648,False,0.0,False,False,False,False,False,False,False,Normal,Normal,None,0.99,All monitored parameters remain within the learned normal operating pattern.,None,False,-1.6848969464504648,-0.14786561837913073,False
2026-01-04 05:10:00,30.945597290402095,66.75013236795196,1006.3902328283126,Normal,1,Normal,False,False,False,False,0.6322339492966513,-1.0855336224769587,-0.8624381069231504,Normal Change,No Consistent Weather Pattern,68.31446065075033,1.564328282798371,False,0.0,False,False,False,False,False,False,False,Normal,Normal,None,0.99,All monitored parameters remain within the learned normal operating pattern.,None,False,-1.564328282798371,-0.5254500178244298,False
2026-01-04 05:20:00,30.585510160938078,67.48820789900907,1007.441459342431,Normal,1,Normal,False,False,False,False,-0.36008712946401644,0.7380755310571061,1.0512265141184116,Normal Change,No Consistent Weather Pattern,69.00843303942801,1.520225140418944,False,0.0,False,False,False,False,False,False,False,Normal,Normal,None,0.99,All monitored parameters remain within the learned normal operating pattern.,None,False,-1.520225140418944,-0.590619094740865,False
2026-01-04 05:30:00,30.399285478831263,70.02503449192552,1007.4486439085175,Normal,1,Normal,False,False,False,False,-0.18622468210681475,2.536826592916455,0.00718456608649376,Normal Change,No Consistent Weather Pattern,69.36058768372354,0.664446808201987,False,0.0,False,False,False,False,False,False,False,Normal,Normal,None,0.99,All monitored parameters remain within the learned normal operating pattern.,None,False,0.664446808201987,-0.7086279755686117,False
2026-01-04 05:40:00,30.967852197966693,72.3867713328389,1006.6217727149877,Normal,1,Normal,False,False,False,False,0.5685667191354291,2.3617368409133803,-0.8268711935297688,Normal Change,No Consistent Weather Pattern,68.27529765276319,4.111473680075719,False,0.0,False,False,False,False,False,False,False,Normal,Normal,None,0.99,All monitored parameters remain within the learned normal operating pattern.,None,False,4.111473680075719,-0.020398216571552195,False
2026-01-04 05:50:00,30.98279170250005,70.03577199072154,1007.0211022181269,Normal,1,Normal,False,False,False,False,0.014939504533359127,-2.350999342117362,0.3993295031391426,Normal Change,No Consistent Weather Pattern,68.25207396645152,1.7836980242700236,False,0.0,False,False,False,False,False,False,False,Normal,Normal,None,0.99,All monitored parameters remain within the learned normal operating pattern.,None,False,1.7836980242700236,-0.1180145275587563,False
2026-01-04 06:00:00,29.852500301852967,67.05443143604685,1007.3428157147704,Normal,1,Normal,False,False,False,False,-1.130291400647085,-2.981340554674688,0.3217134966434969,Normal Change,No Consistent Weather Pattern,70.3929739713919,3.3385425353450415,False,0.0,False,False,False,False,False,False,False,Normal,Normal,None,0.99,All monitored parameters remain within the learned normal operating pattern.,None,False,-3.3385425353450415,-0.22119634178072747,False
2026-01-04 06:10:00,29.71625133426992,70.53539348286895,1006.8958127095766,Normal,1,Normal,False,False,False,False,-0.13624896758304672,3.4809620468221,-0.44700300519377834,Normal Change,No Consistent Weather Pattern,70.64493817059484,0.10954468772588655,False,0.0,False,False,False,False,False,False,False,Normal,Normal,None,0.99,All monitored parameters remain within the learned normal operating pattern.,None,False,-0.10954468772588655,0.0038539808942122783,False
2026-01-04 06:20:00,29.856798374168775,72.23958350951112,1007.5365775955862,Normal,1,Normal,False,False,False,False,0.14054703989885553,1.7041900266421663,0.640764886009606,Normal Change,No Consistent Weather Pattern,70.38728409597842,1.8522994135327053,False,0.0,False,False,False,False,False,False,False,Normal,Normal,None,0.99,All monitored parameters remain within the learned normal operating pattern.,None,False,1.8522994135327053,0.4919436517986518,False
2026-01-04 06:30:00,28.135205808777794,68.8269487102287,1008.1819443608663,Normal,1,Normal,False,False,False,False,-1.7215925653909814,-3.412634799282415,0.6453667652800732,Normal Change,No Consistent Weather Pattern,73.65012844710338,4.823179736874678,False,0.0,False,False,False,False,False,False,False,Normal,Normal,None,0.99,All monitored parameters remain within the learned normal operating pattern.,None,False,-4.823179736874678,0.020092995162118297,False
2026-01-04 06:40:00,28.66450222070979,69.9786555257169,1006.6072352366706,Normal,1,Normal,False,False,False,False,0.5292964119319947,1.1517068154881969,-1.5747091241956923,Normal Change,No Consistent Weather Pattern,72.62967924105774,2.651023715340841,False,0.0,False,False,False,False,False,False,False,Normal,Normal,None,0.99,All monitored parameters remain within the learned normal operating pattern.,None,False,-2.651023715340841,-0.4535456510582857,False
2026-01-04 06:50:00,30.87011624947141,70.47614271842681,1006.3102266663633,Normal,1,Normal,False,False,False,False,2.2056140287616195,0.4974871927099116,-0.2970085703072982,Normal Change,No Consistent Weather Pattern,68.4561544618239,2.0199882566029146,False,0.0,False,False,False,False,False,False,False,Normal,Normal,None,0.99,All monitored parameters remain within the learned normal operating pattern.,None,False,2.0199882566029146,-0.752329282982972,False
2026-01-04 07:00:00,30.992642300614374,69.07686711420882,1007.1534795040395,Normal,1,Normal,False,False,False,False,0.122526051142966,-1.3992756042179906,0.843252837676232,Normal Change,No Consistent Weather Pattern,68.23511517912397,0.8417519350848579,False,0.0,False,False,False,False,False,False,False,Normal,Normal,None,0.99,All monitored parameters remain within the learned normal operating pattern.,None,False,0.8417519350848579,-0.8868930100094242,False
2026-01-04 07:10:00,29.377620179939573,72.14286284451838,1007.3634731381543,Normal,1,Normal,False,False,False,False,-1.6150221206748014,3.0659957303095524,0.2099936341147668,Normal Change,No Consistent Weather Pattern,71.29101126886698,0.8518515756513949,False,0.0,False,False,False,False,False,False,False,Normal,Normal,None,0.99,All monitored parameters remain within the learned normal operating pattern.,None,False,0.8518515756513949,-0.2882652798670762,False
2026-01-04 07:20:00,29.938445057560664,70.80370472855233,1006.8886807066889,Normal,1,Normal,False,False,False,False,0.5608248776210907,-1.3391581159660433,-0.47479243146540284,Normal Change,No Consistent Weather Pattern,70.22478344658708,0.5789212819652505,False,0.0,False,False,False,False,False,False,False,Normal,Normal,None,0.99,All monitored parameters remain within the learned normal operating pattern.,None,False,0.5789212819652505,-0.18991299848262802,False
2026-01-04 07:30:00,29.626759618357486,72.08354589836874,1007.732466419473,Normal,1,Normal,False,False,False,False,-0.3116854392031776,1.2798411698164074,0.8437857127840971,Normal Change,No Consistent Weather Pattern,70.82464299374503,1.2589029046237101,False,0.0,False,False,False,False,False,False,False,Normal,Normal,None,0.99,All monitored parameters remain within the learned normal operating pattern.,None,False,1.2589029046237101,-0.2746839283267702,False
2026-01-04 07:40:00,31.741673535505956,69.66787786691226,1006.3385553957704,Normal,1,Normal,False,False,False,False,2.1149139171484705,-2.4156680314564767,-1.3939110237025716,Normal Change,No Consistent Weather Pattern,66.80880080554516,2.8590770613671026,False,0.0,False,False,False,False,False,False,False,Normal,Normal,None,0.99,All monitored parameters remain within the learned normal operating pattern.,None,False,2.8590770613671026,0.8227813285649128,False
2026-01-04 07:50:00,30.07532735270728,70.76574855223394,1007.3566396259615,Normal,1,Normal,False,False,False,False,-1.6663461827986765,1.0978706853216806,1.018084230191107,Normal Change,No Consistent Weather Pattern,69.97188535622539,0.7938631960085587,False,0.0,False,False,False,False,False,False,False,Normal,Normal,None,0.99,All monitored parameters remain within the learned normal operating pattern.,None,False,0.7938631960085587,1.3149080301862557,False
2026-01-04 08:00:00,28.978760664493723,73.28257324029887,1006.7098715012091,Normal,1,Normal,False,False,False,False,-1.0965666882135565,2.516824688064929,-0.6467681247523842,Normal Change,No Consistent Weather Pattern,72.03685281470518,1.2457204255936887,False,0.0,False,False,False,False,False,False,False,Normal,Normal,None,0.99,All monitored parameters remain within the learned normal operating pattern.,None,False,1.2457204255936887,1.2042983400420806,False
2026-01-04 08:10:00,28.218457985348977,71.28855302015783,1007.8754117774815,Normal,1,Normal,False,False,False,False,-0.7603026791447469,-1.9940202201410386,1.1655402762723952,Normal Change,No Consistent Weather Pattern,73.48888384910285,2.200330828945013,False,0.0,False,False,False,False,False,False,False,Normal,Normal,None,0.99,All monitored parameters remain within the learned normal operating pattern.,None,False,-2.200330828945013,0.7697150880378132,False
2026-01-04 08:20:00,27.599936526933337,75.68374053618803,1008.015200436724,Normal,1,Normal,False,False,False,False,-0.6185214584156391,4.395187516030191,0.1397886592424129,Normal Change,No Consistent Weather Pattern,74.65997775698312,1.023762779204901,False,0.0,False,False,False,False,False,False,False,Normal,Normal,None,0.99,All monitored parameters remain within the learned normal operating pattern.,None,False,1.023762779204901,0.7942738314025998,False
2026-01-04 08:30:00,28.95051457804997,71.62524029005841,1006.639133102347,Normal,1,Normal,False,False,False,False,1.3505780511166314,-4.058500246129611,-1.3760673343768985,Normal Change,No Consistent Weather Pattern,72.08936378411181,0.46412349405339626,False,0.0,False,False,False,False,False,False,False,Normal,Normal,None,0.99,All monitored parameters remain within the learned normal operating pattern.,None,False,-0.46412349405339626,0.6452674348285073,False
2026-01-04 08:40:00,28.0857990169115,73.06761022522589,1006.7514998121544,Normal,1,Normal,False,False,False,False,-0.8647155611384676,1.442369935167477,0.11236670980736108,Normal Change,No Consistent Weather Pattern,73.72555160152099,0.6579413762950992,False,0.0,False,False,False,False,False,False,False,Normal,Normal,None,0.99,All monitored parameters remain within the learned normal operating pattern.,None,False,-0.6579413762950992,0.37143253755439176,False
2026-01-04 08:50:00,27.456737268742952,74.676101190904,1007.4601872727803,Normal,1,Normal,False,False,False,False,-0.6290617481685494,1.608490965678115,0.7086874606259244,Normal Change,No Consistent Weather Pattern,74.92372392922837,0.24762273832436676,False,0.0,False,False,False,False,False,False,False,Normal,Normal,None,0.99,All monitored parameters remain within the learned normal operating pattern.,None,False,-0.24762273832436676,-0.07238171954438956,False
2026-01-04 09:00:00,27.981505843456908,70.16574023243207,1006.8412405065732,Normal,1,Normal,False,False,False,False,0.5247685747139563,-4.510360958471935,-0.6189467662071593,Normal Change,No Consistent Weather Pattern,73.92384965374094,3.7581094213088733,False,0.0,False,False,False,False,False,False,False,Normal,Normal,None,0.99,All monitored parameters remain within the learned normal operating pattern.,None,False,-3.7581094213088733,-0.7226635220183084,False
2026-01-04 09:10:00,27.538351339425,69.67120289140541,1007.0168098355449,Normal,1,Normal,False,False,False,False,-0.44315450403190937,-0.4945373410266569,0.17556932897173283,Normal Change,No Consistent Weather Pattern,74.76385595063871,5.0926530592332995,False,0.0,False,False,False,False,False,False,False,Normal,Normal,None,0.99,All monitored parameters remain within the learned normal operating pattern.,None,False,-5.0926530592332995,-1.6281454484221638,False
2026-01-04 09:20:00,29.658768463619147,70.33057705973762,1007.0572159067901,Normal,1,Normal,False,False,False,False,2.120417124194148,0.6593741683322065,0.040406071245229214,Normal Change,No Consistent Weather Pattern,70.75564056479492,0.4250635050572953,False,0.0,False,False,False,False,False,False,False,Normal,Normal,None,0.99,All monitored parameters remain within the learned normal operating pattern.,None,False,-0.4250635050572953,-1.3745358307239184,False
2026-01-04 09:30:00,28.92051008445469,76.0947716490641,1006.0899875077691,Normal,1,Normal,False,False,False,False,-0.7382583791644564,5.764194589326479,-0.9672283990209962,Normal Change,No Consistent Weather Pattern,72.13918502434142,3.9555866247226845,False,0.0,False,False,False,False,False,False,False,Normal,Normal,None,0.99,All monitored parameters remain within the learned normal operating pattern.,None,False,3.9555866247226845,-0.9557038527928066,False
2026-01-04 09:40:00,28.11567861595784,72.65217025019284,1007.0485032082144,Normal,1,Normal,False,False,False,False,-0.8048314684968503,-3.442601398871261,0.9585157004452185,Normal Change,No Consistent Weather Pattern,73.67279679766276,1.0206265474699165,False,0.0,False,False,False,False,False,False,False,Normal,Normal,None,0.99,All monitored parameters remain within the learned normal operating pattern.,None,False,-1.0206265474699165,-1.0352042889951665,False
2026-01-04 09:50:00,29.213623147019405,79.05706289952174,1006.7164512347513,Normal,1,Normal,False,False,False,False,1.0979445310615645,6.4048926493289,-0.3320519734630807,Normal Change,No Consistent Weather Pattern,71.592919725039,7.464143174482743,True,1.0,False,False,False,False,False,False,False,Normal,Normal,None,0.99,All monitored parameters remain within the learned normal operating pattern.,None,False,7.464143174482743,0.12509350397309657,False
2026-01-04 10:00:00,27.999963274044553,72.9953675468323,1006.8209412057541,Normal,1,Normal,False,False,False,False,-1.2136598729748513,-6.061695352689441,0.10448997100286306,Normal Change,No Consistent Weather Pattern,73.88870004783956,0.893332501007265,False,1.0,False,False,False,False,False,False,False,Normal,Normal,None,0.99,All monitored parameters remain within the learned normal operating pattern.,None,False,-0.893332501007265,0.03284925216125397,False
2026-01-04 10:10:00,27.15826845585218,74.67451097256449,1007.7957999485244,Normal,1,Normal,False,False,False,False,-0.8416948181923729,1.6791434257321924,0.974858742770266,Normal Change,No Consistent Weather Pattern,75.49220873190512,0.817697759340632,False,1.0,False,False,False,False,False,False,False,Normal,Normal,None,0.99,All monitored parameters remain within the learned normal operating pattern.,None,False,-0.817697759340632,0.4529080610138599,False
2026-01-04 10:20:00,28.975885045324688,77.56944833811784,1006.4525050147256,Normal,1,Normal,False,False,False,False,1.8176165894725074,2.8949373655533464,-1.343294933798802,Normal Change,No Consistent Weather Pattern,72.03905391839338,5.530394419724459,False,0.0,False,False,False,False,False,False,False,Normal,Normal,None,0.99,All monitored parameters remain within the learned normal operating pattern.,None,False,5.530394419724459,1.9704862722935397,False
2026-01-04 10:30:00,28.09950259750253,78.67543665120864,1007.4944280767512,Normal,1,Normal,False,False,False,False,-0.8763824478221593,1.1059883130908048,1.041923062025603,Normal Change,No Consistent Weather Pattern,73.70898385520555,4.966452796003097,False,0.0,False,False,False,False,False,False,False,Normal,Normal,None,0.99,All monitored parameters remain within the learned normal operating pattern.,None,False,4.966452796003097,2.7407028867307384,True
2026-01-04 10:40:00,26.750500905203907,78.96241149594266,1006.955702838048,Normal,1,Normal,False,False,False,False,-1.3490016922986214,0.2869748447340186,-0.5387252387032504,Normal Change,No Consistent Weather Pattern,76.2525467965751,2.7098646993675573,False,0.0,False,False,False,False,False,False,False,Normal,Normal,None,0.99,All monitored parameters remain within the learned normal operating pattern.,None,False,2.7098646993675573,2.562742611680006,True
2026-01-04 10:50:00,27.340919939454604,77.4303506973433,1006.9629540997778,Normal,1,Normal,False,False,False,False,0.5904190342506972,-1.5320607985993604,0.0072512617298343685,Normal Change,No Consistent Weather Pattern,75.13642995213823,2.293920745205071,False,0.0,False,False,False,False,False,False,False,Normal,Normal,None,0.99,All monitored parameters remain within the learned normal operating pattern.,None,False,2.293920745205071,3.0362493677764326,True
2026-01-04 11:00:00,26.706594031019115,77.23394778416908,1007.5059603073245,Normal,1,Normal,False,False,False,False,-0.6343259084354891,-0.1964029131742251,0.5430062075466822,Normal Change,No Consistent Weather Pattern,76.34247158034051,0.8914762038285602,False,0.0,False,False,False,False,False,False,False,Normal,Normal,None,0.99,All monitored parameters remain within the learned normal operating pattern.,None,False,0.8914762038285602,2.097296943397264,False
2026-01-04 11:10:00,26.215785808041808,76.54100271277582,1007.2890296807157,Normal,1,Normal,False,False,False,False,-0.4908082229773072,-0.6929450713932539,-0.21693062660881424,Normal Change,No Consistent Weather Pattern,77.26763479355557,0.7266320807797513,False,0.0,False,False,False,False,False,False,False,Normal,Normal,None,0.99,All monitored parameters remain within the learned normal operating pattern.,None,False,-0.7266320807797513,2.1211112891440513,False
2026-01-04 11:20:00,27.978977889436177,77.08065044951155,1007.4128288804245,Frozen,1,Normal,False,False,False,False,1.7631920813943687,0.5396477367357306,0.12379919970885567,Normal Change,No Consistent Weather Pattern,73.93581428101561,3.1448361684959423,False,0.0,False,False,False,False,False,False,False,Normal,Normal,None,0.99,All monitored parameters remain within the learned normal operating pattern.,None,False,3.1448361684959423,2.6871875645492764,True
2026-01-04 11:30:00,27.978977889436177,74.58732242417369,1007.6204208811816,Frozen,1,Normal,False,False,False,False,0.0,-2.49332802533786,0.20759200075713125,Normal Change,No Consistent Weather Pattern,73.93842392137371,0.6488985027999803,False,0.0,False,False,False,False,False,False,False,Normal,Normal,None,0.99,All monitored parameters remain within the learned normal operating pattern.,None,False,0.6488985027999803,1.9898310049886365,False
2026-01-04 11:40:00,27.978977889436177,74.21678128966985,1006.9797674667675,Frozen,1,Normal,True,False,False,True,0.0,-0.3705411345038385,-0.640653414414146,Normal Change,No Consistent Weather Pattern,73.93037026323799,0.286411026431864,False,0.0,False,False,False,False,False,False,False,Frozen Sensor,Confirmed Anomaly,High,0.95,"Temperature sensor value remained unchanged across multiple consecutive readings, indicating a possible frozen or stuck sensor.",Temperature,False,0.286411026431864,1.3212536093356033,False
2026-01-04 11:50:00,27.978977889436177,76.00756945853152,1006.8486824257682,Frozen,1,Normal,True,False,False,True,0.0,1.790788168861667,-0.1310850409993236,Normal Change,No Consistent Weather Pattern,73.92872239235622,2.0788470661752996,False,0.0,False,False,False,False,False,False,False,Frozen Sensor,Confirmed Anomaly,High,0.95,"Temperature sensor value remained unchanged across multiple consecutive readings, indicating a possible frozen or stuck sensor.",Temperature,False,2.0788470661752996,1.231108233165281,False
2026-01-04 12:00:00,27.978977889436177,75.83267797962306,1006.6218897518409,Frozen,1,Normal,True,False,False,True,0.0,-0.17489147890846368,-0.22679267392732072,Normal Change,No Consistent Weather Pattern,73.92587138021392,1.906806599409137,False,0.0,False,False,False,False,False,False,False,Frozen Sensor,Confirmed Anomaly,High,0.95,"Temperature sensor value remained unchanged across multiple consecutive readings, indicating a possible frozen or stuck sensor.",Temperature,False,1.906806599409137,1.1758062123372903,False
2026-01-04 12:10:00,27.978977889436177,75.42284589522892,1006.7617080913129,Frozen,1,Normal,True,False,False,True,0.0,-0.40983208439413943,0.13981833947207178,Normal Change,No Consistent Weather Pattern,73.92762903744618,1.4952168577827365,False,0.0,False,False,False,False,False,False,False,Frozen Sensor,Confirmed Anomaly,High,0.95,"Temperature sensor value remained unchanged across multiple consecutive readings, indicating a possible frozen or stuck sensor.",Temperature,False,1.4952168577827365,1.262054877187887,False
2026-01-04 12:20:00,27.978977889436177,77.87579495089096,1008.6591920324056,Frozen,1,Normal,True,False,False,True,0.0,2.452949055662046,1.8974839410926734,Normal Change,No Consistent Weather Pattern,73.95148232010379,3.9243126307871705,False,0.0,False,False,False,False,False,False,False,Frozen Sensor,Confirmed Anomaly,High,0.95,"Temperature sensor value remained unchanged across multiple consecutive readings, indicating a possible frozen or stuck sensor.",Temperature,False,3.9243126307871705,1.9264755502688757,False
2026-01-04 12:30:00,27.978977889436177,78.54475021976991,1007.8174981706479,Frozen,1,Normal,True,False,False,True,0.0,0.6689552688789462,-0.8416938617576761,Normal Change,No Consistent Weather Pattern,73.94090138122948,4.603848838540429,False,0.0,False,False,False,False,False,False,False,Frozen Sensor,Confirmed Anomaly,High,0.95,"Temperature sensor value remained unchanged across multiple consecutive readings, indicating a possible frozen or stuck sensor.",Temperature,False,4.603848838540429,2.1349059317038024,False
2026-01-04 12:40:00,27.978977889436177,76.95941443946819,1006.5304158013299,Frozen,1,Normal,True,False,False,True,0.0,-1.585335780301719,-1.287082369318,Normal Change,No Consistent Weather Pattern,73.92472146060192,3.034692978866275,False,0.0,False,False,False,False,False,False,False,Frozen Sensor,Confirmed Anomaly,High,0.95,"Temperature sensor value remained unchanged across multiple consecutive readings, indicating a possible frozen or stuck sensor.",Temperature,False,3.034692978866275,2.4757337139989875,True
2026-01-04 12:50:00,27.978977889436177,79.88340330954944,1006.555798572229,Frozen,-1,Anomaly,True,False,False,True,0.0,2.9239888700812458,0.025382770899113893,Normal Change,No Consistent Weather Pattern,73.92504054757586,5.958362761973575,False,0.0,False,False,False,False,False,False,False,Frozen Sensor,Confirmed Anomaly,High,0.95,"Temperature sensor value remained unchanged across multiple consecutive readings, indicating a possible frozen or stuck sensor.",Temperature,False,5.958362761973575,3.286012533362089,True
2026-01-04 13:00:00,27.978977889436177,74.78793060421482,1007.469313999974,Frozen,1,Normal,True,False,False,True,0.0,-5.095472705334615,0.9135154277449828,Normal Change,No Consistent Weather Pattern,73.93652435581171,0.8514062484031086,False,0.0,False,False,False,False,False,False,False,Frozen Sensor,Confirmed Anomaly,High,0.95,"Temperature sensor value remained unchanged across multiple consecutive readings, indicating a possible frozen or stuck sensor.",Temperature,False,0.8514062484031086,3.110663845108919,True
2026-01-04 13:10:00,26.354089300886322,76.8241215045493,1007.5136445010583,Normal,1,Normal,False,False,False,False,-1.6248885885498545,2.036190900334475,0.04433050108423231,Normal Change,No Consistent Weather Pattern,77.00899079862918,0.1848692940798884,False,0.0,False,False,False,False,False,False,False,Normal,Normal,None,0.99,All monitored parameters remain within the learned normal operating pattern.,None,False,-0.1848692940798884,2.8118530031819153,True
2026-01-04 13:20:00,26.134500684364074,75.91503711507998,1007.5263617025897,Normal,1,Normal,False,False,False,False,-0.21958861652224826,-0.9090843894693137,0.01271720153147271,Normal Change,No Consistent Weather Pattern,77.42429068801292,1.5092535729329342,False,0.0,False,False,False,False,False,False,False,Normal,Normal,None,0.99,All monitored parameters remain within the learned normal operating pattern.,None,False,-1.5092535729329342,2.3826429416511052,False
2026-01-04 13:30:00,25.53246015668754,73.74990459321225,1007.1366249268798,Normal,1,Normal,False,False,False,False,-0.6020405276765324,-2.165132521867733,-0.3897367757099346,Normal Change,No Consistent Weather Pattern,78.55757014767725,4.807665554465004,False,0.0,False,False,False,False,False,False,False,Normal,Normal,None,0.99,All monitored parameters remain within the learned normal operating pattern.,None,False,-4.807665554465004,1.1352174866150802,False
2026-01-04 13:40:00,25.731445529496256,77.44891344041277,1007.2138328678107,Normal,1,Normal,False,False,False,False,0.1989853728087141,3.699008847200517,0.0772079409308617,Normal Change,No Consistent Weather Pattern,78.18235186645919,0.7334384260464191,False,0.0,False,False,False,False,False,False,False,Normal,Normal,None,0.99,All monitored parameters remain within the learned normal operating pattern.,None,False,-0.7334384260464191,0.3727478773883876,False
2026-01-04 13:50:00,26.73305293652393,77.49902507150678,1007.453229821275,Normal,1,Normal,False,False,False,False,1.0016074070276737,0.050111631094011955,0.23939695346439294,Normal Change,No Consistent Weather Pattern,76.2917872113726,1.2072378601341853,False,0.0,False,False,False,False,False,False,False,Normal,Normal,None,0.99,All monitored parameters remain within the learned normal operating pattern.,None,False,1.2072378601341853,0.11168286042666052,False
2026-01-04 14:00:00,26.466902621729542,80.89456174322419,1007.3452382354076,Normal,1,Normal,False,False,False,False,-0.26615031479438755,3.3955366717174087,-0.10799158586746671,Normal Change,No Consistent Weather Pattern,76.79359620198943,4.100965541234757,False,0.0,False,False,False,False,False,False,False,Normal,Normal,None,0.99,All monitored parameters remain within the learned normal operating pattern.,None,False,4.100965541234757,-0.15365959967888493,False
2026-01-04 14:10:00,25.223130223140355,79.25127453115117,1006.2059135278744,Normal,1,Normal,False,False,False,False,-1.2437723985891864,-1.6432872120730195,-1.1393247075332056,Normal Change,No Consistent Weather Pattern,79.13066931390027,0.12060521725089757,False,0.0,False,False,False,False,False,False,False,Normal,Normal,None,0.99,All monitored parameters remain within the learned normal operating pattern.,None,False,0.12060521725089757,-0.25805974698634365,False
2026-01-04 14:20:00,26.02524688808758,76.06006426385319,1007.2142048600241,Normal,1,Normal,False,False,False,False,0.8021166649472242,-3.1912102672979756,1.0082913321497244,Normal Change,No Consistent Weather Pattern,77.6269147160833,1.5668504522301134,False,0.0,False,False,False,False,False,False,False,Normal,Normal,None,0.99,All monitored parameters remain within the learned normal operating pattern.,None,False,-1.5668504522301134,-0.4554856267220901,False
2026-01-04 14:30:00,26.48912224876356,81.93216003253612,1006.9172100415243,Normal,1,Normal,False,False,False,False,0.46387536067598134,5.872095768682925,-0.2969948184997975,Normal Change,No Consistent Weather Pattern,76.7462084685654,5.185951563970718,False,0.0,False,False,False,False,False,False,False,Normal,Normal,None,0.99,All monitored parameters remain within the learned normal operating pattern.,None,False,5.185951563970718,0.5009722499784317,False
2026-01-04 14:40:00,24.496367865956255,80.778283209344,1007.444593790118,Normal,1,Normal,False,False,False,False,-1.9927543828073055,-1.153876823192121,0.5273837485937065,Normal Change,No Consistent Weather Pattern,80.52021063035957,0.25807257898442515,False,0.0,False,False,False,False,False,False,False,Normal,Normal,None,0.99,All monitored parameters remain within the learned normal operating pattern.,None,False,0.25807257898442515,1.224649126185493,False
2026-01-04 14:50:00,26.21213031240603,79.60931108993306,1008.8639572323517,Normal,1,Normal,False,False,False,False,1.715762446449773,-1.1689721194109381,1.4193634422337027,Normal Change,No Consistent Weather Pattern,77.2943440611734,2.3149670287596535,False,0.0,False,False,False,False,False,False,False,Normal,Normal,None,0.99,All monitored parameters remain within the learned normal operating pattern.,None,False,2.3149670287596535,1.6601356197292176,False
2026-01-04 15:00:00,25.194585568725053,78.09766265053688,1007.5696716057251,Normal,1,Normal,False,False,False,False,-1.0175447436809755,-1.5116484393961827,-1.2942856266265608,Normal Change,No Consistent Weather Pattern,79.20177780089,1.104115150353124,False,0.0,False,False,False,False,False,False,False,Normal,Normal,None,0.99,All monitored parameters remain within the learned normal operating pattern.,None,False,-1.104115150353124,1.329942332516745,False
2026-01-04 15:10:00,26.1301194224631,76.73384055137589,1007.2440309001744,Normal,1,Normal,False,False,False,False,0.9355338537380469,-1.3638220991609842,-0.32564070555076796,Normal Change,No Consistent Weather Pattern,77.42902443579493,0.6951838844190377,False,0.0,False,False,False,False,False,False,False,Normal,Normal,None,0.99,All monitored parameters remain within the learned normal operating pattern.,None,False,-0.6951838844190377,0.6447781288519171,False
2026-01-04 15:20:00,25.013723026237194,78.00692574491548,1007.8768219033944,Normal,1,Normal,False,False,False,False,-1.1163963962259054,1.2730851935395862,0.6327910032200634,Normal Change,No Consistent Weather Pattern,79.54756600230218,1.5406402573866984,False,0.0,False,False,False,False,False,False,False,Normal,Normal,None,0.99,All monitored parameters remain within the learned normal operating pattern.,None,False,-1.5406402573866984,0.40745734676083195,False
2026-01-04 15:30:00,24.132868249899744,81.02394937854565,1007.6726494284705,Normal,1,Normal,False,False,False,False,-0.8808547763374506,3.017023633630174,-0.2041724749238938,Normal Change,No Consistent Weather Pattern,81.21028635895122,0.18633698040557078,False,0.0,False,False,False,False,False,False,False,Normal,Normal,None,0.99,All monitored parameters remain within the learned normal operating pattern.,None,False,-0.18633698040557078,0.6046735570214808,False
2026-01-04 15:40:00,24.228956334196564,82.70719204286304,1007.6569944443647,Normal,-1,Anomaly,False,False,False,False,0.09608808429682014,1.6832426643173903,-0.015654984105822223,Normal Change,No Consistent Weather Pattern,81.02843164899727,1.6787603938657725,False,0.0,False,False,False,False,False,False,False,Requires Investigation,Suspicious,Medium,0.65,"The machine-learning model detected an unusual pattern, but the available rule-based evidence is insufficient to classify it as a confirmed sensor fault or genuine weather event.",Multiple,False,1.6787603938657725,0.10364624700648863,False
2026-01-04 15:50:00,25.525465720542936,82.11249153011673,1007.7662700245411,Normal,1,Normal,False,False,False,False,1.2965093863463721,-0.5947005127463143,0.10927558017635874,Normal Change,No Consistent Weather Pattern,78.57870864832084,3.5337828817958865,False,0.0,False,False,False,False,False,False,False,Normal,Normal,None,0.99,All monitored parameters remain within the learned normal operating pattern.,None,False,3.5337828817958865,0.5716048616938403,False
2026-01-04 16:00:00,25.65259199960724,78.13267315996734,1008.5072682607401,Normal,1,Normal,False,False,False,False,0.12712627906430285,-3.9798183701493883,0.7409982361990615,Normal Change,No Consistent Weather Pattern,78.34768702930609,0.21501386933874755,False,0.0,False,False,False,False,False,False,False,Normal,Normal,None,0.99,All monitored parameters remain within the learned normal operating pattern.,None,False,-0.21501386933874755,0.21017901910835438,False
2026-01-04 16:10:00,24.681002596207225,76.95185334084047,1006.9299566142554,Normal,1,Normal,False,False,False,False,-0.9715894034000137,-1.1808198191268673,-1.577311646484759,Normal Change,No Consistent Weather Pattern,80.1646826561271,3.2128293152866263,False,0.0,False,False,False,False,False,False,False,Normal,Normal,None,0.99,All monitored parameters remain within the learned normal operating pattern.,None,False,-3.2128293152866263,-0.09106586159643168,False
2026-01-04 16:20:00,25.876813599453328,79.54989322895955,1007.7488721834106,Normal,1,Normal,False,False,False,False,1.195811003246103,2.598039888119075,0.8189155691552514,Normal Change,No Consistent Weather Pattern,77.91425438773108,1.6356388412284701,False,0.0,False,False,False,False,False,False,False,Normal,Normal,None,0.99,All monitored parameters remain within the learned normal operating pattern.,None,False,1.6356388412284701,0.24190881349606944,False
2026-01-04 16:30:00,24.000064593686137,75.80455998187169,1007.0657701837407,Normal,1,Normal,False,False,False,False,-1.8767490057671914,-3.7453332470878564,-0.6831019996699297,Normal Change,No Consistent Weather Pattern,81.453727270321,5.649167288449306,False,0.0,False,False,False,False,False,False,False,Normal,Normal,None,0.99,All monitored parameters remain within the learned normal operating pattern.,None,False,-5.649167288449306,-0.34502361951287447,False
2026-01-04 16:40:00,25.24162978305861,80.05734818441664,1007.823869272437,Normal,1,Normal,False,False,False,False,1.2415651893724728,4.252788202544949,0.7580990886963264,Normal Change,No Consistent Weather Pattern,79.11603457557962,0.9413136088370209,False,0.0,False,False,False,False,False,False,False,Normal,Normal,None,0.99,All monitored parameters remain within the learned normal operating pattern.,None,False,0.9413136088370209,-0.18393067819250422,False
2026-01-04 16:50:00,24.29277955026128,79.18160980726017,1007.1041677722237,Normal,1,Normal,False,False,False,False,-0.94885023279733,-0.8757383771564662,-0.7197015002133185,Normal Change,No Consistent Weather Pattern,80.90082202127081,1.7192122140106392,False,0.0,False,False,False,False,False,False,False,Normal,Normal,None,0.99,All monitored parameters remain within the learned normal operating pattern.,None,False,-1.7192122140106392,-0.669355336460563,False
2026-01-04 17:00:00,24.709121607908678,78.6067460079627,1007.3724698347536,Normal,1,Normal,False,False,False,False,0.4163420576473982,-0.574863799297475,0.26830206252986954,Normal Change,No Consistent Weather Pattern,80.11708550964158,1.5103395016788852,False,0.0,False,False,False,False,False,False,False,Normal,Normal,None,0.99,All monitored parameters remain within the learned normal operating pattern.,None,False,-1.5103395016788852,-1.3899442483855304,False
2026-01-04 17:10:00,25.23941893649729,76.4075938665781,1007.4514928651745,Normal,1,Normal,False,False,False,False,0.5302973285886132,-2.1991521413846016,0.07902303042089898,Normal Change,No Consistent Weather Pattern,79.11553311277214,2.7079392461940444,False,0.0,False,False,False,False,False,False,False,Normal,Normal,None,0.99,All monitored parameters remain within the learned normal operating pattern.,None,False,-2.7079392461940444,-1.7460764450791442,False
2026-01-04 17:20:00,24.486001992841164,80.6785348430028,1008.1050713378258,Normal,1,Normal,False,False,False,False,-0.7534169436561271,4.270940976424697,0.6535784726513612,Normal Change,No Consistent Weather Pattern,80.54811054638448,0.13042429661831534,False,0.0,False,False,False,False,False,False,False,Normal,Normal,None,0.99,All monitored parameters remain within the learned normal operating pattern.,None,False,0.13042429661831534,-1.2684687862355812,False
2026-01-04 17:30:00,24.841455003967603,78.63639944197325,1008.0947541149764,Normal,1,Normal,False,False,False,False,0.3554530111264391,-2.0421354010295403,-0.010317222849494101,Normal Change,No Consistent Weather Pattern,79.87598439910684,1.2395849571335873,False,0.0,False,False,False,False,False,False,False,Normal,Normal,None,0.99,All monitored parameters remain within the learned normal operating pattern.,None,False,-1.2395849571335873,-1.6792150431444466,False
2026-01-04 17:40:00,25.930844622842542,77.40854557763744,1007.031269038571,Normal,1,Normal,False,False,False,False,1.0893896188749395,-1.2278538643358132,-1.0634850764052999,Normal Change,No Consistent Weather Pattern,77.80308583940837,0.3945402617709277,False,0.0,False,False,False,False,False,False,False,Normal,Normal,None,0.99,All monitored parameters remain within the learned normal operating pattern.,None,False,-0.3945402617709277,-0.9285540393332496,False
2026-01-04 17:50:00,24.642961331781414,74.04652591863683,1007.700430671227,Normal,1,Normal,False,False,False,False,-1.287883291061128,-3.362019659000609,0.6691616326559142,Normal Change,No Consistent Weather Pattern,80.24628664196548,6.199760723328652,False,0.0,False,False,False,False,False,False,False,Normal,Normal,None,0.99,All monitored parameters remain within the learned normal operating pattern.,None,False,-6.199760723328652,-1.948707515356917,False
2026-01-04 18:00:00,25.753655035818102,79.77476749756676,1007.3372427450831,Normal,1,Normal,False,False,False,False,1.110693704036688,5.728241578929925,-0.3631879261438371,Normal Change,No Consistent Weather Pattern,78.14191539808814,1.6328520994786118,False,0.0,False,False,False,False,False,False,False,Normal,Normal,None,0.99,All monitored parameters remain within the learned normal operating pattern.,None,False,1.6328520994786118,-1.4698411848584527,False
2026-01-04 18:10:00,24.163932212698267,83.40910780049077,1007.082080530939,Normal,-1,Anomaly,False,False,False,False,-1.5897228231198355,3.6343403029240164,-0.255162214144093,Normal Change,No Consistent Weather Pattern,81.14413479673163,2.2649730037591382,False,0.0,False,False,False,False,False,False,False,Requires Investigation,Suspicious,Medium,0.65,"The machine-learning model detected an unusual pattern, but the available rule-based evidence is insufficient to classify it as a confirmed sensor fault or genuine weather event.",Multiple,False,2.2649730037591382,-0.9305108269387351,False
2026-01-04 18:20:00,25.476114195678036,83.21797672240412,1007.6223540980911,Normal,1,Normal,False,False,False,False,1.3121819829797694,-0.19113107808665575,0.5402735671520986,Normal Change,No Consistent Weather Pattern,78.67020027799363,4.547776444410488,False,0.0,False,False,False,False,False,False,False,Normal,Normal,None,0.99,All monitored parameters remain within the learned normal operating pattern.,None,False,4.547776444410488,0.1060199860047695,False
2026-01-04 18:30:00,26.192081896347382,79.00815348718534,1007.5963782324501,Normal,1,Normal,False,False,False,False,0.7159677006693457,-4.209823235218778,-0.025975865641044038,Normal Change,No Consistent Weather Pattern,77.31631155491328,1.6918419322720553,False,0.0,False,False,False,False,False,False,False,Normal,Normal,None,0.99,All monitored parameters remain within the learned normal operating pattern.,None,False,1.6918419322720553,0.32907964824101804,False
2026-01-04 18:40:00,23.05005592388096,78.74083283131085,1008.9839602599327,Normal,-1,Anomaly,False,False,False,False,-3.1420259724664206,-0.26732065587448517,1.3875820274826083,Normal Change,No Consistent Weather Pattern,83.27386573375435,4.5330329024434945,False,0.0,False,False,False,False,False,False,False,Requires Investigation,Suspicious,Medium,0.65,"The machine-learning model detected an unusual pattern, but the available rule-based evidence is insufficient to classify it as a confirmed sensor fault or genuine weather event.",Multiple,False,-4.5330329024434945,-0.14141291537468298,False
2026-01-04 18:50:00,24.38039281266976,80.90173047805776,1008.0072877040046,Normal,1,Normal,False,False,False,False,1.3303368887887999,2.1608976467469034,-0.9766725559280758,Normal Change,No Consistent Weather Pattern,80.74653918618014,0.15519129187761393,False,0.0,False,False,False,False,False,False,False,Normal,Normal,None,0.99,All monitored parameters remain within the learned normal operating pattern.,None,False,0.15519129187761393,-0.06287983628203417,False
2026-01-04 19:00:00,25.472100973213013,77.98234257868626,1007.1224261753861,Normal,1,Normal,False,False,False,False,1.0917081605432521,-2.9193878993715003,-0.8848615286185577,Normal Change,No Consistent Weather Pattern,78.67150281946718,0.6891602407809216,False,0.0,False,False,False,False,False,False,False,Normal,Normal,None,0.99,All monitored parameters remain within the learned normal operating pattern.,None,False,-0.6891602407809216,0.7243488040819273,False
2026-01-04 19:10:00,24.84254097059558,80.59362924077898,1007.5494943712033,Normal,1,Normal,False,False,False,False,-0.6295600026174348,2.6112866620927235,0.42706819581724176,Normal Change,No Consistent Weather Pattern,79.86707687721267,0.7265523635663129,False,0.0,False,False,False,False,False,False,False,Normal,Normal,None,0.99,All monitored parameters remain within the learned normal operating pattern.,None,False,0.7265523635663129,0.5948774132373131,False
2026-01-04 19:20:00,25.298429930330364,81.52913409350275,1008.3634367128526,Normal,1,Normal,False,False,False,False,0.4558889597347857,0.935504852723767,0.8139423416492946,Normal Change,No Consistent Weather Pattern,79.01543480032902,2.5136992931737296,False,0.0,False,False,False,False,False,False,False,Normal,Normal,None,0.99,All monitored parameters remain within the learned normal operating pattern.,None,False,2.5136992931737296,0.6304097402965405,False
2026-01-04 19:30:00,24.516864367054108,82.45376141491509,1008.9180452972151,Normal,1,Normal,False,False,False,False,-0.7815655632762564,0.9246273214123448,0.5546085843625406,Normal Change,No Consistent Weather Pattern,80.49998404064898,1.9537773742661102,False,0.0,False,False,False,False,False,False,False,Normal,Normal,None,0.99,All monitored parameters remain within the learned normal operating pattern.,None,False,1.9537773742661102,0.2598384445616294,False
2026-01-04 19:40:00,25.069867549225492,79.79850040854575,1007.1021241420074,Normal,1,Normal,False,False,False,False,0.5530031821713841,-2.6552610063693436,-1.815921155207775,Normal Change,No Consistent Weather Pattern,79.43168407168703,0.36681633685871873,False,0.0,False,False,False,False,False,False,False,Normal,Normal,None,0.99,All monitored parameters remain within the learned normal operating pattern.,None,False,0.36681633685871873,0.0705490737882956,False
2026-01-04 19:50:00,24.8786008340718,79.58636725487513,1006.9766564011711,Normal,1,Normal,False,False,False,False,-0.19126671515369154,-0.2121331536706208,-0.12546774083625678,Normal Change,No Consistent Weather Pattern,79.79170328422822,0.20533602935309148,False,0.0,False,False,False,False,False,False,False,Normal,Normal,None,0.99,All monitored parameters remain within the learned normal operating pattern.,None,False,-0.20533602935309148,0.6887914842297818,False
2026-01-04 20:00:00,25.941917854401748,78.22865041633908,1008.8738127307405,Normal,1,Normal,False,False,False,False,1.0633170203299471,-1.3577168385360494,1.897156329569384,Normal Change,No Consistent Weather Pattern,77.80531413318724,0.4233362831518406,False,0.0,False,False,False,False,False,False,False,Normal,Normal,None,0.99,All monitored parameters remain within the learned normal operating pattern.,None,False,0.4233362831518406,0.7270979115546713,False
2026-01-04 20:10:00,25.217779318536152,78.31775400412992,1008.1550553592682,Normal,1,Normal,False,False,False,False,-0.7241385358655954,0.08910358779084504,-0.718757371472293,Normal Change,No Consistent Weather Pattern,79.1652880620305,0.8475340579005746,False,0.0,False,False,False,False,False,False,False,Normal,Normal,None,0.99,All monitored parameters remain within the learned normal operating pattern.,None,False,-0.8475340579005746,0.704473080537578,False
2026-01-04 20:20:00,25.292873443173395,79.50145958917048,1007.548224414202,Normal,1,Normal,False,False,False,False,0.07509412463724274,1.1837055850405562,-0.6068309450662355,Normal Change,No Consistent Weather Pattern,79.01569149622252,0.4857680929479642,False,0.0,False,False,False,False,False,False,False,Normal,Normal,None,0.99,All monitored parameters remain within the learned normal operating pattern.,None,False,0.4857680929479642,0.6700753275920996,False
2026-01-04 20:30:00,24.703833214827473,80.66806143818147,1008.2720099981246,Normal,1,Normal,False,False,False,False,-0.5890402283459224,1.1666018490109877,0.7237855839226768,Normal Change,No Consistent Weather Pattern,80.13839152830823,0.5296699098732347,False,0.0,False,False,False,False,False,False,False,Normal,Normal,None,0.99,All monitored parameters remain within the learned normal operating pattern.,None,False,0.5296699098732347,0.3866425585491718,False
2026-01-04 20:40:00,24.655783861577834,81.73543157079484,1006.7093461889239,Normal,-1,Anomaly,False,False,False,False,-0.048049353249638216,1.0673701326133767,-1.5626638092007852,Normal Change,No Consistent Weather Pattern,80.20958626800095,1.525845302793897,False,0.0,False,False,False,False,False,False,False,Requires Investigation,Suspicious,Medium,0.65,"The machine-learning model detected an unusual pattern, but the available rule-based evidence is insufficient to classify it as a confirmed sensor fault or genuine weather event.",Multiple,False,1.525845302793897,0.32550940548171275,False
2026-01-04 20:50:00,24.71434189909292,78.27286519994207,1008.0516300865918,Normal,1,Normal,False,False,False,False,0.05855803751508404,-3.4625663708527696,1.3422838976679259,Normal Change,No Consistent Weather Pattern,80.11575409294414,1.842888893002069,False,0.0,False,False,False,False,False,False,False,Normal,Normal,None,0.99,All monitored parameters remain within the learned normal operating pattern.,None,False,-1.842888893002069,0.009837229787314479,False
2026-01-04 21:00:00,25.392449507884283,82.83160154995575,1008.2367705893081,Normal,1,Normal,False,False,False,False,0.6781076087913647,4.558736350013675,0.18514050271630822,Normal Change,No Consistent Weather Pattern,78.83609515356197,3.995506396393779,False,0.0,False,False,False,False,False,False,False,Normal,Normal,None,0.99,All monitored parameters remain within the learned normal operating pattern.,None,False,3.995506396393779,0.6099575763225816,False
2026-01-04 21:10:00,24.758572677342418,79.26703227391761,1008.558105840643,Normal,1,Normal,False,False,False,False,-0.6338768305418654,-3.564569276038142,0.3213352513348582,Normal Change,No Consistent Weather Pattern,80.03850115717724,0.7714688832596295,False,0.0,False,False,False,False,False,False,False,Normal,Normal,None,0.99,All monitored parameters remain within the learned normal operating pattern.,None,False,-0.7714688832596295,0.43927112397808593,False
2026-01-04 21:20:00,25.3476183353766,79.72566851158419,1007.612324345423,Normal,1,Normal,False,False,False,False,0.5890456580341805,0.4586362376665818,-0.9457814952199897,Normal Change,No Consistent Weather Pattern,78.9130001480656,0.8126683635185827,False,0.0,False,False,False,False,False,False,False,Normal,Normal,None,0.99,All monitored parameters remain within the learned normal operating pattern.,None,False,0.8126683635185827,0.676442898466537,False
2026-01-04 21:30:00,26.798514805103867,78.22918830932932,1008.185605900871,Normal,1,Normal,False,False,False,False,1.4508964697272688,-1.4964802022548724,0.5732815554480339,Normal Change,No Consistent Weather Pattern,76.17723594523676,2.051952364092557,False,0.0,False,False,False,False,False,False,False,Normal,Normal,None,0.99,All monitored parameters remain within the learned normal operating pattern.,None,False,2.051952364092557,0.9001835086300503,False
2026-01-04 21:40:00,25.859438197797914,74.826442609349,1007.7037260999592,Normal,1,Normal,False,False,False,False,-0.9390766073059531,-3.402745699980315,-0.48187980091176996,Normal Change,No Consistent Weather Pattern,77.94653566544727,3.12009305609827,False,0.0,False,False,False,False,False,False,False,Normal,Normal,None,0.99,All monitored parameters remain within the learned normal operating pattern.,None,False,-3.12009305609827,0.3787887992055496,False
2026-01-04 21:50:00,24.928002673833998,81.39044779358557,1008.3179901055335,Normal,1,Normal,False,False,False,False,-0.9314355239639163,6.564005184236564,0.6142640055742277,Normal Change,No Consistent Weather Pattern,79.71516927894852,1.6752785146370428,False,0.0,False,False,False,False,False,False,False,Normal,Normal,None,0.99,All monitored parameters remain within the learned normal operating pattern.,None,False,1.6752785146370428,0.4001364008974276,False
2026-01-04 22:00:00,26.178003963533804,81.03962214257957,1007.7666662123693,Normal,1,Normal,False,False,False,False,1.2500012896998065,-0.35082565100599084,-0.5513238931641808,Normal Change,No Consistent Weather Pattern,77.34506707450522,3.694555068074351,False,0.0,False,False,False,False,False,False,False,Normal,Normal,None,0.99,All monitored parameters remain within the learned normal operating pattern.,None,False,3.694555068074351,1.1911998239083448,False
2026-01-04 22:10:00,24.920700808582655,78.94302267176379,1008.0345090220623,Normal,1,Normal,False,False,False,False,-1.257303154951149,-2.0965994708157893,0.26784280969297924,Normal Change,No Consistent Weather Pattern,79.72541007014291,0.7823873983791287,False,0.0,False,False,False,False,False,False,False,Normal,Normal,None,0.99,All monitored parameters remain within the learned normal operating pattern.,None,False,-0.7823873983791287,0.5086435675122151,False
2026-01-04 22:20:00,23.648694639969744,79.57559289822568,1007.7650483077381,Normal,1,Normal,False,False,False,False,-1.2720061686129114,0.632570226461894,-0.2694607143241683,Normal Change,No Consistent Weather Pattern,82.12679518547029,2.5512022872446067,False,0.0,False,False,False,False,False,False,False,Normal,Normal,None,0.99,All monitored parameters remain within the learned normal operating pattern.,None,False,-2.5512022872446067,0.25439593837150404,False
2026-01-04 22:30:00,24.506650421904464,80.40563949413144,1008.6130947404127,Normal,1,Normal,False,False,False,False,0.8579557819347201,0.8300465959057561,0.8480464326746642,Normal Change,No Consistent Weather Pattern,80.51546032867414,0.10982083454270253,False,0.0,False,False,False,False,False,False,False,Normal,Normal,None,0.99,All monitored parameters remain within the learned normal operating pattern.,None,False,-0.10982083454270253,0.12261176721989184,False
2026-01-04 22:40:00,23.8522895809505,76.17706205068454,1008.7414943811114,Normal,1,Normal,False,False,False,False,-0.654360840953963,-4.228577443446895,0.12839964069860343,Normal Change,No Consistent Weather Pattern,81.75416668137385,5.5771046306893055,False,0.0,False,False,False,False,False,False,False,Normal,Normal,None,0.99,All monitored parameters remain within the learned normal operating pattern.,None,False,-5.5771046306893055,-0.9672535177489456,False
2026-01-04 22:50:00,25.105380072611876,78.16871292561757,1008.2198698508453,Normal,1,Normal,False,False,False,False,1.253090491661375,1.991650874933029,-0.5216245302660809,Normal Change,No Consistent Weather Pattern,79.37859758258848,1.2098846569709139,False,0.0,False,False,False,False,False,False,False,Normal,Normal,None,0.99,All monitored parameters remain within the learned normal operating pattern.,None,False,-1.2098846569709139,-0.6943666035878948,False
2026-01-04 23:00:00,25.44084230343919,80.73631415906856,1008.3813770600036,Normal,1,Normal,False,False,False,False,0.3354622308273143,2.5676012334509863,0.16150720915834427,Normal Change,No Consistent Weather Pattern,78.74642471628682,1.989889442781731,False,0.0,False,False,False,False,False,False,False,Normal,Normal,None,0.99,All monitored parameters remain within the learned normal operating pattern.,None,False,1.989889442781731,-0.6494221852815107,False
2026-01-04 23:10:00,26.80860735049132,76.55650615231932,1007.6632043827702,Normal,1,Normal,False,False,False,False,1.3677650470521314,-4.179808006749241,-0.7181726772333832,Normal Change,No Consistent Weather Pattern,76.15158851956129,0.4049176327580284,False,0.0,False,False,False,False,False,False,False,Normal,Normal,None,0.99,All monitored parameters remain within the learned normal operating pattern.,None,False,0.4049176327580284,-1.1193703903266996,False
2026-01-04 23:20:00,25.77216588807058,79.56586788621475,1008.2630653652733,Normal,1,Normal,False,False,False,False,-1.0364414624207399,3.0093617338954317,0.5998609825030599,Normal Change,No Consistent Weather Pattern,78.11855850131542,1.4473093848993273,False,0.0,False,False,False,False,False,False,False,Normal,Normal,None,0.99,All monitored parameters remain within the learned normal operating pattern.,None,False,1.4473093848993273,-0.8008422784297774,False
2026-01-04 23:30:00,25.38030934160237,76.17565686145427,1008.4133640061448,Normal,1,Normal,False,False,False,False,-0.3918565464682118,-3.3902110247604753,0.15029864087148326,Normal Change,No Consistent Weather Pattern,78.86126652289528,2.6856096614410063,False,0.0,False,False,False,False,False,False,False,Normal,Normal,None,0.99,All monitored parameters remain within the learned normal operating pattern.,None,False,-2.6856096614410063,-0.8200433318864059,False
2026-01-04 23:40:00,26.265861270653566,79.72818635345351,1009.7745819504074,Normal,1,Normal,False,False,False,False,0.8855519290511964,3.5525294919992376,1.3612179442626484,Normal Change,No Consistent Weather Pattern,77.20421125937108,2.523975094082431,False,0.0,False,False,False,False,False,False,False,Normal,Normal,None,0.99,All monitored parameters remain within the learned normal operating pattern.,None,False,2.523975094082431,-0.44378677065424404,False
2026-01-04 23:50:00,23.88193812938044,78.62702428223153,1007.9340748700309,Normal,1,Normal,False,False,False,False,-2.383923141273126,-1.101162071221978,-1.840507080376483,Normal Change,No Consistent Weather Pattern,81.68796497948176,3.0609406972502313,False,0.0,False,False,False,False,False,False,False,Normal,Normal,None,0.99,All monitored parameters remain within the learned normal operating pattern.,None,False,-3.0609406972502313,-0.08433478016294771,False
2026-01-05 00:00:00,25.889590681731317,75.36753829770005,1009.2481712756601,Normal,1,Normal,False,False,False,False,2.0076525523508764,-3.25948598453148,1.3140964056291295,Normal Change,No Consistent Weather Pattern,77.90894656161255,2.5414082639125013,False,0.0,False,False,False,False,False,False,False,Normal,Normal,None,0.99,All monitored parameters remain within the learned normal operating pattern.,None,False,-2.5414082639125013,-0.2745524382974602,False
2026-01-05 00:10:00,26.369766796136236,80.82332942686101,1009.0406850041048,Normal,1,Normal,False,False,False,False,0.4801761144049195,5.455791129160957,-0.2074862715552399,Normal Change,No Consistent Weather Pattern,76.9985483769812,3.824781049879803,False,0.0,False,False,False,False,False,False,False,Normal,Normal,None,0.99,All monitored parameters remain within the learned normal operating pattern.,None,False,3.824781049879803,-0.012425065854878474,False
2026-01-05 00:20:00,24.623883366119998,76.91731212091616,1008.7088928459103,Normal,1,Normal,False,False,False,False,-1.7458834300162387,-3.906017305944843,-0.3317921581945029,Normal Change,No Consistent Weather Pattern,80.29503159305588,3.3777194721397166,False,0.0,False,False,False,False,False,False,False,Normal,Normal,None,0.99,All monitored parameters remain within the learned normal operating pattern.,None,False,-3.3777194721397166,-0.5528017951259849,False
2026-01-05 00:30:00,26.77711392158483,76.65527375193265,1009.4743473401091,Normal,1,Normal,False,False,False,False,2.153230555464834,-0.26203836898351085,0.7654544941988206,Normal Change,No Consistent Weather Pattern,76.23389584684618,0.421377905086473,False,0.0,False,False,False,False,False,False,False,Normal,Normal,None,0.99,All monitored parameters remain within the learned normal operating pattern.,None,False,0.421377905086473,-0.6993634350992498,False
2026-01-05 00:40:00,26.189924552906614,78.56288354063972,1008.8076930651907,Normal,1,Normal,False,False,False,False,-0.5871893686782172,1.907609788707063,-0.6666542749184146,Normal Change,No Consistent Weather Pattern,77.3356175351922,1.2272660054475182,False,0.0,False,False,False,False,False,False,False,Normal,Normal,None,0.99,All monitored parameters remain within the learned normal operating pattern.,None,False,1.2272660054475182,-0.1403811969723177,False
2026-01-05 00:50:00,25.645549399684022,80.34171523724811,1008.8429612684969,Normal,1,Normal,False,False,False,False,-0.5443751532225924,1.7788316966083926,0.03526820330614555,Normal Change,No Consistent Weather Pattern,78.3652213116847,1.9764939255634033,False,0.0,False,False,False,False,False,False,False,Normal,Normal,None,0.99,All monitored parameters remain within the learned normal operating pattern.,None,False,1.9764939255634033,-0.21859279247503594,False
2026-01-05 01:00:00,26.544269584456334,75.89226817890061,1008.6486981173616,Normal,1,Normal,False,False,False,False,0.8987201847723121,-4.449447058347502,-0.19426315113526016,Normal Change,No Consistent Weather Pattern,76.6637170337437,0.7714488548430865,False,0.0,False,False,False,False,False,False,False,Normal,Normal,None,0.99,All monitored parameters remain within the learned normal operating pattern.,None,False,-0.7714488548430865,0.10847747072598476,False
2026-01-05 01:10:00,27.91645064223305,77.92356698771687,1009.3140523966806,Normal,1,Normal,False,False,False,False,1.3721810577767144,2.03129880881626,0.6653542793189899,Normal Change,No Consistent Weather Pattern,74.07792453919761,3.845642448519257,False,0.0,False,False,False,False,False,False,False,Normal,Normal,None,0.99,All monitored parameters remain within the learned normal operating pattern.,None,False,3.845642448519257,1.0209132867876645,False
2026-01-05 01:20:00,26.308804738472237,78.53100953181027,1009.2776421160326,Normal,1,Normal,False,False,False,False,-1.6076459037608117,0.6074425440934021,-0.03641028064805596,Normal Change,No Consistent Weather Pattern,77.11677808563323,1.414231446177041,False,0.0,False,False,False,False,False,False,False,Normal,Normal,None,0.99,All monitored parameters remain within the learned normal operating pattern.,None,False,1.414231446177041,0.6765490576872699,False
2026-01-05 01:30:00,26.426841279808343,78.92968159299014,1008.4438357117219,Normal,1,Normal,False,False,False,False,0.11803654133610664,0.398672061179866,-0.8338064043106215,Normal Change,No Consistent Weather Pattern,76.88314405713837,2.046537535851769,False,0.0,False,False,False,False,False,False,False,Normal,Normal,None,0.99,All monitored parameters remain within the learned normal operating pattern.,None,False,2.046537535851769,1.4514429159717679,False
2026-01-05 01:40:00,25.92724083298369,77.76342400532268,1008.1244421950765,Normal,1,Normal,False,False,False,False,-0.49960044682465465,-1.1662575876674595,-0.3193935166453912,Normal Change,No Consistent Weather Pattern,77.82364121787543,0.06021721255275736,False,0.0,False,False,False,False,False,False,False,Normal,Normal,None,0.99,All monitored parameters remain within the learned normal operating pattern.,None,False,-0.06021721255275736,1.3826436134518778,False
2026-01-05 01:50:00,25.682803826138375,76.54058567841294,1008.7100887465394,Normal,1,Normal,False,False,False,False,-0.24443700684531322,-1.2228383269097378,0.5856465514629008,Normal Change,No Consistent Weather Pattern,78.29312016371259,1.7525344852996483,False,0.0,False,False,False,False,False,False,False,Normal,Normal,None,0.99,All monitored parameters remain within the learned normal operating pattern.,None,False,-1.7525344852996483,0.9569578290594255,False
2026-01-05 02:00:00,27.09635553784697,75.4806457894794,1008.4391921350401,Normal,1,Normal,False,False,False,False,1.413551711708596,-1.0599398889335419,-0.27089661149932454,Normal Change,No Consistent Weather Pattern,75.6173453734561,0.13669958397670712,False,0.0,False,False,False,False,False,False,False,Normal,Normal,None,0.99,All monitored parameters remain within the learned normal operating pattern.,None,False,-0.13669958397670712,0.6550730419822669,False
2026-01-05 02:10:00,25.8180573628874,77.16643891886376,1008.8351977923265,Normal,1,Normal,False,False,False,False,-1.2782981749595699,1.6857931293843649,0.39600565728642323,Normal Change,No Consistent Weather Pattern,78.03899133059113,0.8725524117273693,False,0.0,False,False,False,False,False,False,False,Normal,Normal,None,0.99,All monitored parameters remain within the learned normal operating pattern.,None,False,-0.8725524117273693,0.6406296767130836,False
2026-01-05 02:20:00,26.63241653767201,74.70539488023579,1009.513541339364,Normal,1,Normal,False,False,False,False,0.8143591747846095,-2.461044038627975,0.678343547037457,Normal Change,No Consistent Weather Pattern,76.50794406060481,1.8025491803690272,False,0.0,False,False,False,False,False,False,False,Normal,Normal,None,0.99,All monitored parameters remain within the learned normal operating pattern.,None,False,-1.8025491803690272,-0.16625484169952845,False
2026-01-05 02:30:00,26.266649347484712,70.85974842321718,1008.6941443750817,Normal,1,Normal,False,False,False,False,-0.36576719018729875,-3.845646457018603,-0.8193969642823049,Normal Change,No Consistent Weather Pattern,77.1891391847256,6.329390761508421,False,0.0,False,False,False,False,False,False,False,Normal,Normal,None,0.99,All monitored parameters remain within the learned normal operating pattern.,None,False,-6.329390761508421,-1.2724865856545944,False
2026-01-05 02:40:00,27.106914052517286,77.425659224475,1008.9294643779157,Normal,1,Normal,False,False,False,False,0.840264705032574,6.5659108012578145,0.23532000283398702,Normal Change,No Consistent Weather Pattern,75.60354734469492,1.8221118797800813,False,0.0,False,False,False,False,False,False,False,Normal,Normal,None,0.99,All monitored parameters remain within the learned normal operating pattern.,None,False,1.8221118797800813,-1.3045473936648355,False
2026-01-05 02:50:00,27.066927852190766,78.20787334624998,1009.0080734235772,Normal,1,Normal,False,False,False,False,-0.03998620032652056,0.7822141217749845,0.07860904566155114,Normal Change,No Consistent Weather Pattern,75.68013086097926,2.5277424852707213,False,0.0,False,False,False,False,False,False,False,Normal,Normal,None,0.99,All monitored parameters remain within the learned normal operating pattern.,None,False,2.5277424852707213,-0.9348388654043386,False
2026-01-05 03:00:00,27.707580621150754,71.51903779742746,1009.4315657823118,Normal,1,Normal,False,False,False,False,0.6406527689599884,-6.688835548822524,0.4234923587346202,Normal Change,No Consistent Weather Pattern,74.4742779395017,2.9552401420742456,False,0.0,False,False,False,False,False,False,False,Normal,Normal,None,0.99,All monitored parameters remain within the learned normal operating pattern.,None,False,-2.9552401420742456,-1.106653959229281,False
2026-01-05 03:10:00,26.548337484891505,74.06783738262952,1007.9122934222164,Normal,1,Normal,False,False,False,False,-1.1592431362592492,2.5487995852020617,-1.5192723600954423,Normal Change,No Consistent Weather Pattern,76.64676917645983,2.578931793830307,False,0.0,False,False,False,False,False,False,False,Normal,Normal,None,0.99,All monitored parameters remain within the learned normal operating pattern.,None,False,-2.578931793830307,-1.4555442749226526,False
2026-01-05 03:20:00,26.820472451562477,77.16556372241605,1008.7608723083521,Normal,1,Normal,False,False,False,False,0.27213496667097203,3.097726339786533,0.8485788861356696,Normal Change,No Consistent Weather Pattern,76.14295591812373,1.0226078042923206,False,0.0,False,False,False,False,False,False,False,Normal,Normal,None,0.99,All monitored parameters remain within the learned normal operating pattern.,None,False,1.0226078042923206,-1.1848071012055539,False
2026-01-05 03:30:00,26.3345710088235,79.87982697652471,1009.1984424328084,Normal,1,Normal,False,False,False,False,-0.48590144273897806,2.7142632541086584,0.4375701244563288,Normal Change,No Consistent Weather Pattern,77.06707042339714,2.8127565531275707,False,0.0,False,False,False,False,False,False,False,Normal,Normal,None,0.99,All monitored parameters remain within the learned normal operating pattern.,None,False,2.8127565531275707,-0.52547771070604,False
2026-01-05 03:40:00,26.84451219306014,75.64169381310876,1009.7215090967107,Normal,1,Normal,False,False,False,False,0.5099411842366415,-4.238133163415952,0.5230666639023411,Normal Change,No Consistent Weather Pattern,76.10958411043504,0.46789029732627796,False,0.0,False,False,False,False,False,False,False,Normal,Normal,None,0.99,All monitored parameters remain within the learned normal operating pattern.,None,False,-0.46789029732627796,0.3118794984628376,False
2026-01-05 03:50:00,27.585274242432003,73.97712642154949,1008.9042754548461,Normal,1,Normal,False,False,False,False,0.7407620493718632,-1.6645673915592738,-0.8172336418646182,Normal Change,No Consistent Weather Pattern,74.6988738904586,0.7217474689091148,False,0.0,False,False,False,False,False,False,False,Normal,Normal,None,0.99,All monitored parameters remain within the learned normal operating pattern.,None,False,-0.7217474689091148,-0.05152897992133327,False
2026-01-05 04:00:00,27.973600554799813,74.89818779482327,1008.2407925325113,Normal,1,Normal,False,False,False,False,0.3883263123678091,0.9210613732737869,-0.6634829223348788,Normal Change,No Consistent Weather Pattern,73.95638865805068,0.9417991367725875,False,0.0,False,False,False,False,False,False,False,Normal,Normal,None,0.99,All monitored parameters remain within the learned normal operating pattern.,None,False,0.9417991367725875,-0.27809231542106666,False
2026-01-05 04:10:00,26.715908085285662,77.84247214904086,1009.5178490723057,Normal,1,Normal,False,False,False,False,-1.2576924695141507,2.9442843542175865,1.2770565397944438,Normal Change,No Consistent Weather Pattern,76.35015449879714,1.49231765024372,False,0.0,False,False,False,False,False,False,False,Normal,Normal,None,0.99,All monitored parameters remain within the learned normal operating pattern.,None,False,1.49231765024372,0.35727308348149983,False
2026-01-05 04:20:00,28.23597631377895,73.6274884863621,1008.9193159773417,Normal,1,Normal,False,False,False,False,1.5200682284932867,-4.214983662678762,-0.5985330949639547,Normal Change,No Consistent Weather Pattern,73.46888775789597,0.15860072846612638,False,0.0,False,False,False,False,False,False,False,Normal,Normal,None,0.99,All monitored parameters remain within the learned normal operating pattern.,None,False,0.15860072846612638,0.748349158095276,False
2026-01-05 04:30:00,28.71243891896911,73.14575872284921,1008.6712441171156,Normal,1,Normal,False,False,False,False,0.4764626051901608,-0.4817297635128881,-0.24807186022610495,Normal Change,No Consistent Weather Pattern,72.56499989166622,0.5807588311829903,False,0.0,False,False,False,False,False,False,False,Normal,Normal,None,0.99,All monitored parameters remain within the learned normal operating pattern.,None,False,0.5807588311829903,0.6852278762225146,False
2026-01-05 04:40:00,28.047264306035427,73.601480188723,1008.9830585653567,Normal,1,Normal,False,False,False,False,-0.6651746129336829,0.45572146587379336,0.31181444824107984,Normal Change,No Consistent Weather Pattern,73.82645577025332,0.22497558153031605,False,0.0,False,False,False,False,False,False,False,Normal,Normal,None,0.99,All monitored parameters remain within the learned normal operating pattern.,None,False,-0.22497558153031605,0.25126614269995934,False
2026-01-05 04:50:00,29.30745597744345,72.48130412868858,1009.2321930123876,Normal,1,Normal,False,False,False,False,1.2601916714080232,-1.1201760600344244,0.24913444703088317,Normal Change,No Consistent Weather Pattern,71.44715085678925,1.0341532718993278,False,0.0,False,False,False,False,False,False,False,Normal,Normal,None,0.99,All monitored parameters remain within the learned normal operating pattern.,None,False,1.0341532718993278,0.4658437954464745,False
2026-01-05 05:00:00,27.277370232774555,74.45253744787476,1009.0513754791262,Normal,1,Normal,False,False,False,False,-2.030085744668895,1.971233319186183,-0.1808175332613473,Normal Change,No Consistent Weather Pattern,75.28282647153341,0.8302890236586506,False,0.0,False,False,False,False,False,False,False,Normal,Normal,None,0.99,All monitored parameters remain within the learned normal operating pattern.,None,False,-0.8302890236586506,0.4503378590536836,False
2026-01-05 05:10:00,26.991903190678208,77.27410301028443,1008.2803216571483,Normal,1,Normal,False,False,False,False,-0.28546704209634655,2.821565562409674,-0.7710538219779437,Normal Change,No Consistent Weather Pattern,75.81281905657069,1.461283953713746,False,0.0,False,False,False,False,False,False,False,Normal,Normal,None,0.99,All monitored parameters remain within the learned normal operating pattern.,None,False,1.461283953713746,0.5245499757595634,False
2026-01-05 05:20:00,26.656682650070156,74.4868408478449,1009.8610564710235,Normal,1,Normal,False,False,False,False,-0.3352205406080522,-2.787262162439532,1.5807348138752104,Normal Change,No Consistent Weather Pattern,76.46643673451294,1.9795958866680365,False,0.0,False,False,False,False,False,False,False,Normal,Normal,None,0.99,All monitored parameters remain within the learned normal operating pattern.,None,False,-1.9795958866680365,0.028562327629312483,False
2026-01-05 05:30:00,29.369295843585007,73.1503722069601,1010.0794384449445,Normal,1,Normal,False,False,False,False,2.7126131935148514,-1.336468640884803,0.21838197392094116,Normal Change,No Consistent Weather Pattern,71.34089113732526,1.8094810696348418,False,0.0,False,False,False,False,False,False,False,Normal,Normal,None,0.99,All monitored parameters remain within the learned normal operating pattern.,None,False,1.8094810696348418,0.2644023763677004,False
2026-01-05 05:40:00,28.78948692028231,72.88438867177078,1009.7972953829081,Normal,1,Normal,False,False,False,False,-0.5798089233026964,-0.2659835351893207,-0.2821430620363117,Normal Change,No Consistent Weather Pattern,72.43349352637927,0.4508951453915131,False,0.0,False,False,False,False,False,False,False,Normal,Normal,None,0.99,All monitored parameters remain within the learned normal operating pattern.,None,False,0.4508951453915131,0.24585042125463222,False
2026-01-05 05:50:00,28.315755627593617,70.15317165396272,1008.9322779669303,Normal,1,Normal,False,False,False,False,-0.47373129268869363,-2.7312170178080635,-0.8650174159778317,Normal Change,No Consistent Weather Pattern,73.31822509767917,3.1650534437164595,False,0.0,False,False,False,False,False,False,False,Normal,Normal,None,0.99,All monitored parameters remain within the learned normal operating pattern.,None,False,-3.1650534437164595,-0.17416070191481683,False
2026-01-05 06:00:00,28.679084436995623,74.85600048241479,1009.4300114375014,Normal,1,Normal,False,False,False,False,0.36332880940200596,4.70282882845207,0.49773347057112005,Normal Change,No Consistent Weather Pattern,72.63759618458117,2.218404297833615,False,0.0,False,False,False,False,False,False,False,Normal,Normal,None,0.99,All monitored parameters remain within the learned normal operating pattern.,None,False,2.218404297833615,-0.004981983924204363,False
2026-01-05 06:10:00,27.650223642992326,72.74309584431234,1009.5571799670693,Normal,1,Normal,False,False,False,False,-1.0288607940032968,-2.1129046381024494,0.12716852956782532,Normal Change,No Consistent Weather Pattern,74.58429242560396,1.8411965812916264,False,0.0,False,False,False,False,False,False,False,Normal,Normal,None,0.99,All monitored parameters remain within the learned normal operating pattern.,None,False,-1.8411965812916264,-0.14939734930034376,False
2026-01-05 06:20:00,30.60330270531073,72.34563792958421,1009.8895652832875,Normal,1,Normal,False,False,False,False,2.953079062318402,-0.39745791472812186,0.3323853162182786,Normal Change,No Consistent Weather Pattern,69.00557076230547,3.3400671672787468,False,0.0,False,False,False,False,False,False,False,Normal,Normal,None,0.99,All monitored parameters remain within the learned normal operating pattern.,None,False,3.3400671672787468,0.11900025263751347,False
2026-01-05 06:30:00,28.84670669368417,78.89955563948175,1009.954106861626,Normal,1,Normal,False,False,False,False,-1.7565960116265593,6.553917709897533,0.0645415783384351,Normal Change,No Consistent Weather Pattern,72.32728880551335,6.572266833968399,True,1.0,False,False,False,False,False,False,False,Normal,Normal,None,0.99,All monitored parameters remain within the learned normal operating pattern.,None,False,6.572266833968399,1.340694927014147,False
2026-01-05 06:40:00,28.92797786839903,72.91658175130114,1009.282656328785,Normal,1,Normal,False,False,False,False,0.08127117471486045,-5.982973888180609,-0.6714505328409359,Normal Change,No Consistent Weather Pattern,72.16520197550749,0.7513797757936516,False,1.0,False,False,False,False,False,False,False,Normal,Normal,None,0.99,All monitored parameters remain within the learned normal operating pattern.,None,False,0.7513797757936516,1.1895375993225485,False
2026-01-05 06:50:00,29.518672345133496,70.62029980778054,1009.7205827128294,Normal,1,Normal,False,False,False,False,0.5906944767344662,-2.2962819435205972,0.4379263840443173,Normal Change,No Consistent Weather Pattern,71.05397841703805,0.43367860925751245,False,1.0,False,False,False,False,False,False,False,Normal,Normal,None,0.99,All monitored parameters remain within the learned normal operating pattern.,None,False,-0.43367860925751245,1.0631699200869735,False
2026-01-05 07:00:00,29.420889057697924,71.07512146297181,1009.938098948796,Normal,1,Normal,False,False,False,False,-0.09778328743557196,0.4548216551912674,0.2175162359666274,Normal Change,No Consistent Weather Pattern,71.24157556736935,0.1664541043975447,False,0.0,False,False,False,False,False,False,False,Normal,Normal,None,0.99,All monitored parameters remain within the learned normal operating pattern.,None,False,-0.1664541043975447,1.4915412542753899,False
2026-01-05 07:10:00,29.31359784474624,74.02791016774763,1010.4672728315054,Normal,1,Normal,False,False,False,False,-0.10729121295168298,2.952788704775827,0.529173882709415,Normal Change,No Consistent Weather Pattern,71.45106563635454,2.5768445313930926,False,0.0,False,False,False,False,False,False,False,Normal,Normal,None,0.99,All monitored parameters remain within the learned normal operating pattern.,None,False,2.5768445313930926,1.5427470019267437,False
2026-01-05 07:20:00,28.600866899592194,71.76004789317864,1010.1215439801089,Normal,1,Normal,False,False,False,False,-0.7127309451540462,-2.267862274568998,-0.34572885139652954,Normal Change,No Consistent Weather Pattern,72.7941624566627,1.0341145634840672,False,0.0,False,False,False,False,False,False,False,Normal,Normal,None,0.99,All monitored parameters remain within the learned normal operating pattern.,None,False,-1.0341145634840672,1.6580444330421094,False
2026-01-05 07:30:00,29.709484293757093,68.45882482726867,1010.1937712105959,Normal,1,Normal,False,False,False,False,1.1086173941648987,-3.3012230659099657,0.07222723048698754,Normal Change,No Consistent Weather Pattern,70.69919015649594,2.2403653292272736,False,0.0,False,False,False,False,False,False,False,Normal,Normal,None,0.99,All monitored parameters remain within the learned normal operating pattern.,None,False,-2.2403653292272736,0.8608397906841064,False
2026-01-05 07:40:00,30.937259951501446,72.97517716050757,1009.8711284533415,Normal,1,Normal,False,False,False,False,1.2277756577443526,4.516352333238899,-0.3226427572543571,Normal Change,No Consistent Weather Pattern,68.37398104486229,4.60119611564528,False,0.0,False,False,False,False,False,False,False,Normal,Normal,None,0.99,All monitored parameters remain within the learned normal operating pattern.,None,False,4.60119611564528,0.5792582594950895,False
2026-01-05 07:50:00,30.607534929139042,69.6013140444919,1010.5644340969988,Normal,1,Normal,False,False,False,False,-0.3297250223624033,-3.37386311601567,0.6933056436572542,Normal Change,No Consistent Weather Pattern,69.00605337408383,0.5952606704080665,False,0.0,False,False,False,False,False,False,False,Normal,Normal,None,0.99,All monitored parameters remain within the learned normal operating pattern.,None,False,0.5952606704080665,0.5569555301542916,False
2026-01-05 08:00:00,30.905494621191863,74.4847049126744,1010.0940894150281,Normal,1,Normal,False,False,False,False,0.2979596920528209,4.883390868182502,-0.4703446819706869,Normal Change,No Consistent Weather Pattern,68.43683736539604,6.047867547278358,False,0.0,False,False,False,False,False,False,False,Normal,Normal,None,0.99,All monitored parameters remain within the learned normal operating pattern.,None,False,6.047867547278358,1.4828906953737016,False
2026-01-05 08:10:00,29.321867119019544,72.69841681110032,1009.48867865591,Normal,1,Normal,False,False,False,False,-1.5836275021723196,-1.7862881015740868,-0.6054107591180582,Normal Change,No Consistent Weather Pattern,71.4231303682111,1.275286442889211,False,0.0,False,False,False,False,False,False,False,Normal,Normal,None,0.99,All monitored parameters remain within the learned normal operating pattern.,None,False,1.275286442889211,1.688853630700381,False
2026-01-05 08:20:00,29.03915802042625,69.44367245541626,1010.6509302838591,Normal,1,Normal,False,False,False,False,-0.2827090985932941,-3.2547443556840534,1.1622516279491037,Normal Change,No Consistent Weather Pattern,71.97221255889406,2.528540103477795,False,0.0,False,False,False,False,False,False,False,Normal,Normal,None,0.99,All monitored parameters remain within the learned normal operating pattern.,None,False,-2.528540103477795,0.9595129685759686,False
2026-01-05 08:30:00,29.83028235353667,72.70020894423745,1010.3282247084594,Normal,1,Normal,False,False,False,False,0.791124333110421,3.256536488821183,-0.32270557539970923,Normal Change,No Consistent Weather Pattern,70.47250738139456,2.2277015628428813,False,0.0,False,False,False,False,False,False,False,Normal,Normal,None,0.99,All monitored parameters remain within the learned normal operating pattern.,None,False,2.2277015628428813,1.4254867009083898,False
2026-01-05 08:40:00,30.07558952210342,70.07369183650987,1009.7877809118462,Normal,1,Normal,False,False,False,False,0.24530716856675028,-2.6265171077275795,-0.5404437966132036,Normal Change,No Consistent Weather Pattern,70.00195160826246,0.07174022824740689,False,0.0,False,False,False,False,False,False,False,Normal,Normal,None,0.99,All monitored parameters remain within the learned normal operating pattern.,None,False,0.07174022824740689,1.755787494833344,False
2026-01-05 08:50:00,31.00644808143857,71.44335761692082,1009.7995853567836,Normal,1,Normal,False,False,False,False,0.9308585593351495,1.3696657804109549,0.011804444937411063,Normal Change,No Consistent Weather Pattern,68.2422790771954,3.2010785397254153,False,0.0,False,False,False,False,False,False,False,Normal,Normal,None,0.99,All monitored parameters remain within the learned normal operating pattern.,None,False,3.2010785397254153,1.5557706982733635,False
2026-01-05 09:00:00,28.877155896054138,70.50721043493695,1010.2176445900969,Normal,1,Normal,False,False,False,False,-2.1292921853844327,-0.9361471819838698,0.41805923331332906,Normal Change,No Consistent Weather Pattern,72.27303644937031,1.7658260144333582,False,0.0,False,False,False,False,False,False,False,Normal,Normal,None,0.99,All monitored parameters remain within the learned normal operating pattern.,None,False,-1.7658260144333582,1.2184726004388742,False
2026-01-05 09:10:00,31.55470795543295,67.64515129028933,1010.3309672426877,Normal,1,Normal,False,False,False,False,2.6775520593788116,-2.862059144647617,0.11332265259079577,Normal Change,No Consistent Weather Pattern,67.21245446098918,0.4326968293001556,False,0.0,False,False,False,False,False,False,False,Normal,Normal,None,0.99,All monitored parameters remain within the learned normal operating pattern.,None,False,0.4326968293001556,0.41630535501341676,False
2026-01-05 09:20:00,30.30446879313969,67.8511501113593,1010.2280290480909,Normal,1,Normal,False,False,False,False,-1.2502391622932585,0.20599882106996859,-0.10293819459684528,Normal Change,No Consistent Weather Pattern,69.57478163910217,1.7236315277428673,False,0.0,False,False,False,False,False,False,False,Normal,Normal,None,0.99,All monitored parameters remain within the learned normal operating pattern.,None,False,-1.7236315277428673,-0.012111497934023012,False
2026-01-05 09:30:00,30.189004978688708,70.99890196586904,1010.3150323581192,Normal,1,Normal,False,False,False,False,-0.1154638144509832,3.1477518545097354,0.08700331002830808,Normal Change,No Consistent Weather Pattern,69.79416377028195,1.2047381955870833,False,0.0,False,False,False,False,False,False,False,Normal,Normal,None,0.99,All monitored parameters remain within the learned normal operating pattern.,None,False,1.2047381955870833,0.5212139733609595,False
2026-01-05 09:40:00,29.82024843520481,68.07058546496103,1011.0393358452162,Normal,1,Normal,False,False,False,False,-0.3687565434838973,-2.9283165009080108,0.7243034870970178,Normal Change,No Consistent Weather Pattern,70.50041624036743,2.4298307754064012,False,0.0,False,False,False,False,False,False,False,Normal,Normal,None,0.99,All monitored parameters remain within the learned normal operating pattern.,None,False,-2.4298307754064012,-0.1441477892460808,False
2026-01-05 09:50:00,29.405216229642654,67.73449993924547,1010.7550888970901,Normal,1,Normal,False,False,False,False,-0.4150322055621558,-0.3360855257155606,-0.2842469481261105,Normal Change,No Consistent Weather Pattern,71.28147598719134,3.5469760479458756,False,0.0,False,False,False,False,False,False,False,Normal,Normal,None,0.99,All monitored parameters remain within the learned normal operating pattern.,None,False,-3.5469760479458756,-0.6611072572736926,False
2026-01-05 10:00:00,31.486515451003132,66.4337968736341,1010.3445733041717,Normal,1,Normal,False,False,False,False,2.081299221360478,-1.3007030656113727,-0.4105155929183866,Normal Change,No Consistent Weather Pattern,67.34154583669732,0.9077489630632272,False,0.0,False,False,False,False,False,False,False,Normal,Normal,None,0.99,All monitored parameters remain within the learned normal operating pattern.,None,False,-0.9077489630632272,-1.2480826148149273,False
2026-01-05 10:10:00,30.985178930394873,68.99414901789862,1010.7498240112213,Normal,1,Normal,False,False,False,False,-0.501336520608259,2.5603521442645274,0.40525070704961763,Normal Change,No Consistent Weather Pattern,68.29443461326127,0.6997144046373478,False,0.0,False,False,False,False,False,False,False,Normal,Normal,None,0.99,All monitored parameters remain within the learned normal operating pattern.,None,False,0.6997144046373478,-0.8958625549476835,False
2026-01-05 10:20:00,29.99273006990928,72.07565225908205,1009.792792008816,Normal,1,Normal,False,False,False,False,-0.9924488604855952,3.0815032411834267,-0.957032002405299,Normal Change,No Consistent Weather Pattern,70.15866331846428,1.9169889406177703,False,0.0,False,False,False,False,False,False,False,Normal,Normal,None,0.99,All monitored parameters remain within the learned normal operating pattern.,None,False,1.9169889406177703,-0.6838208247594528,False
2026-01-05 10:30:00,30.086399318320257,65.62000949954916,1010.5378717582543,Normal,1,Normal,False,False,False,False,0.09366924841097912,-6.455642759532893,0.7450797494382186,Normal Change,No Consistent Weather Pattern,69.99094470419121,4.370935204642052,False,0.0,False,False,False,False,False,False,False,Normal,Normal,None,0.99,All monitored parameters remain within the learned normal operating pattern.,None,False,-4.370935204642052,-1.0620070643164792,False
2026-01-05 10:40:00,30.951148253581046,67.60888688731923,1011.2733817224254,Normal,1,Normal,False,False,False,False,0.8647489352607884,1.9888773877700743,0.7355099641711149,Normal Change,No Consistent Weather Pattern,68.36535245487309,0.7564655675538603,False,0.0,False,False,False,False,False,False,False,Normal,Normal,None,0.99,All monitored parameters remain within the learned normal operating pattern.,None,False,-0.7564655675538603,-1.3421790304794712,False
2026-01-05 10:50:00,32.65181803892365,70.1912394734466,1010.2894889677378,Normal,1,Normal,False,False,False,False,1.7006697853426047,2.582352586127371,-0.9838927546875311,Normal Change,No Consistent Weather Pattern,65.13780774472433,5.053431728722273,False,0.0,False,False,False,False,False,False,False,Normal,Normal,None,0.99,All monitored parameters remain within the learned normal operating pattern.,None,False,5.053431728722273,-0.2731415298896605,False
2026-01-05 11:00:00,31.2052248657149,67.014921323897,1010.0044383883194,Normal,1,Normal,False,False,False,False,-1.4465931732087505,-3.1763181495496013,-0.2850505794184528,Normal Change,No Consistent Weather Pattern,67.86905976719535,0.8541384432983534,False,0.0,False,False,False,False,False,False,False,Normal,Normal,None,0.99,All monitored parameters remain within the learned normal operating pattern.,None,False,-0.8541384432983534,0.11154955648855694,False
2026-01-05 11:10:00,30.306114440144057,67.88748598722238,1010.1319114345707,Normal,1,Normal,False,False,False,False,-0.8991104255708429,0.8725646633253774,0.12747304625133893,Normal Change,No Consistent Weather Pattern,69.57046219029225,1.6829762030698703,False,0.0,False,False,False,False,False,False,False,Normal,Normal,None,0.99,All monitored parameters remain within the learned normal operating pattern.,None,False,-1.6829762030698703,0.0008028079161793553,False
2026-01-05 11:20:00,31.407160567161124,64.66770290684649,1009.9427939995009,Normal,1,Normal,False,False,False,False,1.1010461270170673,-3.2197830803758904,-0.18911743506987477,Normal Change,No Consistent Weather Pattern,67.48651827215323,2.8188153653067474,False,0.0,False,False,False,False,False,False,False,Normal,Normal,None,0.99,All monitored parameters remain within the learned normal operating pattern.,None,False,-2.8188153653067474,-0.5018443020758342,False
2026-01-05 11:30:00,31.48005961295348,67.46013725691208,1010.1248353451006,Normal,1,Normal,False,False,False,False,0.0728990457923544,2.792434350065591,0.18204134559971408,Normal Change,No Consistent Weather Pattern,67.35098849886043,0.1091487580516457,False,0.0,False,False,False,False,False,False,False,Normal,Normal,None,0.99,All monitored parameters remain within the learned normal operating pattern.,None,False,0.1091487580516457,-0.7601071852995663,False
2026-01-05 11:40:00,29.634531971434882,66.04162889841463,1010.361516206066,Normal,1,Normal,False,False,False,False,-1.845527641518597,-1.4185083584974478,0.2366808609654072,Normal Change,No Consistent Weather Pattern,70.84299888777085,4.801369989356218,False,0.0,False,False,False,False,False,False,False,Normal,Normal,None,0.99,All monitored parameters remain within the learned normal operating pattern.,None,False,-4.801369989356218,-0.8215978688301614,False
2026-01-05 11:50:00,31.841689981299133,68.20120824233295,1009.8734859158819,Normal,1,Normal,False,False,False,False,2.2071580098642514,2.159579343918324,-0.4880302901840423,Normal Change,No Consistent Weather Pattern,66.66415382257574,1.5370544197572116,False,0.0,False,False,False,False,False,False,False,Normal,Normal,None,0.99,All monitored parameters remain within the learned normal operating pattern.,None,False,1.5370544197572116,-0.4939521563571511,False
2026-01-05 12:00:00,31.79270730359147,68.41986224761267,1010.6135200206687,Normal,1,Normal,False,False,False,False,-0.04898267770766296,0.218654005279717,0.7400341047867869,Normal Change,No Consistent Weather Pattern,66.76606027514251,1.6538019724701627,False,0.0,False,False,False,False,False,False,False,Normal,Normal,None,0.99,All monitored parameters remain within the learned normal operating pattern.,None,False,1.6538019724701627,-0.9796135501074527,False
2026-01-05 12:10:00,32.62595653301446,71.04114440170977,1011.0862301769074,Normal,1,Normal,False,False,False,False,0.8332492294229894,2.621282154097102,0.4727101562386906,Normal Change,No Consistent Weather Pattern,65.19671567221374,5.84442872949603,False,0.0,False,False,False,False,False,False,False,Normal,Normal,None,0.99,All monitored parameters remain within the learned normal operating pattern.,None,False,5.84442872949603,-0.022675382565397837,False
2026-01-05 12:20:00,33.6388636039664,66.8398688904069,1010.210530600424,Normal,1,Normal,False,False,False,False,1.0129070709519397,-4.2012755113028675,-0.8756995764833846,Normal Change,No Consistent Weather Pattern,63.270770718546714,3.5690981718601904,False,0.0,False,False,False,False,False,False,False,Normal,Normal,None,0.99,All monitored parameters remain within the learned normal operating pattern.,None,False,3.5690981718601904,0.7276209567103251,False
2026-01-05 12:30:00,33.150792457560506,66.15251176531973,1011.4533011794072,Normal,1,Normal,False,False,False,False,-0.48807114640589333,-0.6873571250871748,1.2427705789831407,Normal Change,No Consistent Weather Pattern,64.20910930511816,1.9434024602015683,False,0.0,False,False,False,False,False,False,False,Normal,Normal,None,0.99,All monitored parameters remain within the learned normal operating pattern.,None,False,1.9434024602015683,1.4079377889257987,False
2026-01-05 12:40:00,32.12336959899539,65.71180750027617,1010.9782362846573,Normal,1,Normal,False,False,False,False,-1.0274228585651173,-0.4407042650435642,-0.4750648947498348,Normal Change,No Consistent Weather Pattern,66.14551639830259,0.4337088980264241,False,0.0,False,False,False,False,False,False,False,Normal,Normal,None,0.99,All monitored parameters remain within the learned normal operating pattern.,None,False,-0.4337088980264241,1.3303866952003602,False
2026-01-05 12:50:00,31.541262707452294,64.44070054548736,1011.2672391278084,Normal,1,Normal,False,False,False,False,-0.5821068915430949,-1.2711069547888059,0.28900284315102454,Normal Change,No Consistent Weather Pattern,67.24964305612878,2.8089425106414154,False,0.0,False,False,False,False,False,False,False,Normal,Normal,None,0.99,All monitored parameters remain within the learned normal operating pattern.,None,False,-2.8089425106414154,1.6150191921596178,False
2026-01-05 13:00:00,34.57220165505811,65.64994006200693,1010.452064807803,Normal,1,Normal,False,False,False,False,3.030938947605815,1.209239516519574,-0.8151743200053261,Normal Change,No Consistent Weather Pattern,61.50929855519743,4.1406415068095015,False,0.0,False,False,False,False,False,False,False,Normal,Normal,None,0.99,All monitored parameters remain within the learned normal operating pattern.,None,False,4.1406415068095015,1.9869602045956591,False
2026-01-05 13:10:00,32.64691155197359,64.21012357019795,1011.2371996940092,Normal,1,Normal,False,False,False,False,-1.9252901030845209,-1.4398164918089833,0.7851348862061514,Normal Change,No Consistent Weather Pattern,65.15899730883726,0.9488737386393069,False,0.0,False,False,False,False,False,False,False,Normal,Normal,None,0.99,All monitored parameters remain within the learned normal operating pattern.,None,False,-0.9488737386393069,1.6151493887228778,False
2026-01-05 13:20:00,32.69566136792019,64.96788608375957,1010.2928439707638,Normal,1,Normal,False,False,False,False,0.048749815946599995,0.757762513561616,-0.9443557232453941,Normal Change,No Consistent Weather Pattern,65.05496256127807,0.087076477518508,False,0.0,False,False,False,False,False,False,False,Normal,Normal,None,0.99,All monitored parameters remain within the learned normal operating pattern.,None,False,-0.087076477518508,0.7677915020065151,False
2026-01-05 13:30:00,32.74912307225246,67.098348787335,1011.3127244634608,Normal,1,Normal,False,False,False,False,0.053461704332271154,2.130462703575432,1.0198804926969842,Normal Change,No Consistent Weather Pattern,64.96671224853134,2.1316365388036616,False,0.0,False,False,False,False,False,False,False,Normal,Normal,None,0.99,All monitored parameters remain within the learned normal operating pattern.,None,False,2.1316365388036616,0.5624398401412967,False
2026-01-05 13:40:00,33.00968660784338,62.28447727098253,1010.9822232418943,Normal,1,Normal,False,False,False,False,0.2605635355909186,-4.813871516352471,-0.33050122156646466,Normal Change,No Consistent Weather Pattern,64.4699529651032,2.185475694120676,False,0.0,False,False,False,False,False,False,False,Normal,Normal,None,0.99,All monitored parameters remain within the learned normal operating pattern.,None,False,-2.185475694120676,-0.027399896190452466,False
2026-01-05 13:50:00,32.817383393225995,66.41401367672779,1011.2015422318076,Normal,1,Normal,False,False,False,False,-0.19230321461738242,4.129536405745263,0.21931898991329035,Normal Change,No Consistent Weather Pattern,64.83626603260231,1.5777476441254805,False,0.0,False,False,False,False,False,False,False,Normal,Normal,None,0.99,All monitored parameters remain within the learned normal operating pattern.,None,False,1.5777476441254805,0.25995103840267675,False
2026-01-05 14:00:00,32.554419581547634,66.60753176057608,1010.365639692671,Normal,1,Normal,False,False,False,False,-0.262963811678361,0.19351808384828928,-0.8359025391365549,Normal Change,No Consistent Weather Pattern,65.3229002535247,1.2846315070513867,False,0.0,False,False,False,False,False,False,False,Normal,Normal,None,0.99,All monitored parameters remain within the learned normal operating pattern.,None,False,1.2846315070513867,0.8447473266445057,False
2026-01-05 14:10:00,32.65513178470973,63.57862507061376,1010.5343269141378,Normal,1,Normal,False,False,False,False,0.10071220316209661,-3.0289066899623194,0.1686872214667119,Normal Change,No Consistent Weather Pattern,65.13462085086314,1.5559957802493827,False,0.0,False,False,False,False,False,False,False,Normal,Normal,None,0.99,All monitored parameters remain within the learned normal operating pattern.,None,False,-1.5559957802493827,0.030941999921807906,False
2026-01-05 14:20:00,33.14444658819286,59.4149917932515,1011.308802402166,Normal,1,Normal,False,False,False,False,0.4893148034831256,-4.163633277362258,0.7744754880282017,Normal Change,No Consistent Weather Pattern,64.21928989984286,4.804298106591361,False,0.0,False,False,False,False,False,False,False,Normal,Normal,None,0.99,All monitored parameters remain within the learned normal operating pattern.,None,False,-4.804298106591361,-0.5198329097856283,False
2026-01-05 14:30:00,32.812668896555564,62.28953859888598,1010.5642395283651,Normal,1,Normal,False,False,False,False,-0.3317776916372921,2.8745468056344805,-0.7445628738008736,Normal Change,No Consistent Weather Pattern,64.83716741844543,2.547628819559449,False,0.0,False,False,False,False,False,False,False,Normal,Normal,None,0.99,All monitored parameters remain within the learned normal operating pattern.,None,False,-2.547628819559449,-0.8713403872200486,False
2026-01-05 14:40:00,32.752590074575146,65.94825569168846,1011.298137865486,Normal,1,Normal,False,False,False,False,-0.060078821980418695,3.658717092802476,0.7338983371208769,Normal Change,No Consistent Weather Pattern,64.95997439019183,0.9882813014966274,False,0.0,False,False,False,False,False,False,False,Normal,Normal,None,0.99,All monitored parameters remain within the learned normal operating pattern.,None,False,0.9882813014966274,-1.034676849692482,False
2026-01-05 14:50:00,33.482137105640255,63.16027802842876,1010.4109801389584,Normal,1,Normal,False,False,False,False,0.7295470310651098,-2.7879776632596958,-0.8871577265275619,Normal Change,No Consistent Weather Pattern,63.569587541609785,0.4093095131810216,False,0.0,False,False,False,False,False,False,False,Normal,Normal,None,0.99,All monitored parameters remain within the learned normal operating pattern.,None,False,-0.4093095131810216,-0.78093882384396,False
2026-01-05 15:00:00,33.2657758989486,61.061880189639616,1011.546540798047,Normal,1,Normal,False,False,False,False,-0.21636120669165848,-2.098397838789147,1.1355606590885827,Normal Change,No Consistent Weather Pattern,63.99290117114925,2.931020981509633,False,0.0,False,False,False,False,False,False,False,Normal,Normal,None,0.99,All monitored parameters remain within the learned normal operating pattern.,None,False,-2.931020981509633,-1.425048627506119,False
2026-01-05 15:10:00,34.74432617655375,61.90818658616837,1010.5339842145966,Normal,1,Normal,False,False,False,False,1.4785502776051516,0.8463063965287532,-1.0125565834504187,Normal Change,No Consistent Weather Pattern,61.18492088826149,0.7232656979068821,False,0.0,False,False,False,False,False,False,False,Normal,Normal,None,0.99,All monitored parameters remain within the learned normal operating pattern.,None,False,0.7232656979068821,-1.505243743098191,False
2026-01-05 15:20:00,31.49031080930456,64.45906674097117,1011.4540727670682,Normal,1,Normal,False,False,False,False,-3.2540153672491883,2.5508801548027975,0.9200885524716114,Normal Change,No Consistent Weather Pattern,67.34831810280382,2.889251361832649,False,0.0,False,False,False,False,False,False,False,Normal,Normal,None,0.99,All monitored parameters remain within the learned normal operating pattern.,None,False,-2.889251361832649,-1.6957088261815148,False
2026-01-05 15:30:00,34.55279972835775,63.734278642763215,1011.5182971640664,Normal,1,Normal,False,False,False,False,3.0624889190531874,-0.7247880982079522,0.0642243969982701,Normal Change,No Consistent Weather Pattern,61.55938219537257,2.174896447390644,False,0.0,False,False,False,False,False,False,False,Normal,Normal,None,0.99,All monitored parameters remain within the learned normal operating pattern.,None,False,2.174896447390644,-0.6986810327555142,False
2026-01-05 15:40:00,34.743495255080475,62.02888159949586,1010.8845338984239,Normal,1,Normal,False,False,False,False,0.1906955267227275,-1.7053970432673538,-0.6337632656425285,Normal Change,No Consistent Weather Pattern,61.190898536900356,0.8379830625955051,False,0.0,False,False,False,False,False,False,False,Normal,Normal,None,0.99,All monitored parameters remain within the learned normal operating pattern.,None,False,0.8379830625955051,-0.21502219244766355,False
2026-01-05 15:50:00,32.15344616692907,61.642034470659446,1011.5512476636729,Normal,1,Normal,False,False,False,False,-2.590049088151403,-0.3868471288364148,0.6667137652490283,Normal Change,No Consistent Weather Pattern,66.09585891592272,4.4538244452632725,False,0.0,False,False,False,False,False,False,False,Normal,Normal,None,0.99,All monitored parameters remain within the learned normal operating pattern.,None,False,-4.4538244452632725,-0.9924658705562207,False
2026-01-05 16:00:00,33.60201166274792,61.46416022588795,1011.41764380948,Normal,1,Normal,False,False,False,False,1.4485654958188476,-0.17787424477149472,-0.13360385419298382,Normal Change,No Consistent Weather Pattern,63.35561524048089,1.8914550145929354,False,0.0,False,False,False,False,False,False,False,Normal,Normal,None,0.99,All monitored parameters remain within the learned normal operating pattern.,None,False,-1.8914550145929354,-1.204200942186494,False
2026-01-05 16:10:00,33.64145891197869,60.27795642145234,1011.0450610483377,Normal,1,Normal,False,False,False,False,0.03944724923076848,-1.186203804435614,-0.3725827611422119,Normal Change,No Consistent Weather Pattern,63.276355084802624,2.9983986633502866,False,0.0,False,False,False,False,False,False,False,Normal,Normal,None,0.99,All monitored parameters remain within the learned normal operating pattern.,None,False,-2.9983986633502866,-1.2138263253065875,False
2026-01-05 16:20:00,32.87347356822506,65.23178553094024,1010.8371322226276,Normal,1,Normal,False,False,False,False,-0.7679853437536295,4.953829109487906,-0.20792882571015525,Normal Change,No Consistent Weather Pattern,64.72564457871201,0.5061409522282361,False,0.0,False,False,False,False,False,False,False,Normal,Normal,None,0.99,All monitored parameters remain within the learned normal operating pattern.,None,False,0.5061409522282361,-1.2448441461178226,False
2026-01-05 16:30:00,33.43649794912844,61.237856463175035,1010.3868898985421,Normal,1,Normal,False,False,False,False,0.5630243809033786,-3.993929067765208,-0.4502423240854796,Normal Change,No Consistent Weather Pattern,63.65556713748672,2.417710674311685,False,0.0,False,False,False,False,False,False,False,Normal,Normal,None,0.99,All monitored parameters remain within the learned normal operating pattern.,None,False,-2.417710674311685,-1.177481190757685,False
2026-01-05 16:40:00,33.227932299965545,64.20153108897458,1011.5696838545597,Normal,1,Normal,False,False,False,False,-0.20856564916289244,2.963674625799541,1.1827939560175764,Normal Change,No Consistent Weather Pattern,64.06473676075274,0.13679432822183912,False,0.0,False,False,False,False,False,False,False,Normal,Normal,None,0.99,All monitored parameters remain within the learned normal operating pattern.,None,False,0.13679432822183912,-1.4686386363532284,False
2026-01-05 16:50:00,35.57420120806759,64.69786239718752,1010.6389737676534,Normal,1,Normal,False,False,False,False,2.346268908102047,0.4963313082129446,-0.9307100869062879,Normal Change,No Consistent Weather Pattern,59.6173327074061,5.080529689781422,False,0.0,False,False,False,False,False,False,False,Normal,Normal,None,0.99,All monitored parameters remain within the learned normal operating pattern.,None,False,5.080529689781422,-0.8625605467552404,False
2026-01-05 17:00:00,34.97524720382852,63.543212817674814,1011.4954211544516,Normal,1,Normal,False,False,False,False,-0.5989540042390686,-1.1546495795127072,0.8564473867982088,Normal Change,No Consistent Weather Pattern,60.76044277470369,2.782770042971123,False,0.0,False,False,False,False,False,False,False,Normal,Normal,None,0.99,All monitored parameters remain within the learned normal operating pattern.,None,False,2.782770042971123,0.1712386658496732,False
2026-01-05 17:10:00,35.2965741896309,60.578099147292754,1011.3422537844074,Normal,1,Normal,False,False,False,False,0.3213269858023793,-2.9651136703820598,-0.15316737004422976,Normal Change,No Consistent Weather Pattern,60.15103731134371,0.427061835949047,False,0.0,False,False,False,False,False,False,False,Normal,Normal,None,0.99,All monitored parameters remain within the learned normal operating pattern.,None,False,0.427061835949047,0.5024553587842421,False
2026-01-05 17:20:00,34.90757828582935,62.146978911483686,1011.8396304260907,Normal,1,Normal,False,False,False,False,-0.38899590380155047,1.5688797641909318,0.4973766416833314,Normal Change,No Consistent Weather Pattern,60.8927003068567,1.2542786046269825,False,0.0,False,False,False,False,False,False,False,Normal,Normal,None,0.99,All monitored parameters remain within the learned normal operating pattern.,None,False,1.2542786046269825,1.1099806827809948,False
2026-01-05 17:30:00,33.4761742308979,61.19277749147481,1011.3749671294388,Normal,1,Normal,False,False,False,False,-1.4314040549314555,-0.9542014200088786,-0.4646632966519064,Normal Change,No Consistent Weather Pattern,63.59297885310871,2.400201361633904,False,0.0,False,False,False,False,False,False,False,Normal,Normal,None,0.99,All monitored parameters remain within the learned normal operating pattern.,None,False,-2.400201361633904,0.694788923657832,False
2026-01-05 17:40:00,34.007219231696375,59.33892538909935,1011.3870439234546,Normal,1,Normal,False,False,False,False,0.5310450007984784,-1.8538521023754555,0.012076794015797532,Normal Change,No Consistent Weather Pattern,62.589171374004124,3.2502459849047725,False,0.0,False,False,False,False,False,False,False,Normal,Normal,None,0.99,All monitored parameters remain within the learned normal operating pattern.,None,False,-3.2502459849047725,0.5758553078588194,False
2026-01-05 17:50:00,34.863980668845876,61.70375652371612,1011.9433256199136,Normal,1,Normal,False,False,False,False,0.8567614371495011,2.3648311346167716,0.5562816964589956,Normal Change,No Consistent Weather Pattern,60.97642669178295,0.7273298319331758,False,0.0,False,False,False,False,False,False,False,Normal,Normal,None,0.99,All monitored parameters remain within the learned normal operating pattern.,None,False,0.7273298319331758,0.6602175226747248,False
2026-01-05 18:00:00,33.53863183199784,58.609252259457605,1011.770383679794,Normal,1,Normal,False,False,False,False,-1.3253488368480362,-3.094504264258518,-0.17294194011958552,Normal Change,No Consistent Weather Pattern,63.479871340183266,4.87061908072566,False,0.0,False,False,False,False,False,False,False,Normal,Normal,None,0.99,All monitored parameters remain within the learned normal operating pattern.,None,False,-4.87061908072566,-0.761375158826287,False
2026-01-05 18:10:00,35.12877579082987,63.25860468353922,1011.7862364361479,Normal,1,Normal,False,False,False,False,1.59014395883203,4.649352424081613,0.015852756353865516,Normal Change,No Consistent Weather Pattern,60.473847408916676,2.7847572746225424,False,0.0,False,False,False,False,False,False,False,Normal,Normal,None,0.99,All monitored parameters remain within the learned normal operating pattern.,None,False,2.7847572746225424,-0.7610912685903699,False
2026-01-05 18:20:00,34.40633275376961,59.87357926081098,1011.8879329041612,Normal,1,Normal,False,False,False,False,-0.722443037060259,-3.3850254227282406,0.10169646801330146,Normal Change,No Consistent Weather Pattern,61.840929867911484,1.9673506071005065,False,0.0,False,False,False,False,False,False,False,Normal,Normal,None,0.99,All monitored parameters remain within the learned normal operating pattern.,None,False,-1.9673506071005065,-1.1031501890260205,False
2026-01-05 18:30:00,34.33710939179117,61.12838723608399,1010.9104880396693,Normal,1,Normal,False,False,False,False,-0.06922336197844459,1.2548079752730104,-0.9774448644918721,Normal Change,No Consistent Weather Pattern,61.959511608683414,0.831124372599426,False,0.0,False,False,False,False,False,False,False,Normal,Normal,None,0.99,All monitored parameters remain within the learned normal operating pattern.,None,False,-0.831124372599426,-1.4010649000583644,False
2026-01-05 18:40:00,35.242248538441935,61.21961461533401,1012.0814752711177,Normal,1,Normal,False,False,False,False,0.9051391466507681,0.09122737925002156,1.1709872314484073,Normal Change,No Consistent Weather Pattern,60.26303462822204,0.9565799871119722,False,0.0,False,False,False,False,False,False,False,Normal,Normal,None,0.99,All monitored parameters remain within the learned normal operating pattern.,None,False,0.9565799871119722,-0.9215247073803822,False
2026-01-05 18:50:00,35.06353266505271,60.0659460208641,1012.0339515101862,Normal,1,Normal,False,False,False,False,-0.17871587338922268,-1.153668594469913,-0.04752376093153998,Normal Change,No Consistent Weather Pattern,60.6003058661801,0.5343598453160041,False,0.0,False,False,False,False,False,False,False,Normal,Normal,None,0.99,All monitored parameters remain within the learned normal operating pattern.,None,False,-0.5343598453160041,-0.5335409731534152,False
2026-01-05 19:00:00,34.45210357725795,61.69163458312412,1011.2438386146181,Normal,1,Normal,False,False,False,False,-0.611429087794761,1.6256885622600237,-0.7901128955680861,Normal Change,No Consistent Weather Pattern,61.74630159900951,0.0546670158853928,False,0.0,False,False,False,False,False,False,False,Normal,Normal,None,0.99,All monitored parameters remain within the learned normal operating pattern.,None,False,-0.0546670158853928,-0.6452548085560679,False
2026-01-05 19:10:00,35.699194761116445,59.506730849904855,1011.654427440282,Normal,1,Normal,False,False,False,False,1.247091183858494,-2.184903733219265,0.41058882566392185,Normal Change,No Consistent Weather Pattern,59.393793263147046,0.11293758675780907,False,0.0,False,False,False,False,False,False,False,Normal,Normal,None,0.99,All monitored parameters remain within the learned normal operating pattern.,None,False,0.11293758675780907,0.06668185822728491,False
2026-01-05 19:20:00,33.9358222132485,62.14124884425765,1011.7809235304094,Normal,1,Normal,False,False,False,False,-1.7633725478679452,2.634517994352798,0.12649609012737528,Normal Change,No Consistent Weather Pattern,62.72910141759378,0.5878525733361286,False,0.0,False,False,False,False,False,False,False,Normal,Normal,None,0.99,All monitored parameters remain within the learned normal operating pattern.,None,False,-0.5878525733361286,-0.4151195486239538,False
2026-01-05 19:30:00,35.32043926659505,57.65265907742722,1011.7572578622592,Normal,1,Normal,False,False,False,False,1.3846170533465525,-4.488589766830437,-0.023665668150215424,Normal Change,No Consistent Weather Pattern,60.111136560849324,2.458477483422108,False,0.0,False,False,False,False,False,False,False,Normal,Normal,None,0.99,All monitored parameters remain within the learned normal operating pattern.,None,False,-2.458477483422108,-0.48528053095561113,False
2026-01-05 19:40:00,35.32725481348604,60.54721154487016,1012.0151825034329,Normal,1,Normal,False,False,False,False,0.006815546890990731,2.894552467442942,0.2579246411737586,Normal Change,No Consistent Weather Pattern,60.10149390146264,0.4457176434075194,False,0.0,False,False,False,False,False,False,False,Normal,Normal,None,0.99,All monitored parameters remain within the learned normal operating pattern.,None,False,0.4457176434075194,-0.3028745286689047,False
2026-01-05 19:50:00,34.62827474912108,64.12603419697201,1012.5874969828416,Normal,1,Normal,False,False,False,False,-0.6989800643649602,3.578822652101856,0.5723144794086465,Normal Change,No Consistent Weather Pattern,61.43013492537122,2.695899271600794,False,0.0,False,False,False,False,False,False,False,Normal,Normal,None,0.99,All monitored parameters remain within the learned normal operating pattern.,None,False,2.695899271600794,-0.05440034517050155,False
2026-01-05 20:00:00,35.15800220575025,58.20514577487574,1012.4360704728215,Normal,1,Normal,False,False,False,False,0.5297274566291676,-5.920888422096276,-0.15142651002008733,Normal Change,No Consistent Weather Pattern,60.42676290889813,2.221617134022388,False,0.0,False,False,False,False,False,False,False,Normal,Normal,None,0.99,All monitored parameters remain within the learned normal operating pattern.,None,False,-2.221617134022388,-0.29543710069998497,False
2026-01-05 20:10:00,33.915426117911984,58.81187610090984,1011.2622611325966,Normal,1,Normal,False,False,False,False,-1.2425760878382661,0.6067303260341035,-1.1738093402249206,Normal Change,No Consistent Weather Pattern,62.76114084662088,3.949264745711041,False,0.0,False,False,False,False,False,False,False,Normal,Normal,None,0.99,All monitored parameters remain within the learned normal operating pattern.,None,False,-3.949264745711041,-0.8518082049607918,False
2026-01-05 20:20:00,35.672789385509645,61.16068015902958,1012.2523971250741,Normal,1,Normal,False,False,False,False,1.7573632675976611,2.3488040581197396,0.9901359924775761,Normal Change,No Consistent Weather Pattern,59.451230637380895,1.7094495216486862,False,0.0,False,False,False,False,False,False,False,Normal,Normal,None,0.99,All monitored parameters remain within the learned normal operating pattern.,None,False,1.7094495216486862,-0.6237350714049522,False
2026-01-05 20:30:00,34.80091953826698,60.46148106903646,1012.6286256668534,Normal,1,Normal,False,False,False,False,-0.8718698472426638,-0.6991990899931224,0.37622854177925547,Normal Change,No Consistent Weather Pattern,61.1042608936651,0.64277982462864,False,0.0,False,False,False,False,False,False,False,Normal,Normal,None,0.99,All monitored parameters remain within the learned normal operating pattern.,None,False,-0.64277982462864,-0.6315818215895967,False
2026-01-05 20:40:00,34.54395287301314,60.77699761969038,1012.1801633369156,Drift,1,Normal,False,False,False,False,-0.2569666652538416,0.3155165506539177,-0.4484623299377972,Normal Change,No Consistent Weather Pattern,61.584427811163266,0.8074301914728892,False,0.0,False,False,False,False,False,False,False,Normal,Normal,None,0.99,All monitored parameters remain within the learned normal operating pattern.,None,False,-0.8074301914728892,-0.39571792273970835,False
2026-01-05 20:50:00,35.81263995034775,61.53150912093885,1012.5546502864553,Drift,1,Normal,False,False,False,False,1.2686870773346115,0.7545115012484729,0.374486949539687,Normal Change,No Consistent Weather Pattern,59.19063784038457,2.340871280554282,False,0.0,False,False,False,False,False,False,False,Normal,Normal,None,0.99,All monitored parameters remain within the learned normal operating pattern.,None,False,2.340871280554282,-0.1249816888615994,False
2026-01-05 21:00:00,34.419265606321346,62.30396181961245,1013.0374949772421,Drift,1,Normal,False,False,False,False,-1.3933743440264053,0.7724526986735967,0.4828446907868056,Normal Change,No Consistent Weather Pattern,61.830931006312525,0.47303081329992125,False,0.0,False,False,False,False,False,False,False,Normal,Normal,None,0.99,All monitored parameters remain within the learned normal operating pattern.,None,False,0.47303081329992125,-0.4425343257617241,False
2026-01-05 21:10:00,33.863282489040856,63.73929663164905,1012.5652106668166,Drift,1,Normal,False,False,False,False,-0.5559831172804905,1.4353348120366007,-0.47228431042549346,Normal Change,No Consistent Weather Pattern,62.876099602238355,0.8631970294106921,False,0.0,False,False,False,False,False,False,False,Normal,Normal,None,0.99,All monitored parameters remain within the learned normal operating pattern.,None,False,0.8631970294106921,-0.0018465881284269261,False
2026-01-05 21:20:00,33.75005920284094,62.828912230536915,1012.1998005857959,Drift,1,Normal,False,False,False,False,-0.1132232861999185,-0.9103844011121325,-0.365410081020741,Normal Change,No Consistent Weather Pattern,63.08555864415916,0.25664641362224216,False,0.0,False,False,False,False,False,False,False,Normal,Normal,None,0.99,All monitored parameters remain within the learned normal operating pattern.,None,False,-0.25664641362224216,0.5256703164556872,False
2026-01-05 21:30:00,35.483479437826816,62.02014173726231,1012.6192729906841,Drift,1,Normal,False,False,False,False,1.7334202349858785,-0.8087704932746078,0.4194724048882108,Normal Change,No Consistent Weather Pattern,59.813739766629666,2.2064019706326405,False,0.0,False,False,False,False,False,False,False,Normal,Normal,None,0.99,All monitored parameters remain within the learned normal operating pattern.,None,False,2.2064019706326405,0.5966635234533949,False
2026-01-05 21:40:00,33.975633523224545,64.34519339196231,1012.1905450447601,Drift,1,Normal,False,False,False,False,-1.507845914602271,2.3250516547000046,-0.4287279459239244,Normal Change,No Consistent Weather Pattern,62.658986087149316,1.6862073048129957,False,0.0,False,False,False,False,False,False,False,Normal,Normal,None,0.99,All monitored parameters remain within the learned normal operating pattern.,None,False,1.6862073048129957,0.9293759705164858,False
2026-01-05 21:50:00,36.40311394942147,67.3012066621225,1012.1512127918271,Drift,1,Normal,False,False,False,False,2.4274804261969223,2.9560132701601844,-0.039332252933036216,Normal Change,No Consistent Weather Pattern,58.0692543120511,9.231952350071396,True,1.0,False,False,False,False,False,False,False,Normal,Normal,None,0.99,All monitored parameters remain within the learned normal operating pattern.,None,False,9.231952350071396,2.3635734764513834,False
2026-01-05 22:00:00,33.331033026191285,63.74157940223833,1011.9844999414686,Drift,1,Normal,False,False,False,False,-3.072080923230182,-3.5596272598841665,-0.1667128503585218,Normal Change,No Consistent Weather Pattern,63.87503585855795,0.133456456319621,False,1.0,False,False,False,False,False,False,False,Normal,Normal,None,0.99,All monitored parameters remain within the learned normal operating pattern.,None,False,-0.133456456319621,2.0100980854693975,False
2026-01-05 22:10:00,36.34903702879572,62.567197522331334,1012.9626430762934,Drift,1,Normal,False,False,False,False,3.0180040026044352,-1.1743818799069956,0.9781431348247906,Normal Change,No Consistent Weather Pattern,58.18168913228496,4.385508390046375,False,1.0,False,False,False,False,False,False,False,Normal,Normal,None,0.99,All monitored parameters remain within the learned normal operating pattern.,None,False,4.385508390046375,2.5690234535760337,True
2026-01-05 22:20:00,35.15398060814606,67.24382806980603,1011.7922328728009,Drift,1,Normal,False,False,False,False,-1.1950564206496637,4.676630547474694,-1.1704102034924517,Normal Change,No Consistent Weather Pattern,60.42627219440132,6.817555875404707,True,1.0,False,False,False,False,False,False,False,Normal,Normal,None,0.99,All monitored parameters remain within the learned normal operating pattern.,None,False,6.817555875404707,3.419646145860893,True
2026-01-05 22:30:00,34.899092851065205,65.30631099096975,1012.9879212931761,Drift,1,Normal,False,False,False,False,-0.25488775708085143,-1.9375170788362794,1.195688420375177,Normal Change,No Consistent Weather Pattern,60.923177492214016,4.383133498755733,False,1.0,False,False,False,False,False,False,False,Normal,Normal,None,0.99,All monitored parameters remain within the learned normal operating pattern.,None,False,4.383133498755733,4.082471847629175,True
2026-01-05 22:40:00,34.529830271423336,61.72312982623094,1012.4917371008731,Drift,1,Normal,False,False,False,False,-0.3692625796418696,-3.5831811647388108,-0.4961841923029624,Normal Change,No Consistent Weather Pattern,61.61504388313871,0.10808594309222741,False,1.0,False,False,False,False,False,False,False,Normal,Normal,None,0.99,All monitored parameters remain within the learned normal operating pattern.,None,False,0.10808594309222741,3.782712415123402,True
2026-01-05 22:50:00,35.27238641434029,68.28868830858357,1011.5619949321053,Drift,1,Normal,False,False,False,False,0.7425561429169534,6.565558482352635,-0.9297421687678025,Normal Change,No Consistent Weather Pattern,60.199527520657384,8.08916078792619,True,1.0,False,False,False,False,False,False,False,Normal,Normal,None,0.99,All monitored parameters remain within the learned normal operating pattern.,None,False,8.08916078792619,4.697420055568144,True
2026-01-05 23:00:00,34.908296609789076,66.05253488463424,1012.4650890305866,Drift,1,Normal,False,False,False,False,-0.3640898045512131,-2.2361534239493324,0.9030940984812332,Normal Change,No Consistent Weather Pattern,60.89920493416946,5.15332995046478,False,1.0,False,False,False,False,False,False,False,Normal,Normal,None,0.99,All monitored parameters remain within the learned normal operating pattern.,None,False,5.15332995046478,4.114759712767198,True
2026-01-05 23:10:00,35.80439347391486,67.4754294987884,1011.2506389133817,Drift,1,Normal,False,False,False,False,0.8960968641257807,1.4228946141541599,-1.2144501172048194,Normal Change,No Consistent Weather Pattern,59.189835359578,8.285594139210403,True,2.0,True,True,False,False,False,False,False,Sensor Drift,Confirmed Anomaly,Medium,0.9,Humidity shows a persistent deviation from the expected temperature-pressure relationship. Residual: 8.29. This suggests gradual sensor drift.,Humidity,False,8.285594139210403,5.317481226414345,True
2026-01-05 23:20:00,34.99450910558671,68.85770668782388,1012.6325634346264,Drift,1,Normal,False,False,False,False,-0.8098843683281487,1.3822771890354772,1.3819245212446276,Normal Change,No Consistent Weather Pattern,60.73832249314728,8.119384194676599,True,2.0,True,True,False,False,False,False,False,Sensor Drift,Confirmed Anomaly,Medium,0.9,Humidity shows a persistent deviation from the expected temperature-pressure relationship. Residual: 8.12. This suggests gradual sensor drift.,Humidity,False,8.119384194676599,5.850892055647234,True
2026-01-05 23:30:00,35.00277830063046,69.11592557663622,1012.7813499830481,Drift,1,Normal,False,False,False,False,0.00826919504375212,0.2582188888123369,0.14878654842175365,Normal Change,No Consistent Weather Pattern,60.72455968502176,8.391365891614456,True,3.0,True,True,False,False,False,False,False,Sensor Drift,Confirmed Anomaly,Medium,0.9,Humidity shows a persistent deviation from the expected temperature-pressure relationship. Residual: 8.39. This suggests gradual sensor drift.,Humidity,False,8.391365891614456,6.0757220579629125,True
2026-01-05 23:40:00,34.56910016520146,70.69892376433299,1012.0612467391537,Drift,1,Normal,False,False,False,False,-0.43367813542899825,1.5829981876967736,-0.7201032438944139,Normal Change,No Consistent Weather Pattern,61.535391067382406,9.163532696950583,True,3.0,True,True,False,False,False,False,False,Sensor Drift,Confirmed Anomaly,Medium,0.9,Humidity shows a persistent deviation from the expected temperature-pressure relationship. Residual: 9.16. This suggests gradual sensor drift.,Humidity,False,9.163532696950583,6.7586362291336055,True
2026-01-05 23:50:00,34.78993865476042,68.95803695138578,1012.4376528276911,Drift,1,Normal,False,False,False,False,0.22083848955895746,-1.7408868129472097,0.376406088537351,Normal Change,No Consistent Weather Pattern,61.12261992030454,7.835417031081242,True,3.0,True,True,False,False,False,False,False,Sensor Drift,Confirmed Anomaly,Medium,0.9,Humidity shows a persistent deviation from the expected temperature-pressure relationship. Residual: 7.84. This suggests gradual sensor drift.,Humidity,False,7.835417031081242,7.8625406702748935,True
2026-01-06 00:00:00,35.05530378007862,71.40808686642221,1013.3711738975225,Drift,1,Normal,False,False,False,False,0.26536512531819767,2.4500499150364305,0.9335210698313858,Normal Change,No Consistent Weather Pattern,60.63267309445369,10.775413771968516,True,3.0,True,True,False,False,False,False,False,Sensor Drift,Confirmed Anomaly,Medium,0.9,Humidity shows a persistent deviation from the expected temperature-pressure relationship. Residual: 10.78. This suggests gradual sensor drift.,Humidity,False,10.775413771968516,8.246291096566654,True
2026-01-06 00:10:00,33.41256744847003,59.919502319641516,1012.159198142397,Normal,1,Normal,False,False,False,False,-1.6427363316085888,-11.488584546780693,-1.2119757551254224,Normal Change,No Consistent Weather Pattern,63.723088290850136,3.8035859712086193,False,2.0,True,False,False,False,False,False,False,Normal,Normal,None,0.99,All monitored parameters remain within the learned normal operating pattern.,None,False,-3.8035859712086193,6.96673167918474,True
2026-01-06 00:20:00,33.67187757536728,61.9767691356713,1011.9003523266102,Normal,1,Normal,False,False,False,False,0.25931012689725463,2.057266816029781,-0.258845815786799,Normal Change,No Consistent Weather Pattern,63.22959940130812,1.252830265636824,False,1.0,False,False,False,False,False,False,False,Normal,Normal,None,0.99,All monitored parameters remain within the learned normal operating pattern.,None,False,-1.252830265636824,5.604099621349421,True
2026-01-06 00:30:00,35.312857025904634,61.79424346665318,1013.1881289817102,Normal,1,Normal,False,False,False,False,1.6409794505373512,-0.18252566901811917,1.2877766550999468,Normal Change,No Consistent Weather Pattern,60.14345854411185,1.6507849225413267,False,0.0,False,False,False,False,False,False,False,Normal,Normal,None,0.99,All monitored parameters remain within the learned normal operating pattern.,None,False,1.6507849225413267,4.680014011044383,True
2026-01-06 00:40:00,34.820866923418464,58.76077345007858,1013.4458368182095,Normal,1,Normal,False,False,False,False,-0.49199010248617014,-3.033470016574597,0.2577078364993213,Normal Change,No Consistent Weather Pattern,61.07682282533678,2.3160493752581957,False,0.0,False,False,False,False,False,False,False,Normal,Normal,None,0.99,All monitored parameters remain within the learned normal operating pattern.,None,False,-2.3160493752581957,3.150383258634004,True
2026-01-06 00:50:00,34.50103936597155,62.87551216224267,1012.4833900554241,Normal,1,Normal,False,False,False,False,-0.3198275574469136,4.11473871216409,-0.9624467627853619,Normal Change,No Consistent Weather Pattern,61.669369174187636,1.206142988055035,False,0.0,False,False,False,False,False,False,False,Normal,Normal,None,0.99,All monitored parameters remain within the learned normal operating pattern.,None,False,1.206142988055035,2.0136133002203542,False
2026-01-06 01:00:00,34.625161691287474,59.70724402010159,1013.0040240845606,Normal,1,Normal,False,False,False,False,0.12412232531592338,-3.1682681421410805,0.5206340291364313,Normal Change,No Consistent Weather Pattern,61.44125643579717,1.734012415695581,False,0.0,False,False,False,False,False,False,False,Normal,Normal,None,0.99,All monitored parameters remain within the learned normal operating pattern.,None,False,-1.734012415695581,0.6465519506808083,False
2026-01-06 01:10:00,34.848820620934376,62.474605083272216,1013.1855305444028,Normal,1,Normal,False,False,False,False,0.22365892964690204,2.7673610631706254,0.18150645984223956,Normal Change,No Consistent Weather Pattern,61.02070306282706,1.453902020445156,False,0.0,False,False,False,False,False,False,False,Normal,Normal,None,0.99,All monitored parameters remain within the learned normal operating pattern.,None,False,1.453902020445156,-0.6850925852511003,False
2026-01-06 01:20:00,34.09745632119531,61.67604649591709,1012.1597985092806,Normal,1,Normal,False,False,False,False,-0.7513642997390662,-0.7985585873551244,-1.025732035122246,Normal Change,No Consistent Weather Pattern,62.42828927770239,0.7522427817852986,False,0.0,False,False,False,False,False,False,False,Normal,Normal,None,0.99,All monitored parameters remain within the learned normal operating pattern.,None,False,-0.7522427817852986,-0.24918641533348307,False
2026-01-06 01:30:00,33.86331382007044,64.70445215280566,1012.3043821378648,Normal,1,Normal,False,False,False,False,-0.23414250112487167,3.028405656888566,0.1445836285842006,Normal Change,No Consistent Weather Pattern,62.872761492730646,1.8316906600750116,False,0.0,False,False,False,False,False,False,False,Normal,Normal,None,0.99,All monitored parameters remain within the learned normal operating pattern.,None,False,1.8316906600750116,0.19145943119677916,False
2026-01-06 01:40:00,34.59752942227518,60.67136159886223,1013.1782115305784,Normal,1,Normal,False,False,False,False,0.7342156022047419,-4.033090553943431,0.8738293927136738,Normal Change,No Consistent Weather Pattern,61.495685926058194,0.824324327195967,False,0.0,False,False,False,False,False,False,False,Normal,Normal,None,0.99,All monitored parameters remain within the learned normal operating pattern.,None,False,-0.824324327195967,-0.1621276044799771,False
2026-01-06 01:50:00,33.61127077405178,60.51342841547599,1013.4207638431997,Normal,1,Normal,False,False,False,False,-0.9862586482233979,-0.15793318338623408,0.24255231262122834,Normal Change,No Consistent Weather Pattern,63.36329179876924,2.849863383293247,False,0.0,False,False,False,False,False,False,False,Normal,Normal,None,0.99,All monitored parameters remain within the learned normal operating pattern.,None,False,-2.849863383293247,-0.23838674848498442,False
2026-01-06 02:00:00,34.6719259294291,61.27051333850949,1012.874921223838,Normal,1,Normal,False,False,False,False,1.0606551553773187,0.7570849230334957,-0.5458426193616788,Normal Change,No Consistent Weather Pattern,61.35122404198716,0.08071070347767062,False,0.0,False,False,False,False,False,False,False,Normal,Normal,None,0.99,All monitored parameters remain within the learned normal operating pattern.,None,False,-0.08071070347767062,-0.4222229901325138,False
2026-01-06 02:10:00,32.9328700173799,60.80376663279112,1012.1685378415203,Normal,1,Normal,False,False,False,False,-1.7390559120492028,-0.4667467057183714,-0.7063833823176537,Normal Change,No Consistent Weather Pattern,64.63009060597967,3.8263239731885577,False,0.0,False,False,False,False,False,False,False,Normal,Normal,None,0.99,All monitored parameters remain within the learned normal operating pattern.,None,False,-3.8263239731885577,-0.7211246412029391,False
2026-01-06 02:20:00,35.06615322816739,63.11422636727035,1013.6166784338498,Normal,1,Normal,False,False,False,False,2.1332832107874893,2.310459734479231,1.4481405923294233,Normal Change,No Consistent Weather Pattern,60.61524806941638,2.4989782978539665,False,0.0,False,False,False,False,False,False,False,Normal,Normal,None,0.99,All monitored parameters remain within the learned normal operating pattern.,None,False,2.4989782978539665,-0.5718280301445375,False
2026-01-06 02:30:00,34.567098047722666,58.389338659542354,1012.372102450812,Normal,1,Normal,False,False,False,False,-0.49905518044472075,-4.724887707727994,-1.2445759830377483,Normal Change,No Consistent Weather Pattern,61.543083910185565,3.1537452506432118,False,0.0,False,False,False,False,False,False,False,Normal,Normal,None,0.99,All monitored parameters remain within the learned normal operating pattern.,None,False,-3.1537452506432118,-0.9148998114099537,False
2026-01-06 02:40:00,34.338356284531216,59.62557016754705,1012.4841947459572,Normal,1,Normal,False,False,False,False,-0.2287417631914508,1.2362315080046997,0.11209229514520302,Normal Change,No Consistent Weather Pattern,61.97693739098328,2.3513672234362275,False,0.0,False,False,False,False,False,False,False,Normal,Normal,None,0.99,All monitored parameters remain within the learned normal operating pattern.,None,False,-2.3513672234362275,-1.5124795090544165,False
2026-01-06 02:50:00,34.86254105006675,59.71161763102092,1012.8368425853182,Normal,1,Normal,False,False,False,False,0.5241847655355372,0.08604746347386794,0.35264783936099775,Normal Change,No Consistent Weather Pattern,60.990380749279076,1.278763118258155,False,0.0,False,False,False,False,False,False,False,Normal,Normal,None,0.99,All monitored parameters remain within the learned normal operating pattern.,None,False,-1.278763118258155,-1.5773993363490146,False
2026-01-06 03:00:00,35.349989817565735,63.86539465995581,1013.4563968108894,Normal,1,Normal,False,False,False,False,0.48744876749898225,4.15377702893489,0.6195542255711644,Normal Change,No Consistent Weather Pattern,60.07663008890299,3.7887645710528233,False,0.0,False,False,False,False,False,False,False,Normal,Normal,None,0.99,All monitored parameters remain within the learned normal operating pattern.,None,False,3.7887645710528233,-0.629023914299576,False
2026-01-06 03:10:00,34.76871810385715,65.50678264147857,1013.1196790551801,Normal,1,Normal,False,False,False,False,-0.5812717137085883,1.6413879815227546,-0.3367177557092873,Normal Change,No Consistent Weather Pattern,61.17131187597127,4.335470765507296,False,0.0,False,False,False,False,False,False,False,Normal,Normal,None,0.99,All monitored parameters remain within the learned normal operating pattern.,None,False,4.335470765507296,0.0018591526982762372,False
2026-01-06 03:20:00,32.42254845024475,62.000605892304925,1012.913228477256,Normal,1,Normal,False,False,False,False,-2.3461696536123995,-3.5061767491736404,-0.2064505779241017,Normal Change,No Consistent Weather Pattern,65.60423303127627,3.6036271389713406,False,0.0,False,False,False,False,False,False,False,Normal,Normal,None,0.99,All monitored parameters remain within the learned normal operating pattern.,None,False,-3.6036271389713406,0.03367298615787868,False
2026-01-06 03:30:00,32.80805087752021,61.99893165180244,1012.9502735330244,Normal,1,Normal,False,False,False,False,0.3855024272754619,-0.0016742405024885443,0.03704505576843076,Normal Change,No Consistent Weather Pattern,64.87589279485007,2.8769611430476374,False,0.0,False,False,False,False,False,False,False,Normal,Normal,None,0.99,All monitored parameters remain within the learned normal operating pattern.,None,False,-2.8769611430476374,-0.7343183625423505,False
2026-01-06 03:40:00,33.266786500690095,62.60682160053309,1012.7529477379827,Normal,1,Normal,False,False,False,False,0.45873562316988625,0.6078899487306515,-0.19732579504170644,Normal Change,No Consistent Weather Pattern,64.00615634222028,1.3993347416871913,False,0.0,False,False,False,False,False,False,False,Normal,Normal,None,0.99,All monitored parameters remain within the learned normal operating pattern.,None,False,-1.3993347416871913,-0.48368828983434753,False
2026-01-06 03:50:00,33.72093349099154,64.92363530357062,1013.022547632802,Normal,1,Normal,False,False,False,False,0.4541469903014459,2.316813703037532,0.2695998948192937,Normal Change,No Consistent Weather Pattern,63.15096458761391,1.772670715956707,False,0.0,False,False,False,False,False,False,False,Normal,Normal,None,0.99,All monitored parameters remain within the learned normal operating pattern.,None,False,1.772670715956707,0.10545998722178597,False
2026-01-06 04:00:00,34.046124215950876,60.881299732467696,1011.4907104135656,Normal,1,Normal,False,False,False,False,0.32519072495933443,-4.0423355711029245,-1.5318372192364222,Normal Change,No Consistent Weather Pattern,62.51692332173958,1.6356235892718871,False,0.0,False,False,False,False,False,False,False,Normal,Normal,None,0.99,All monitored parameters remain within the learned normal operating pattern.,None,False,-1.6356235892718871,0.054479919934109944,False
2026-01-06 04:10:00,32.98188263766402,63.35178258909597,1012.6189232010821,Normal,1,Normal,False,False,False,False,-1.064241578286854,2.470482856628273,1.1282127875165315,Normal Change,No Consistent Weather Pattern,64.5430923165526,1.191309727456634,False,0.0,False,False,False,False,False,False,False,Normal,Normal,None,0.99,All monitored parameters remain within the learned normal operating pattern.,None,False,-1.191309727456634,-0.656959265567241,False
2026-01-06 04:20:00,33.64094399073112,64.96733410126595,1012.8993471016253,Normal,1,Normal,False,False,False,False,0.659061353067095,1.6155515121699793,0.28042390054315547,Normal Change,No Consistent Weather Pattern,63.3006388033113,1.6666952979546465,False,0.0,False,False,False,False,False,False,False,Normal,Normal,None,0.99,All monitored parameters remain within the learned normal operating pattern.,None,False,1.6666952979546465,-1.0382129037890482,False
2026-01-06 04:30:00,32.8148777613177,64.16382012547898,1012.2143598730464,Normal,1,Normal,False,False,False,False,-0.8260662294134136,-0.80351397578697,-0.6849872285788479,Normal Change,No Consistent Weather Pattern,64.85373515505509,0.6899150295761132,False,0.0,False,False,False,False,False,False,False,Normal,Normal,None,0.99,All monitored parameters remain within the learned normal operating pattern.,None,False,-0.6899150295761132,-0.621968316732587,False
2026-01-06 04:40:00,32.856253025530364,63.68822869734965,1012.9939298112824,Normal,1,Normal,False,False,False,False,0.04137526421266102,-0.4755914281293272,0.7795699382360226,Normal Change,No Consistent Weather Pattern,64.78531373797037,1.097085040620719,False,0.0,False,False,False,False,False,False,False,Normal,Normal,None,0.99,All monitored parameters remain within the learned normal operating pattern.,None,False,-1.097085040620719,-0.3677003021001702,False
2026-01-06 04:50:00,32.1450807286525,65.46127297287212,1012.7091531439373,Normal,1,Normal,False,False,False,False,-0.7111722968778622,1.773044275522473,-0.2847766673451133,Normal Change,No Consistent Weather Pattern,66.1262301090529,0.6649571361807745,False,0.0,False,False,False,False,False,False,False,Normal,Normal,None,0.99,All monitored parameters remain within the learned normal operating pattern.,None,False,-0.6649571361807745,-0.26278921559925345,False
2026-01-06 05:00:00,32.45545460712938,58.20545300596531,1013.6994655059962,Normal,-1,Anomaly,False,False,False,False,0.3103738784768808,-7.255819966906813,0.9903123620588303,Normal Change,No Consistent Weather Pattern,65.55190657221948,7.346453566254169,True,1.0,False,False,False,False,False,False,False,Requires Investigation,Suspicious,Medium,0.65,"The machine-learning model detected an unusual pattern, but the available rule-based evidence is insufficient to classify it as a confirmed sensor fault or genuine weather event.",Multiple,False,-7.346453566254169,-1.5655212559150928,False
2026-01-06 05:10:00,32.03504498461695,65.12296530084177,1013.618293686256,Normal,1,Normal,False,False,False,False,-0.4204096225124303,6.91751229487646,-0.08117181974012055,Normal Change,No Consistent Weather Pattern,66.34568537410124,1.2227200732594667,False,1.0,False,False,False,False,False,False,False,Normal,Normal,None,0.99,All monitored parameters remain within the learned normal operating pattern.,None,False,-1.2227200732594667,-1.50653503934189,False
2026-01-06 05:20:00,32.25679651961159,62.616858389758235,1012.6086534626792,Normal,1,Normal,False,False,False,False,0.22175153499463818,-2.506106911083535,-1.0096402235768664,Normal Change,No Consistent Weather Pattern,65.91376408545673,3.2969056956984986,False,1.0,False,False,False,False,False,False,False,Normal,Normal,None,0.99,All monitored parameters remain within the learned normal operating pattern.,None,False,-3.2969056956984986,-1.807334463376442,False
2026-01-06 05:30:00,33.80029362113021,60.42397383859921,1012.7756250926324,Normal,1,Normal,False,False,False,False,1.5434971015186179,-2.1928845511590254,0.1669716299531956,Normal Change,No Consistent Weather Pattern,62.997827398843526,2.5738535602443164,False,0.0,False,False,False,False,False,False,False,Normal,Normal,None,0.99,All monitored parameters remain within the learned normal operating pattern.,None,False,-2.5738535602443164,-2.4131271574048654,False
2026-01-06 05:40:00,32.11656085268691,65.27024527154502,1012.8232721937143,Normal,1,Normal,False,False,False,False,-1.6837327684432992,4.846271432945812,0.04764710108190684,Normal Change,No Consistent Weather Pattern,66.18158253136255,0.9113372598175289,False,0.0,False,False,False,False,False,False,False,Normal,Normal,None,0.99,All monitored parameters remain within the learned normal operating pattern.,None,False,-0.9113372598175289,-2.4447589045822107,False
2026-01-06 05:50:00,34.89953269772653,67.16006299861269,1012.6433316714285,Normal,1,Normal,False,False,False,False,2.7829718450396186,1.8898177270676655,-0.1799405222857331,Normal Change,No Consistent Weather Pattern,60.9180141082731,6.242048890339589,False,0.0,False,False,False,False,False,False,False,Normal,Normal,None,0.99,All monitored parameters remain within the learned normal operating pattern.,None,False,6.242048890339589,-1.3963112001593092,False
2026-01-06 06:00:00,33.104708796985896,64.30499401818224,1012.9753018460776,Normal,1,Normal,False,False,False,False,-1.7948239007406315,-2.8550689804304454,0.3319701746490864,Normal Change,No Consistent Weather Pattern,64.3153651701958,0.010371152013561868,False,0.0,False,False,False,False,False,False,False,Normal,Normal,None,0.99,All monitored parameters remain within the learned normal operating pattern.,None,False,-0.010371152013561868,-1.3027989167068503,False
2026-01-06 06:10:00,32.773264648849626,66.65495759461842,1012.506987911225,Normal,1,Normal,False,False,False,False,-0.33144414813627066,2.3499635764361813,-0.46831393485263106,Normal Change,No Consistent Weather Pattern,64.9360848402138,1.7188727544046287,False,0.0,False,False,False,False,False,False,False,Normal,Normal,None,0.99,All monitored parameters remain within the learned normal operating pattern.,None,False,1.7188727544046287,-0.007752299469879225,False
2026-01-06 06:20:00,31.85299857273524,68.14518692221688,1012.3288716812326,Normal,1,Normal,False,False,False,False,-0.9202660761143875,1.4902293275984562,-0.17811622999238352,Normal Change,No Consistent Weather Pattern,66.67364120179819,1.471545720418689,False,0.0,False,False,False,False,False,False,False,Normal,Normal,None,0.99,All monitored parameters remain within the learned normal operating pattern.,None,False,1.471545720418689,0.3771428139127145,False
2026-01-06 06:30:00,33.0132038726734,67.72391696887567,1013.2132953684655,Normal,1,Normal,False,False,False,False,1.1602052999381627,-0.4212699533412092,0.8844236872329247,Normal Change,No Consistent Weather Pattern,64.49135027379012,3.232566695085552,False,0.0,False,False,False,False,False,False,False,Normal,Normal,None,0.99,All monitored parameters remain within the learned normal operating pattern.,None,False,3.232566695085552,1.3099245840247218,False
2026-01-06 06:40:00,31.904733765558873,68.5494410056446,1013.2241741836327,Normal,1,Normal,False,False,False,False,-1.1084701071145275,0.8255240367689254,0.010878815167188804,Normal Change,No Consistent Weather Pattern,66.58708884922237,1.9623521564222273,False,0.0,False,False,False,False,False,False,False,Normal,Normal,None,0.99,All monitored parameters remain within the learned normal operating pattern.,None,False,1.9623521564222273,1.9579539721199422,False
2026-01-06 06:50:00,32.37419197468297,66.93108673621042,1012.5144296254376,Normal,1,Normal,False,False,False,False,0.46945820912409886,-1.6183542694341781,-0.7097445581950979,Normal Change,No Consistent Weather Pattern,65.69063935028868,1.2404473859217404,False,0.0,False,False,False,False,False,False,False,Normal,Normal,None,0.99,All monitored parameters remain within the learned normal operating pattern.,None,False,1.2404473859217404,2.2653517786541237,False
2026-01-06 07:00:00,34.23507942282304,65.77684369338718,1013.3711510938907,Normal,1,Normal,False,False,False,False,1.860887448140069,-1.1542430428232393,0.8567214684530882,Normal Change,No Consistent Weather Pattern,62.1833358730519,3.593507820335276,False,0.0,False,False,False,False,False,False,False,Normal,Normal,None,0.99,All monitored parameters remain within the learned normal operating pattern.,None,False,3.593507820335276,1.8869887686535074,False
2026-01-06 07:10:00,32.01971501399207,62.602942508662075,1012.6142774567039,Normal,1,Normal,False,False,False,False,-2.215364408830972,-3.1739011847251035,-0.7568736371867999,Normal Change,No Consistent Weather Pattern,66.36204572965246,3.75910322099039,False,0.0,False,False,False,False,False,False,False,Normal,Normal,None,0.99,All monitored parameters remain within the learned normal operating pattern.,None,False,-3.75910322099039,1.351455615942532,False
2026-01-06 07:20:00,32.92469245948692,65.49732742682333,1013.0629482920086,Normal,1,Normal,False,False,False,False,0.9049774454948505,2.8943849181612578,0.44867083530471064,Normal Change,No Consistent Weather Pattern,64.65679420693033,0.840533219893004,False,0.0,False,False,False,False,False,False,False,Normal,Normal,None,0.99,All monitored parameters remain within the learned normal operating pattern.,None,False,0.840533219893004,1.2259785395837284,False
2026-01-06 07:30:00,31.350639833740146,64.4871448616859,1013.352542808733,Normal,1,Normal,False,False,False,False,-1.5740526257467735,-1.010182565137427,0.2895945167243781,Normal Change,No Consistent Weather Pattern,67.63623668528945,3.1490918236035412,False,0.0,False,False,False,False,False,False,False,Normal,Normal,None,0.99,All monitored parameters remain within the learned normal operating pattern.,None,False,-3.1490918236035412,0.5658874618662669,False
2026-01-06 07:40:00,31.792330577203586,70.70124269579331,1012.9312748255359,Normal,1,Normal,False,False,False,False,0.4416907434634396,6.214097834107406,-0.42126798319714,Normal Change,No Consistent Weather Pattern,66.79590900001224,3.905333695781067,False,0.0,False,False,False,False,False,False,False,Normal,Normal,None,0.99,All monitored parameters remain within the learned normal operating pattern.,None,False,3.905333695781067,0.6619970333941977,False
2026-01-06 07:50:00,33.14337271124558,66.19476396966098,1013.180866473273,Normal,1,Normal,False,False,False,False,1.3510421340419967,-4.506478726132329,0.24959164773713383,Normal Change,No Consistent Weather Pattern,64.24485383138315,1.9499101382778292,False,0.0,False,False,False,False,False,False,False,Normal,Normal,None,0.99,All monitored parameters remain within the learned normal operating pattern.,None,False,1.9499101382778292,0.6602196022307122,False
2026-01-06 08:00:00,31.130877336416386,66.98150764827577,1012.7004001658563,Normal,1,Normal,False,False,False,False,-2.0124953748291965,0.7867436786147834,-0.48046630741669105,Normal Change,No Consistent Weather Pattern,68.04350734513807,1.0619996968623013,False,0.0,False,False,False,False,False,False,False,Normal,Normal,None,0.99,All monitored parameters remain within the learned normal operating pattern.,None,False,-1.0619996968623013,0.3312985904044205,False
2026-01-06 08:10:00,32.987474342491176,68.02793975989368,1012.8652042150486,Normal,1,Normal,False,False,False,False,1.8565970060747894,1.0464321116179178,0.1648040491922984,Normal Change,No Consistent Weather Pattern,64.53561700162396,3.4923227582697223,False,0.0,False,False,False,False,False,False,False,Normal,Normal,None,0.99,All monitored parameters remain within the learned normal operating pattern.,None,False,3.4923227582697223,0.31684358153791287,False
2026-01-06 08:20:00,32.00816534042886,67.20327730861595,1012.8650333754359,Normal,1,Normal,False,False,False,False,-0.9793090020623154,-0.8246624512777316,-0.00017083961267871928,Normal Change,No Consistent Weather Pattern,66.3870330489643,0.8162442596516541,False,0.0,False,False,False,False,False,False,False,Normal,Normal,None,0.99,All monitored parameters remain within the learned normal operating pattern.,None,False,0.8162442596516541,0.970464650201062,False
2026-01-06 08:30:00,30.895860745802413,70.69843374782586,1012.5989021134095,Normal,1,Normal,False,False,False,False,-1.1123045946264476,3.4951564392099073,-0.2661312620264198,Normal Change,No Consistent Weather Pattern,68.48653856278948,2.211895185036383,False,0.0,False,False,False,False,False,False,False,Normal,Normal,None,0.99,All monitored parameters remain within the learned normal operating pattern.,None,False,2.211895185036383,1.166373502364402,False
2026-01-06 08:40:00,31.755091338280664,66.2563709824586,1012.8877345889521,Normal,1,Normal,False,False,False,False,0.8592305924782515,-4.442062765367254,0.28883247554256286,Normal Change,No Consistent Weather Pattern,66.86576374951427,0.6093927670556667,False,0.0,False,False,False,False,False,False,False,Normal,Normal,None,0.99,All monitored parameters remain within the learned normal operating pattern.,None,False,-0.6093927670556667,1.5291876532998125,False
2026-01-06 08:50:00,31.930039037086225,68.0852239557048,1012.2054446991132,Normal,1,Normal,False,False,False,False,0.1749476988055605,1.8288529732461996,-0.6822898898388985,Normal Change,No Consistent Weather Pattern,66.52644188642515,1.5587820692796583,False,0.0,False,False,False,False,False,False,False,Normal,Normal,None,0.99,All monitored parameters remain within the learned normal operating pattern.,None,False,1.5587820692796583,1.1939659923710397,False
2026-01-06 09:00:00,31.551812071756938,66.40633062463753,1012.7375105832715,Normal,1,Normal,False,False,False,False,-0.37822696532928646,-1.6788933310672718,0.5320658841583281,Normal Change,No Consistent Weather Pattern,67.24818190277327,0.841851278135735,False,0.0,False,False,False,False,False,False,False,Normal,Normal,None,0.99,All monitored parameters remain within the learned normal operating pattern.,None,False,-0.841851278135735,0.7951429328833878,False
2026-01-06 09:10:00,29.700130374384532,65.44733467696479,1012.8436844146917,Normal,1,Normal,False,False,False,False,-1.8516816973724062,-0.9589959476727472,0.10617383142016479,Normal Change,No Consistent Weather Pattern,70.7501861465469,5.302851469582109,False,0.0,False,False,False,False,False,False,False,Normal,Normal,None,0.99,All monitored parameters remain within the learned normal operating pattern.,None,False,-5.302851469582109,0.18930696535198674,False
2026-01-06 09:20:00,30.276163180495136,67.06071597587938,1012.8607677818236,Normal,1,Normal,False,False,False,False,0.5760328061106037,1.6133812989145895,0.01708336713193148,Normal Change,No Consistent Weather Pattern,69.66139057306981,2.6006745971904337,False,0.0,False,False,False,False,False,False,False,Normal,Normal,None,0.99,All monitored parameters remain within the learned normal operating pattern.,None,False,-2.6006745971904337,-0.6811212282851784,False
2026-01-06 09:30:00,30.56107695855836,68.40774267190405,1012.8705449498962,Normal,1,Normal,False,False,False,False,0.28491377806322404,1.3470266960246704,0.009777168072560016,Normal Change,No Consistent Weather Pattern,69.12287393954865,0.7151312676446082,False,0.0,False,False,False,False,False,False,False,Normal,Normal,None,0.99,All monitored parameters remain within the learned normal operating pattern.,None,False,-0.7151312676446082,-0.8998891607560731,False
2026-01-06 09:40:00,30.600459834793316,67.82138239481877,1012.96254786164,Normal,1,Normal,False,False,False,False,0.0393828762349564,-0.5863602770852765,0.09200291174386166,Normal Change,No Consistent Weather Pattern,69.04957579272883,1.2281933979100614,False,0.0,False,False,False,False,False,False,False,Normal,Normal,None,0.99,All monitored parameters remain within the learned normal operating pattern.,None,False,-1.2281933979100614,-1.3913303868912794,False
2026-01-06 09:50:00,31.057194444593385,67.49384450714659,1013.2349870692747,Normal,1,Normal,False,False,False,False,0.4567346098000691,-0.32753788767217884,0.2724392076346476,Normal Change,No Consistent Weather Pattern,68.18952774525049,0.6956832381038964,False,0.0,False,False,False,False,False,False,False,Normal,Normal,None,0.99,All monitored parameters remain within the learned normal operating pattern.,None,False,-0.6956832381038964,-1.4036575970410266,False
2026-01-06 10:00:00,30.603243051378517,66.26520057139251,1013.4340610718814,Normal,1,Normal,False,False,False,False,-0.45395139321486866,-1.2286439357540786,0.19907400260672148,Normal Change,No Consistent Weather Pattern,69.05024141920566,2.78504084781315,False,0.0,False,False,False,False,False,False,False,Normal,Normal,None,0.99,All monitored parameters remain within the learned normal operating pattern.,None,False,-2.78504084781315,-2.024203728054285,False
2026-01-06 10:10:00,29.293047451595147,69.11114297761615,1012.6731558679677,Normal,1,Normal,False,False,False,False,-1.3101955997833699,2.8459424062236423,-0.7609052039136941,Normal Change,No Consistent Weather Pattern,71.51764704877382,2.40650407115767,False,0.0,False,False,False,False,False,False,False,Normal,Normal,None,0.99,All monitored parameters remain within the learned normal operating pattern.,None,False,-2.40650407115767,-2.247725555628847,False
2026-01-06 10:20:00,30.56557709346826,66.46772162661102,1012.3973735984258,Normal,1,Normal,False,False,False,False,1.2725296418731133,-2.6434213510051308,-0.2757822695418781,Normal Change,No Consistent Weather Pattern,69.10841803578424,2.6406964091732164,False,0.0,False,False,False,False,False,False,False,Normal,Normal,None,0.99,All monitored parameters remain within the learned normal operating pattern.,None,False,-2.6406964091732164,-1.867417689856148,False
2026-01-06 10:30:00,30.64987850951609,71.19729210080115,1012.4785868691383,Normal,1,Normal,False,False,False,False,0.08430141604782904,4.729570474190126,0.08121327071251017,Normal Change,No Consistent Weather Pattern,68.95006416915206,2.2472279316490926,False,0.0,False,False,False,False,False,False,False,Normal,Normal,None,0.99,All monitored parameters remain within the learned normal operating pattern.,None,False,2.2472279316490926,-1.1748601857362158,False
2026-01-06 10:40:00,30.50916868113294,70.0422068602928,1012.7563421045811,Normal,1,Normal,False,False,False,False,-0.14070982838314805,-1.155085240508356,0.2777552354427826,Normal Change,No Consistent Weather Pattern,69.2195727234095,0.8226341368832948,False,0.0,False,False,False,False,False,False,False,Normal,Normal,None,0.99,All monitored parameters remain within the learned normal operating pattern.,None,False,0.8226341368832948,-0.955179413660801,False
2026-01-06 10:50:00,30.825862729880093,67.16242070219734,1012.8240168034525,Normal,1,Normal,False,False,False,False,0.3166940487471521,-2.879786158095456,0.06767469887142852,Normal Change,No Consistent Weather Pattern,68.62170219794044,1.4592814957430988,False,0.0,False,False,False,False,False,False,False,Normal,Normal,None,0.99,All monitored parameters remain within the learned normal operating pattern.,None,False,-1.4592814957430988,-0.9881919990655206,False
2026-01-06 11:00:00,30.5282932350012,69.65927082317612,1012.6147127303113,Normal,1,Normal,False,False,False,False,-0.2975694948788927,2.4968501209787775,-0.20930407314119748,Normal Change,No Consistent Weather Pattern,69.18163665630314,0.4776341668729742,False,0.0,False,False,False,False,False,False,False,Normal,Normal,None,0.99,All monitored parameters remain within the learned normal operating pattern.,None,False,0.4776341668729742,-0.8205752269259676,False
2026-01-06 11:10:00,30.128472583849728,68.97343014788487,1012.3510851629247,Normal,1,Normal,False,False,False,False,-0.39982065115147236,-0.6858406752912458,-0.26362756738660664,Normal Change,No Consistent Weather Pattern,69.93419762958038,0.9607674816955125,False,0.0,False,False,False,False,False,False,False,Normal,Normal,None,0.99,All monitored parameters remain within the learned normal operating pattern.,None,False,-0.9607674816955125,-0.5599647460520194,False
2026-01-06 11:20:00,29.605064697183312,71.3159544881379,1012.7702153003822,Normal,1,Normal,False,False,False,False,-0.5234078866664156,2.3425243402530356,0.4191301374575005,Normal Change,No Consistent Weather Pattern,70.92898758023415,0.386966907903755,False,0.0,False,False,False,False,False,False,False,Normal,Normal,None,0.99,All monitored parameters remain within the learned normal operating pattern.,None,False,0.386966907903755,-0.16089746332895874,False
2026-01-06 11:30:00,28.23263305342801,73.55809729156469,1013.0878208176273,Normal,1,Normal,False,False,False,False,-1.3724316437553021,2.2421428034267876,0.31760551724505603,Normal Change,No Consistent Weather Pattern,73.52761061024412,0.030486681320567754,False,0.0,False,False,False,False,False,False,False,Normal,Normal,None,0.99,All monitored parameters remain within the learned normal operating pattern.,None,False,0.030486681320567754,0.22070012102729614,False
2026-01-06 11:40:00,29.80547669425158,67.32609082281748,1013.293153725374,Normal,1,Normal,False,False,False,False,1.5728436408235709,-6.232006468747215,0.20533290774676516,Normal Change,No Consistent Weather Pattern,70.55667549629828,3.2305846734808057,False,0.0,False,False,False,False,False,False,False,Normal,Normal,None,0.99,All monitored parameters remain within the learned normal operating pattern.,None,False,-3.2305846734808057,-0.5618445368484036,False
2026-01-06 11:50:00,29.528528298549247,71.50529586065733,1012.7151587893676,Normal,1,Normal,False,False,False,False,-0.276948395702334,4.17920503783985,-0.577994936006462,Normal Change,No Consistent Weather Pattern,71.07299022447383,0.43230563618350004,False,0.0,False,False,False,False,False,False,False,Normal,Normal,None,0.99,All monitored parameters remain within the learned normal operating pattern.,None,False,0.43230563618350004,-0.6176057512340886,False
2026-01-06 12:00:00,29.48049279951682,71.15327494934569,1012.7853027441154,Normal,1,Normal,False,False,False,False,-0.04803549903242654,-0.3520209113116408,0.07014395474777757,Normal Change,No Consistent Weather Pattern,71.1646848090366,0.011409859690914459,False,0.0,False,False,False,False,False,False,False,Normal,Normal,None,0.99,All monitored parameters remain within the learned normal operating pattern.,None,False,-0.011409859690914459,-0.4107669460837765,False
2026-01-06 12:10:00,28.142977738592787,73.01392695440286,1012.5260840631072,Normal,1,Normal,False,False,False,False,-1.3375150609240336,1.860652005057176,-0.25921868100817846,Normal Change,No Consistent Weather Pattern,73.6900455475287,0.6761185931258353,False,0.0,False,False,False,False,False,False,False,Normal,Normal,None,0.99,All monitored parameters remain within the learned normal operating pattern.,None,False,-0.6761185931258353,-0.5755887689407493,False
2026-01-06 12:20:00,28.201013144087874,72.29467650364641,1012.9710456550821,Normal,1,Normal,False,False,False,False,0.05803540549508668,-0.7192504507564479,0.44496159197490215,Normal Change,No Consistent Weather Pattern,73.5859211823358,1.291244678689381,False,0.0,False,False,False,False,False,False,False,Normal,Normal,None,0.99,All monitored parameters remain within the learned normal operating pattern.,None,False,-1.291244678689381,-0.6227997970827305,False
2026-01-06 12:30:00,29.81023682882645,70.5606322442021,1012.5595836736373,Normal,1,Normal,False,False,False,False,1.609223684738577,-1.7340442594443175,-0.4114619814447451,Normal Change,No Consistent Weather Pattern,70.53845458028815,0.022177663913950596,False,0.0,False,False,False,False,False,False,False,Normal,Normal,None,0.99,All monitored parameters remain within the learned normal operating pattern.,None,False,0.022177663913950596,-0.6749125462241311,False
2026-01-06 12:40:00,28.83834032025193,71.62192324199225,1013.2670956728581,Normal,1,Normal,False,False,False,False,-0.9718965085745204,1.0612909977901523,0.7075119992207419,Normal Change,No Consistent Weather Pattern,72.38475333280977,0.7628300908175163,False,0.0,False,False,False,False,False,False,False,Normal,Normal,None,0.99,All monitored parameters remain within the learned normal operating pattern.,None,False,-0.7628300908175163,-0.7882435136724288,False
2026-01-06 12:50:00,29.31790779487833,70.86253381243256,1012.0840336480906,Normal,1,Normal,False,False,False,False,0.4795674746263998,-0.7593894295596897,-1.183062024767537,Normal Change,No Consistent Weather Pattern,71.46324183415706,0.6007080217245004,False,0.0,False,False,False,False,False,False,False,Normal,Normal,None,0.99,All monitored parameters remain within the learned normal operating pattern.,None,False,-0.6007080217245004,-0.41254684913581385,False
2026-01-06 13:00:00,28.69857661551241,74.80017044798112,1012.7932888951651,Normal,1,Normal,False,False,False,False,-0.619331179365922,3.9376366355485573,0.7092552470745659,Normal Change,No Consistent Weather Pattern,72.6430253161287,2.157145131852417,False,0.0,False,False,False,False,False,False,False,Normal,Normal,None,0.99,All monitored parameters remain within the learned normal operating pattern.,None,False,2.157145131852417,-0.16614120689739714,False
2026-01-06 13:10:00,28.603472178195155,72.88328876414677,1013.1194963349216,Normal,1,Normal,False,False,False,False,-0.0951044373172536,-1.9168816838343474,0.32620743975644473,Normal Change,No Consistent Weather Pattern,72.82692436367782,0.05636440046895075,False,0.0,False,False,False,False,False,False,False,Normal,Normal,None,0.99,All monitored parameters remain within the learned normal operating pattern.,None,False,0.05636440046895075,-0.15645916973170212,False
2026-01-06 13:20:00,29.23460891542263,76.83441763022235,1013.0564013709584,Normal,1,Normal,False,False,False,False,0.6311367372274752,3.951128866075578,-0.06309496396318082,Normal Change,No Consistent Weather Pattern,71.63294494336863,5.2014726868537196,False,0.0,False,False,False,False,False,False,False,Normal,Normal,None,0.99,All monitored parameters remain within the learned normal operating pattern.,None,False,5.2014726868537196,0.6831967274082343,False
2026-01-06 13:30:00,27.97606829370475,73.10087021981346,1014.3062453525404,Normal,1,Normal,False,False,False,False,-1.2585406217178807,-3.733547410408889,1.2498439815819893,Normal Change,No Consistent Weather Pattern,74.02797215651685,0.9271019367033944,False,0.0,False,False,False,False,False,False,False,Normal,Normal,None,0.99,All monitored parameters remain within the learned normal operating pattern.,None,False,-0.9271019367033944,0.7352171191205181,False
2026-01-06 13:40:00,28.37136861108325,71.99424248711816,1013.1295763773767,Normal,1,Normal,False,False,False,False,0.39530031737849924,-1.1066277326953013,-1.1766689751636932,Normal Change,No Consistent Weather Pattern,73.26585105663554,1.271608569517383,False,0.0,False,False,False,False,False,False,False,Normal,Normal,None,0.99,All monitored parameters remain within the learned normal operating pattern.,None,False,-1.271608569517383,0.5503905143446133,False
2026-01-06 13:50:00,27.83090322666294,70.57112429952039,1012.4473008542269,Normal,1,Normal,False,False,False,False,-0.5404653844203082,-1.4231181875977654,-0.6822755231497695,Normal Change,No Consistent Weather Pattern,74.27904303062826,3.707918731107867,False,0.0,False,False,False,False,False,False,False,Normal,Normal,None,0.99,All monitored parameters remain within the learned normal operating pattern.,None,False,-3.707918731107867,0.12966356573170604,False
2026-01-06 14:00:00,27.760099071891602,70.17832853981321,1012.8959522955594,Normal,1,Normal,False,False,False,False,-0.07080415477133783,-0.39279575970718383,0.4486514413324585,Normal Change,No Consistent Weather Pattern,74.41854078161272,4.240212241799512,False,0.0,False,False,False,False,False,False,False,Normal,Normal,None,0.99,All monitored parameters remain within the learned normal operating pattern.,None,False,-4.240212241799512,-0.39026560856472414,False
2026-01-06 14:10:00,27.768089363636886,70.80087398916542,1012.0496225632265,Normal,1,Normal,False,False,False,False,0.007990291745283429,0.6225454493522165,-0.8463297323328334,Normal Change,No Consistent Weather Pattern,74.39279563692942,3.5919216477639964,False,0.0,False,False,False,False,False,False,False,Normal,Normal,None,0.99,All monitored parameters remain within the learned normal operating pattern.,None,False,-3.5919216477639964,-1.2115608627956402,False
2026-01-06 14:20:00,28.10166048094443,74.68634637474804,1012.8912128056205,Normal,1,Normal,False,False,False,False,0.33357111730754596,3.8854723855826165,0.841590242393977,Normal Change,No Consistent Weather Pattern,73.77274731553408,0.9135990592139649,False,0.0,False,False,False,False,False,False,False,Normal,Normal,None,0.99,All monitored parameters remain within the learned normal operating pattern.,None,False,0.9135990592139649,-1.0890987686892097,False
2026-01-06 14:30:00,27.45031302168745,75.35082620842341,1012.5084578660791,Normal,1,Normal,False,False,False,False,-0.6513474592569821,0.6644798336753723,-0.38275493954142803,Normal Change,No Consistent Weather Pattern,74.99933103642567,0.3514951719977404,False,0.0,False,False,False,False,False,False,False,Normal,Normal,None,0.99,All monitored parameters remain within the learned normal operating pattern.,None,False,0.3514951719977404,-1.7819526993829211,False
2026-01-06 14:40:00,28.74814365703954,71.35054108277428,1013.3758611646522,Normal,1,Normal,False,False,False,False,1.297830635352092,-4.000285125649128,0.8674032985730946,Normal Change,No Consistent Weather Pattern,72.55664059627804,1.2060995135037587,False,0.0,False,False,False,False,False,False,False,Normal,Normal,None,0.99,All monitored parameters remain within the learned normal operating pattern.,None,False,-1.2060995135037587,-1.8218094960686873,False
2026-01-06 14:50:00,26.938984114538954,76.48073671552312,1012.6362836231959,Normal,1,Normal,False,False,False,False,-1.8091595425005877,5.130195632748837,-0.7395775414562422,Normal Change,No Consistent Weather Pattern,75.96762326123095,0.5131134542921671,False,0.0,False,False,False,False,False,False,False,Normal,Normal,None,0.99,All monitored parameters remain within the learned normal operating pattern.,None,False,0.5131134542921671,-1.5668492069530373,False
2026-01-06 15:00:00,27.41724382042292,73.90039562512911,1012.8452668501919,Normal,1,Normal,False,False,False,False,0.4782597058839677,-2.5803410903940147,0.20898322699599703,Normal Change,No Consistent Weather Pattern,75.06608355518105,1.165687930051945,False,0.0,False,False,False,False,False,False,False,Normal,Normal,None,0.99,All monitored parameters remain within the learned normal operating pattern.,None,False,-1.165687930051945,-1.2036733782307627,False
2026-01-06 15:10:00,27.1280026890736,75.33401095258522,1012.5781759908298,Normal,1,Normal,False,False,False,False,-0.2892411313493213,1.4336153274561099,-0.26709085936215615,Normal Change,No Consistent Weather Pattern,75.60954651060983,0.2755355580246146,False,0.0,False,False,False,False,False,False,False,Normal,Normal,None,0.99,All monitored parameters remain within the learned normal operating pattern.,None,False,-0.2755355580246146,-0.6372909948343489,False
2026-01-06 15:20:00,28.551426313563717,78.43675324434939,1013.7573955177718,Normal,1,Normal,False,False,False,False,1.4234236244901162,3.102742291764173,1.1792195269420063,Normal Change,No Consistent Weather Pattern,72.93333794036845,5.503415303980944,False,0.0,False,False,False,False,False,False,False,Normal,Normal,None,0.99,All monitored parameters remain within the learned normal operating pattern.,None,False,5.503415303980944,0.6620428554149284,False
2026-01-06 15:30:00,27.46618881324408,77.17578864766143,1012.71907401607,Normal,1,Normal,False,False,False,False,-1.0852375003196357,-1.2609645966879555,-1.0383215017018301,Normal Change,No Consistent Weather Pattern,74.97196494972745,2.2038236979339842,False,0.0,False,False,False,False,False,False,False,Normal,Normal,None,0.99,All monitored parameters remain within the learned normal operating pattern.,None,False,2.2038236979339842,0.8463606609463596,False
2026-01-06 15:40:00,28.050600151620454,75.01268966409724,1013.7874109342175,Normal,1,Normal,False,False,False,False,0.5844113383763734,-2.163098983564197,1.0683369181475655,Normal Change,No Consistent Weather Pattern,73.88054478066502,1.1321448834322183,False,0.0,False,False,False,False,False,False,False,Normal,Normal,None,0.99,All monitored parameters remain within the learned normal operating pattern.,None,False,1.1321448834322183,0.9578820482941423,False
2026-01-06 15:50:00,25.953967885907147,73.93278318049597,1013.2693576209581,Normal,1,Normal,False,False,False,False,-2.096632265713307,-1.0799064836012633,-0.5180533132594292,Normal Change,No Consistent Weather Pattern,77.83778954648194,3.905006365985969,False,0.0,False,False,False,False,False,False,False,Normal,Normal,None,0.99,All monitored parameters remain within the learned normal operating pattern.,None,False,-3.905006365985969,0.5723239265109693,False
2026-01-06 16:00:00,27.274493346096914,71.57466293053838,1013.0941776318924,Normal,1,Normal,False,False,False,False,1.3205254601897671,-2.3581202499575937,-0.17517998906566845,Normal Change,No Consistent Weather Pattern,75.33908741872766,3.7644244881892774,False,0.0,False,False,False,False,False,False,False,Normal,Normal,None,0.99,All monitored parameters remain within the learned normal operating pattern.,None,False,-3.7644244881892774,-0.03875292241495133,False
2026-01-06 16:10:00,27.692172693215614,74.60075724808142,1013.0280874866835,Normal,1,Normal,False,False,False,False,0.4176793471186997,3.0260943175430413,-0.06609014520893197,Normal Change,No Consistent Weather Pattern,74.54861906764114,0.052138180440280735,False,0.0,False,False,False,False,False,False,False,Normal,Normal,None,0.99,All monitored parameters remain within the learned normal operating pattern.,None,False,0.052138180440280735,0.1352222362267952,False
2026-01-06 16:20:00,26.96712036306237,75.77515317906055,1013.0309112676224,Normal,1,Normal,False,False,False,False,-0.7250523301532432,1.1743959309791308,0.0028237809389111135,Normal Change,No Consistent Weather Pattern,75.91939155804532,0.14423837898476677,False,0.0,False,False,False,False,False,False,False,Normal,Normal,None,0.99,All monitored parameters remain within the learned normal operating pattern.,None,False,-0.14423837898476677,0.1539789760896306,False
2026-01-06 16:30:00,27.675744510558484,74.37892052468523,1011.8601840677865,Normal,1,Normal,False,False,False,False,0.7086241474961135,-1.396232654375325,-1.1707271998359374,Normal Change,No Consistent Weather Pattern,74.56499540486129,0.186074880176065,False,0.0,False,False,False,False,False,False,False,Normal,Normal,None,0.99,All monitored parameters remain within the learned normal operating pattern.,None,False,-0.186074880176065,-0.6588053359327992,False
2026-01-06 16:40:00,26.332869647810284,76.24408525003422,1012.6743034340035,Normal,1,Normal,False,False,False,False,-1.3428748627482001,1.8651647253489898,0.8141193662170281,Normal Change,No Consistent Weather Pattern,77.11398197706637,0.869896727032156,False,0.0,False,False,False,False,False,False,False,Normal,Normal,None,0.99,All monitored parameters remain within the learned normal operating pattern.,None,False,-0.869896727032156,-1.097908253785105,False
2026-01-06 16:50:00,27.798822440258427,76.81101478969761,1013.2257669545376,Normal,1,Normal,False,False,False,False,1.4659527924481424,0.5669295396633913,0.551463520534071,Normal Change,No Consistent Weather Pattern,74.34947899065197,2.4615357990456346,False,0.0,False,False,False,False,False,False,False,Normal,Normal,None,0.99,All monitored parameters remain within the learned normal operating pattern.,None,False,2.4615357990456346,-0.9079952658403313,False
2026-01-06 17:00:00,28.436441151794178,76.3556427305863,1012.7679013371435,Normal,1,Normal,False,False,False,False,0.637618711535751,-0.45537205911131196,-0.45786561739407716,Normal Change,No Consistent Weather Pattern,73.1382825049962,3.217360225590099,False,0.0,False,False,False,False,False,False,False,Normal,Normal,None,0.99,All monitored parameters remain within the learned normal operating pattern.,None,False,3.217360225590099,0.1094856758133927,False
2026-01-06 17:10:00,26.23439372095489,75.65066569973983,1012.0786371734487,Normal,1,Normal,False,False,False,False,-2.2020474308392863,-0.7049770308464645,-0.6892641636948156,Normal Change,No Consistent Weather Pattern,77.29266606431948,1.6420003645796442,False,0.0,False,False,False,False,False,False,False,Normal,Normal,None,0.99,All monitored parameters remain within the learned normal operating pattern.,None,False,-1.6420003645796442,0.4126891220433403,False
2026-01-06 17:20:00,26.096997340687437,77.43051062831735,1012.7436333615668,Normal,1,Normal,False,False,False,False,-0.13739638026745382,1.7798449285775177,0.6649961881181525,Normal Change,No Consistent Weather Pattern,77.56077843656712,0.13026780824976925,False,0.0,False,False,False,False,False,False,False,Normal,Normal,None,0.99,All monitored parameters remain within the learned normal operating pattern.,None,False,-0.13026780824976925,0.38663112365904745,False
2026-01-06 17:30:00,27.546263162325644,78.11677013787586,1013.6102142989481,Normal,1,Normal,False,False,False,False,1.4492658216382068,0.6862595095585107,0.8665809373812863,Normal Change,No Consistent Weather Pattern,74.8317840998313,3.284986038044565,False,0.0,False,False,False,False,False,False,False,Normal,Normal,None,0.99,All monitored parameters remain within the learned normal operating pattern.,None,False,3.284986038044565,0.8765203260918091,False
2026-01-06 17:40:00,27.57881894689632,75.18887938449082,1013.3696569862452,Normal,1,Normal,False,False,False,False,0.03255578457067543,-2.927890753385043,-0.24055731270289016,Normal Change,No Consistent Weather Pattern,74.76721219380842,0.421667190682399,False,0.0,False,False,False,False,False,False,False,Normal,Normal,None,0.99,All monitored parameters remain within the learned normal operating pattern.,None,False,0.421667190682399,0.9633406219287325,False
2026-01-06 17:50:00,25.82995569674846,80.3253773225504,1012.70298354257,Normal,1,Normal,False,False,False,False,-1.7488632501478598,5.136497938059577,-0.6666734436752222,Normal Change,No Consistent Weather Pattern,78.06511907013495,2.26025825241544,False,0.0,False,False,False,False,False,False,False,Normal,Normal,None,0.99,All monitored parameters remain within the learned normal operating pattern.,None,False,2.26025825241544,1.4105056189926748,False
2026-01-06 18:00:00,25.846680411156125,77.43716400576585,1013.1972106606715,Normal,1,Normal,False,False,False,False,0.01672471440766543,-2.888213316784544,0.4942271181015485,Normal Change,No Consistent Weather Pattern,78.03971334013602,0.6025493343701669,False,0.0,False,False,False,False,False,False,False,Normal,Normal,None,0.99,All monitored parameters remain within the learned normal operating pattern.,None,False,-0.6025493343701669,0.972779171361846,False
2026-01-06 18:10:00,25.893518199384026,77.79980747294483,1012.5254602954079,Normal,1,Normal,False,False,False,False,0.046837788227900745,0.36264346717898377,-0.6717503652636196,Normal Change,No Consistent Weather Pattern,77.94272027207369,0.14291279912885102,False,0.0,False,False,False,False,False,False,False,Normal,Normal,None,0.99,All monitored parameters remain within the learned normal operating pattern.,None,False,-0.14291279912885102,0.4927401678305675,False
2026-01-06 18:20:00,24.981056978482613,79.30319407189305,1011.8437343839574,Normal,1,Normal,False,False,False,False,-0.9124612209014131,1.503386598948211,-0.681725911450485,Normal Change,No Consistent Weather Pattern,79.65919039920999,0.3559963273169444,False,0.0,False,False,False,False,False,False,False,Normal,Normal,None,0.99,All monitored parameters remain within the learned normal operating pattern.,None,False,-0.3559963273169444,0.6764550302966674,False
2026-01-06 18:30:00,25.26094779066125,78.47469356682979,1012.2201234503787,Normal,1,Normal,False,False,False,False,0.27989081217863543,-0.8285005050632606,0.3763890664212113,Normal Change,No Consistent Weather Pattern,79.13477854028285,0.6600849734530669,False,0.0,False,False,False,False,False,False,False,Normal,Normal,None,0.99,All monitored parameters remain within the learned normal operating pattern.,None,False,-0.6600849734530669,0.6007668638390535,False
2026-01-06 18:40:00,25.1334135017605,80.03282103750217,1013.4502183250928,Normal,1,Normal,False,False,False,False,-0.12753428890074758,1.5581274706723889,1.2300948747141547,Normal Change,No Consistent Weather Pattern,79.3913501402765,0.6414708972256733,False,0.0,False,False,False,False,False,False,False,Normal,Normal,None,0.99,All monitored parameters remain within the learned normal operating pattern.,None,False,0.6414708972256733,0.223121843722069,False
2026-01-06 18:50:00,25.26497334105437,78.8158255441283,1012.5179274866018,Normal,1,Normal,False,False,False,False,0.13155983929387105,-1.2169954933738723,-0.9322908384909852,Normal Change,No Consistent Weather Pattern,79.13091179176772,0.31508624763941384,False,0.0,False,False,False,False,False,False,False,Normal,Normal,None,0.99,All monitored parameters remain within the learned normal operating pattern.,None,False,-0.31508624763941384,0.11787135253323859,False
2026-01-06 19:00:00,25.79560032306551,77.12842878476926,1012.5191161025429,Normal,1,Normal,False,False,False,False,0.5306269820111389,-1.6873967593590464,0.0011886159410323671,Normal Change,No Consistent Weather Pattern,78.12775771656266,0.9993289317934,False,0.0,False,False,False,False,False,False,False,Normal,Normal,None,0.99,All monitored parameters remain within the learned normal operating pattern.,None,False,-0.9993289317934,-0.3477839594965957,False
2026-01-06 19:10:00,25.956530809977053,79.18468900251654,1012.4765084512522,Normal,1,Normal,False,False,False,False,0.16093048691154266,2.0562602177472797,-0.04260765129060928,Normal Change,No Consistent Weather Pattern,77.82297733622846,1.3617116662880733,False,0.0,False,False,False,False,False,False,False,Normal,Normal,None,0.99,All monitored parameters remain within the learned normal operating pattern.,None,False,1.3617116662880733,-0.0671752451168471,False
2026-01-06 19:20:00,26.95706587868232,76.27921661649656,1013.5638521347033,Normal,1,Normal,False,False,False,False,1.0005350687052683,-2.90547238601998,1.0873436834510812,Normal Change,No Consistent Weather Pattern,75.94509951826728,0.33411709822927094,False,0.0,False,False,False,False,False,False,False,Normal,Normal,None,0.99,All monitored parameters remain within the learned normal operating pattern.,None,False,0.33411709822927094,0.0009718830771703324,False
2026-01-06 19:30:00,24.867205420604577,78.88534210516183,1013.409857888785,Normal,1,Normal,False,False,False,False,-2.0898604580777445,2.6061254886652705,-0.15399424591828392,Normal Change,No Consistent Weather Pattern,79.89411853184646,1.0087764266846335,False,0.0,False,False,False,False,False,False,False,Normal,Normal,None,0.99,All monitored parameters remain within the learned normal operating pattern.,None,False,-1.0087764266846335,-0.09228241683249953,False
2026-01-06 19:40:00,26.404306799757997,78.69984225675763,1013.6911029331891,Normal,1,Normal,False,False,False,False,1.5371013791534196,-0.18549984840419143,0.2812450444040451,Normal Change,No Consistent Weather Pattern,76.99170971567037,1.7081325410872665,False,0.0,False,False,False,False,False,False,False,Normal,Normal,None,0.99,All monitored parameters remain within the learned normal operating pattern.,None,False,1.7081325410872665,0.24603437095897668,False
2026-01-06 19:50:00,25.39837474693716,78.44463464081977,1012.4867659103862,Normal,1,Normal,False,False,False,False,-1.0059320528208353,-0.2552076159378629,-1.2043370228028607,Normal Change,No Consistent Weather Pattern,78.8783199983674,0.43368535754763116,False,0.0,False,False,False,False,False,False,False,Normal,Normal,None,0.99,All monitored parameters remain within the learned normal operating pattern.,None,False,-0.43368535754763116,0.09244062027707603,False
2026-01-06 20:00:00,25.48448745996995,78.69480812173835,1012.698419318348,Normal,1,Normal,False,False,False,False,0.08611271303279011,0.2501734809185763,0.21165340796176224,Normal Change,No Consistent Weather Pattern,78.71818157471861,0.023373452980266052,False,0.0,False,False,False,False,False,False,False,Normal,Normal,None,0.99,All monitored parameters remain within the learned normal operating pattern.,None,False,-0.023373452980266052,0.1341138766569543,False
2026-01-06 20:10:00,26.020200529642256,75.27561203718678,1011.7763487881913,Normal,1,Normal,False,False,False,False,0.5357130696723047,-3.4191960845515723,-0.9220705301567023,Normal Change,No Consistent Weather Pattern,77.69380577489369,2.4181937377069147,False,0.0,False,False,False,False,False,False,False,Normal,Normal,None,0.99,All monitored parameters remain within the learned normal operating pattern.,None,False,-2.4181937377069147,-0.06858109561640495,False
2026-01-06 20:20:00,24.540265249553812,78.02566445091077,1013.256946292307,Normal,1,Normal,False,False,False,False,-1.4799352800884442,2.750052413723992,1.4805975041157353,Normal Change,No Consistent Weather Pattern,80.51028819918791,2.4846237482771443,False,0.0,False,False,False,False,False,False,False,Normal,Normal,None,0.99,All monitored parameters remain within the learned normal operating pattern.,None,False,-2.4846237482771443,-0.618057583411436,False
2026-01-06 20:30:00,25.704296811161893,79.38895177385292,1011.918145969707,Normal,1,Normal,False,False,False,False,1.1640315616080805,1.3632873229421563,-1.3388003226000365,Normal Change,No Consistent Weather Pattern,78.29281542546633,1.0961363483865938,False,0.0,False,False,False,False,False,False,False,Normal,Normal,None,0.99,All monitored parameters remain within the learned normal operating pattern.,None,False,1.0961363483865938,-0.5091976905318185,False
2026-01-06 20:40:00,25.49330120582424,79.59943390548722,1012.5937294906754,Normal,1,Normal,False,False,False,False,-0.21099560533765427,0.21048213163429352,0.6755835209684165,Normal Change,No Consistent Weather Pattern,78.70020282095558,0.8992310845316354,False,0.0,False,False,False,False,False,False,False,Normal,Normal,None,0.99,All monitored parameters remain within the learned normal operating pattern.,None,False,0.8992310845316354,-0.23662518892949436,False
2026-01-06 20:50:00,25.717730475075413,77.2971107904103,1011.9197473785244,Normal,1,Normal,False,False,False,False,0.2244292692511749,-2.3023231150769163,-0.6739821121509522,Normal Change,No Consistent Weather Pattern,78.26743874154027,0.970327951129974,False,0.0,False,False,False,False,False,False,False,Normal,Normal,None,0.99,All monitored parameters remain within the learned normal operating pattern.,None,False,-0.970327951129974,-0.6192624021033859,False
2026-01-06 21:00:00,25.520608579829165,81.95286835232358,1012.156774830298,Normal,1,Normal,False,False,False,False,-0.1971218952462479,4.655757561913276,0.23702745177354245,Normal Change,No Consistent Weather Pattern,78.64308430784227,3.3097840444813045,False,0.0,False,False,False,False,False,False,False,Normal,Normal,None,0.99,All monitored parameters remain within the learned normal operating pattern.,None,False,3.3097840444813045,-0.08448105895639506,False
2026-01-06 21:10:00,27.220905979180543,77.75431856906735,1012.0151410197175,Normal,1,Normal,False,False,False,False,1.7002973993513777,-4.198549783256226,-0.14163381058051527,Normal Change,No Consistent Weather Pattern,75.42683164906688,2.3274869200004673,False,0.0,False,False,False,False,False,False,False,Normal,Normal,None,0.99,All monitored parameters remain within the learned normal operating pattern.,None,False,2.3274869200004673,0.2513561371837097,False
2026-01-06 21:20:00,24.71576715292247,81.48699612040642,1012.1121547338066,Normal,1,Normal,False,False,False,False,-2.5051388262580723,3.7326775513390658,0.09701371408914383,Normal Change,No Consistent Weather Pattern,80.16410448142318,1.3228916389832364,False,0.0,False,False,False,False,False,False,False,Normal,Normal,None,0.99,All monitored parameters remain within the learned normal operating pattern.,None,False,1.3228916389832364,0.7857969052823027,False
2026-01-06 21:30:00,24.772368226798548,80.46005714214336,1012.1286090503131,Normal,1,Normal,False,False,False,False,0.05660107387607738,-1.0269389782630611,0.01645431650649698,Normal Change,No Consistent Weather Pattern,80.0573050030473,0.40275213909605156,False,0.0,False,False,False,False,False,False,False,Normal,Normal,None,0.99,All monitored parameters remain within the learned normal operating pattern.,None,False,0.40275213909605156,1.198279174907045,False
2026-01-06 21:40:00,24.67178493756509,78.3669506629026,1042.1058737467797,Pressure Spike,1,Normal,False,False,False,False,-0.10058328923345883,-2.0931064792407597,29.97726469646659,Isolated Change,No Consistent Weather Pattern,80.62430564213255,2.2573549792299588,False,0.0,False,False,True,False,False,False,False,Likely Sensor Fault,Confirmed Anomaly,High,0.9,"Pressure changed by +29.98 hPa in 10 minutes. The magnitude of the change is unusually large for the learned baseline, indicating a possible pressure sensor fault.",Pressure,False,-2.2573549792299588,0.7192089852475375,False
2026-01-06 21:50:00,24.700982917250208,83.2598925600622,1012.7782743669476,Normal,1,Normal,False,False,False,False,0.029197979685118725,4.892941897159602,-29.327599379832122,Isolated Change,No Consistent Weather Pattern,80.2004283943282,3.059464165733999,False,0.0,False,False,False,True,True,False,False,Recovery Reading,Suspicious,Low,0.85,The sensor value rapidly moved back in the opposite direction following a detected anomaly. This reading is treated as a recovery rather than a separate anomaly.,Pressure,False,3.059464165733999,1.0278137111335894,False
2026-01-06 22:00:00,24.612467843316157,77.3679712461643,1011.7905386495452,Normal,1,Normal,False,False,False,False,-0.088515073934051,-5.891921313897896,-0.9877357174024155,Normal Change,No Consistent Weather Pattern,80.35535243032457,2.98738118416027,False,0.0,False,False,False,False,False,False,False,Normal,Normal,None,0.99,All monitored parameters remain within the learned normal operating pattern.,None,False,-2.98738118416027,0.7396632492721186,False
2026-01-06 22:10:00,26.05255859427635,81.63561760843939,1012.4343686302601,Normal,1,Normal,False,False,False,False,1.4400907509601915,4.267646362275087,0.6438299807149406,Normal Change,No Consistent Weather Pattern,77.64090368449331,3.9947139239460796,False,0.0,False,False,False,False,False,False,False,Normal,Normal,None,0.99,All monitored parameters remain within the learned normal operating pattern.,None,False,3.9947139239460796,0.8375103749099436,False
2026-01-06 22:20:00,26.218679913096874,81.83661160667599,1012.9139724902179,Normal,1,Normal,False,False,False,False,0.16612131882052594,0.2009939982365978,0.4796038599578196,Normal Change,No Consistent Weather Pattern,77.33287457764679,4.503737029029196,False,0.0,False,False,False,False,False,False,False,Normal,Normal,None,0.99,All monitored parameters remain within the learned normal operating pattern.,None,False,4.503737029029196,1.1484032476283335,False
2026-01-06 22:30:00,24.60858158867044,78.52840233450667,1012.0290587700664,Normal,1,Normal,False,False,False,False,-1.6100983244264349,-3.3082092721693215,-0.8849137201515305,Normal Change,No Consistent Weather Pattern,80.3656979696941,1.8372956351874308,False,0.0,False,False,False,False,False,False,False,Normal,Normal,None,0.99,All monitored parameters remain within the learned normal operating pattern.,None,False,-1.8372956351874308,0.6969479227468095,False
2026-01-06 22:40:00,24.38417409042841,82.68481350230508,1011.9071325236064,Normal,1,Normal,False,False,False,False,-0.2244074982420301,4.15641116779841,-0.1219262464600206,Normal Change,No Consistent Weather Pattern,80.78841552122516,1.8963979810799145,False,0.0,False,False,False,False,False,False,False,Normal,Normal,None,0.99,All monitored parameters remain within the learned normal operating pattern.,None,False,1.8963979810799145,0.9103259001730757,False
2026-01-06 22:50:00,25.41405479548115,79.42606227005805,1012.1310376118471,Normal,1,Normal,False,False,False,False,1.02988070505274,-3.258751232247022,0.22390508824071276,Normal Change,No Consistent Weather Pattern,78.8442044510814,0.5818578189766583,False,0.0,False,False,False,False,False,False,False,Normal,Normal,None,0.99,All monitored parameters remain within the learned normal operating pattern.,None,False,0.5818578189766583,1.3159277284883066,False
2026-01-06 23:00:00,24.583996857454256,80.52583667280165,1012.8161454060269,Normal,1,Normal,False,False,False,False,-0.8300579380268935,1.0997744027435914,0.6851077941797712,Normal Change,No Consistent Weather Pattern,80.4220707419113,0.10376593089034714,False,0.0,False,False,False,False,False,False,False,Normal,Normal,None,0.99,All monitored parameters remain within the learned normal operating pattern.,None,False,0.10376593089034714,0.8936851235106421,False
2026-01-06 23:10:00,25.522967298242037,80.48739998946718,1012.3030964223896,Normal,1,Normal,False,False,False,False,0.9389704407877808,-0.03843668333446715,-0.5130489836373044,Normal Change,No Consistent Weather Pattern,78.64046447718582,1.8469355122813624,False,0.0,False,False,False,False,False,False,False,Normal,Normal,None,0.99,All monitored parameters remain within the learned normal operating pattern.,None,False,1.8469355122813624,1.5843017944308753,False
2026-01-06 23:20:00,25.171804089119618,79.71245117218174,1011.9199742203892,Normal,1,Normal,False,False,False,False,-0.3511632091224186,-0.7749488172854342,-0.38312220200032243,Normal Change,No Consistent Weather Pattern,79.29953467302833,0.4129164991534111,False,0.0,False,False,False,False,False,False,False,Normal,Normal,None,0.99,All monitored parameters remain within the learned normal operating pattern.,None,False,0.4129164991534111,1.0726164480319227,False
2026-01-06 23:30:00,23.791714354190468,81.61299725394305,1012.4068394599864,Normal,1,Normal,False,False,False,False,-1.3800897349291503,1.9005460817613056,0.4868652395971367,Normal Change,No Consistent Weather Pattern,81.91476335943966,0.3017661054966112,False,0.0,False,False,False,False,False,False,False,Normal,Normal,None,0.99,All monitored parameters remain within the learned normal operating pattern.,None,False,-0.3017661054966112,0.38611600024252163,False
2026-01-06 23:40:00,26.239159992823204,81.58466577758611,1011.5928579042408,Normal,1,Normal,False,False,False,False,2.447445638632736,-0.028331476356939334,-0.8139815557456132,Normal Change,No Consistent Weather Pattern,77.27754852503841,4.307117252547698,False,0.0,False,False,False,False,False,False,False,Normal,Normal,None,0.99,All monitored parameters remain within the learned normal operating pattern.,None,False,4.307117252547698,1.2638892699189685,False
2026-01-06 23:50:00,26.43670763163809,76.5029250672003,1012.463571751098,Normal,1,Normal,False,False,False,False,0.19754763881488557,-5.081740710385816,0.8707138468572566,Normal Change,No Consistent Weather Pattern,76.91502349840044,0.41209843120014966,False,0.0,False,False,False,False,False,False,False,Normal,Normal,None,0.99,All monitored parameters remain within the learned normal operating pattern.,None,False,-0.41209843120014966,0.9341040681646737,False
2026-01-07 00:00:00,24.51062813904999,82.6069623028813,1012.3058709538055,Normal,1,Normal,False,False,False,False,-1.926079492588098,6.104037235681005,-0.15770079729247755,Normal Change,No Consistent Weather Pattern,80.55436222737066,2.0526000755106395,False,0.0,False,False,False,False,False,False,False,Normal,Normal,None,0.99,All monitored parameters remain within the learned normal operating pattern.,None,False,2.0526000755106395,1.1442101048123854,False
2026-01-07 00:10:00,24.693555036526067,76.66758345497894,1011.9261277925468,Normal,1,Normal,False,False,False,False,0.18292689747607582,-5.939378847902361,-0.3797431612587161,Normal Change,No Consistent Weather Pattern,80.20375872472368,3.5361752697447457,False,0.0,False,False,False,False,False,False,False,Normal,Normal,None,0.99,All monitored parameters remain within the learned normal operating pattern.,None,False,-3.5361752697447457,0.6242185047216579,False
2026-01-07 00:20:00,25.237268239725495,82.04794055439217,1011.6389954389606,Normal,1,Normal,False,False,False,False,0.5437132031994274,5.3803570994132315,-0.28713235358623024,Normal Change,No Consistent Weather Pattern,79.17224020225717,2.8757003521349986,False,0.0,False,False,False,False,False,False,False,Normal,Normal,None,0.99,All monitored parameters remain within the learned normal operating pattern.,None,False,2.8757003521349986,0.7711849104150345,False
2026-01-07 00:30:00,25.283001503753713,82.22253813012698,1011.5929979477227,Normal,1,Normal,False,False,False,False,0.0457332640282182,0.17459757573480772,-0.045997491237926624,Normal Change,No Consistent Weather Pattern,79.08520161948351,3.1373365106434647,False,0.0,False,False,False,False,False,False,False,Normal,Normal,None,0.99,All monitored parameters remain within the learned normal operating pattern.,None,False,3.1373365106434647,1.1603877691993278,False
2026-01-07 00:40:00,25.55112938700631,77.76947920183352,1012.281593107701,Normal,1,Normal,False,False,False,False,0.2681278832525962,-4.4530589282934585,0.6885951599783766,Normal Change,No Consistent Weather Pattern,78.58695273718762,0.8174735353540967,False,0.0,False,False,False,False,False,False,False,Normal,Normal,None,0.99,All monitored parameters remain within the learned normal operating pattern.,None,False,-0.8174735353540967,1.086715279219687,False
2026-01-07 00:50:00,26.643309699333276,79.10807928745044,1012.6063189012356,Normal,1,Normal,False,False,False,False,1.0921803123269669,1.3386000856169176,0.324725793534526,Normal Change,No Consistent Weather Pattern,76.52622948077952,2.581849806670917,False,0.0,False,False,False,False,False,False,False,Normal,Normal,None,0.99,All monitored parameters remain within the learned normal operating pattern.,None,False,2.581849806670917,0.8402485012372897,False
2026-01-07 01:00:00,24.906430238736085,77.69261462156548,1011.650619406777,Normal,1,Normal,False,False,False,False,-1.7368794605971907,-1.4154646658849543,-0.9556994944585995,Normal Change,No Consistent Weather Pattern,79.79784723214198,2.1052326105764934,False,0.0,False,False,False,False,False,False,False,Normal,Normal,None,0.99,All monitored parameters remain within the learned normal operating pattern.,None,False,-2.1052326105764934,0.5983721898978119,False
2026-01-07 01:10:00,24.424176883572613,79.44452858101577,1012.1757139422409,Normal,1,Normal,False,False,False,False,-0.482253355163472,1.7519139594502917,0.5250945354639498,Normal Change,No Consistent Weather Pattern,80.7161651691626,1.2716365881468192,False,0.0,False,False,False,False,False,False,False,Normal,Normal,None,0.99,All monitored parameters remain within the learned normal operating pattern.,None,False,-1.2716365881468192,0.12348123794674645,False
2026-01-07 01:20:00,23.97616471898069,79.2246912288439,1010.8800593510186,Normal,1,Normal,False,False,False,False,-0.4480121645919226,-0.21983735217187927,-1.2956545912222737,Normal Change,No Consistent Weather Pattern,81.5468602793795,2.3221690505356065,False,0.0,False,False,False,False,False,False,False,Normal,Normal,None,0.99,All monitored parameters remain within the learned normal operating pattern.,None,False,-2.3221690505356065,0.29691069783376633,False
2026-01-07 01:30:00,24.51365351993615,81.36252596075931,1011.6081235238765,Normal,1,Normal,False,False,False,False,0.5374888009554581,2.1378347319154187,0.7280641728578985,Normal Change,No Consistent Weather Pattern,80.53987125077555,0.822654709983766,False,0.0,False,False,False,False,False,False,False,Normal,Normal,None,0.99,All monitored parameters remain within the learned normal operating pattern.,None,False,0.822654709983766,0.0036184632407331003,False
2026-01-07 01:40:00,25.092637926623098,82.38233848239496,1011.861572029349,Normal,1,Normal,False,False,False,False,0.5789844066869492,1.019812521635643,0.25344850547242004,Normal Change,No Consistent Weather Pattern,79.44846692000024,2.933871562394714,False,0.0,False,False,False,False,False,False,False,Normal,Normal,None,0.99,All monitored parameters remain within the learned normal operating pattern.,None,False,2.933871562394714,-0.02544795793765989,False
2026-01-07 01:50:00,26.577483938181864,82.50769232684465,1011.3987408093094,Normal,1,Normal,False,False,False,False,1.4848460115587656,0.1253538444496911,-0.46283122003956123,Normal Change,No Consistent Weather Pattern,76.63549493114034,5.872197395704305,False,0.0,False,False,False,False,False,False,False,Normal,Normal,None,0.99,All monitored parameters remain within the learned normal operating pattern.,None,False,5.872197395704305,0.9302193179278261,False
2026-01-07 02:00:00,24.75239384285833,78.54269818266886,1011.3616246244471,Normal,1,Normal,False,False,False,False,-1.8250900953235352,-3.9649941441757903,-0.03711618486227053,Normal Change,No Consistent Weather Pattern,80.08542551402228,1.5427273313534187,False,0.0,False,False,False,False,False,False,False,Normal,Normal,None,0.99,All monitored parameters remain within the learned normal operating pattern.,None,False,-1.5427273313534187,0.3409940124957781,False
2026-01-07 02:10:00,25.372095692882375,79.19542558936844,1011.4720999748737,Normal,1,Normal,False,False,False,False,0.6197018500240468,0.652727406699583,0.11047535042655454,Normal Change,No Consistent Weather Pattern,78.91524610464313,0.2801794847253092,False,0.0,False,False,False,False,False,False,False,Normal,Normal,None,0.99,All monitored parameters remain within the learned normal operating pattern.,None,False,0.2801794847253092,0.6817671689674641,False
2026-01-07 02:20:00,25.208436025039557,76.18997493176258,1011.9280170993329,Normal,1,Normal,False,False,False,False,-0.16365966784281838,-3.005450657605863,0.4559171244592335,Normal Change,No Consistent Weather Pattern,79.23038181375652,3.0404068819939454,False,0.0,False,False,False,False,False,False,False,Normal,Normal,None,0.99,All monitored parameters remain within the learned normal operating pattern.,None,False,-3.0404068819939454,0.42908569841787475,False
2026-01-07 02:30:00,26.20271310576129,77.88426289300197,1011.6640086605258,Normal,1,Normal,False,False,False,False,0.9942770807217336,1.6942879612393966,-0.2640084388070818,Normal Change,No Consistent Weather Pattern,77.34734708661074,0.5369158063912352,False,0.0,False,False,False,False,False,False,False,Normal,Normal,None,0.99,All monitored parameters remain within the learned normal operating pattern.,None,False,0.5369158063912352,0.8375263922645664,False
2026-01-07 02:40:00,27.305871513958703,81.3610521196753,1010.614133869717,Normal,1,Normal,False,False,False,False,1.1031584081974124,3.4767892266733327,-1.0498747908088717,Normal Change,No Consistent Weather Pattern,75.24858924025155,6.112462879423759,False,0.0,False,False,False,False,False,False,False,Normal,Normal,None,0.99,All monitored parameters remain within the learned normal operating pattern.,None,False,6.112462879423759,1.5932132736131368,False
2026-01-07 02:50:00,24.893847626030183,82.59408035836358,1010.6483020560433,Normal,1,Normal,False,False,False,False,-2.4120238879285196,1.2330282386882772,0.034168186326382965,Normal Change,No Consistent Weather Pattern,79.8090349673028,2.785045391060791,False,0.0,False,False,False,False,False,False,False,Normal,Normal,None,0.99,All monitored parameters remain within the learned normal operating pattern.,None,False,2.785045391060791,1.571952391994005,False
2026-01-07 03:00:00,24.96308443252299,76.82203028316502,1011.3804509833864,Normal,1,Normal,False,False,False,False,0.06923680649280683,-5.772050075198564,0.7321489273430188,Normal Change,No Consistent Weather Pattern,79.68734419242085,2.865313909255832,False,0.0,False,False,False,False,False,False,False,Normal,Normal,None,0.99,All monitored parameters remain within the learned normal operating pattern.,None,False,-2.865313909255832,0.3237364912854141,False
2026-01-07 03:10:00,26.227919835656692,78.02988921369135,1011.8877895810647,Normal,1,Normal,False,False,False,False,1.2648354031337021,1.2078589305263279,0.5073385976783129,Normal Change,No Consistent Weather Pattern,77.3025060264251,0.7273831872662413,False,0.0,False,False,False,False,False,False,False,Normal,Normal,None,0.99,All monitored parameters remain within the learned normal operating pattern.,None,False,0.7273831872662413,0.6480379939453655,False
2026-01-07 03:20:00,25.977906066498477,79.08240273648728,1010.26009035687,Normal,1,Normal,False,False,False,False,-0.2500137691582154,1.052513522795934,-1.6276992241946573,Normal Change,No Consistent Weather Pattern,77.75470405424623,1.3276986822410493,False,0.0,False,False,False,False,False,False,False,Normal,Normal,None,0.99,All monitored parameters remain within the learned normal operating pattern.,None,False,1.3276986822410493,0.7976835935904713,False
2026-01-07 03:30:00,26.951391117461647,79.61227180389358,1011.3587104701812,Normal,1,Normal,False,False,False,False,0.9734850509631698,0.5298690674062954,1.098620113311199,Normal Change,No Consistent Weather Pattern,75.92810700457456,3.6841647993190207,False,0.0,False,False,False,False,False,False,False,Normal,Normal,None,0.99,All monitored parameters remain within the learned normal operating pattern.,None,False,3.6841647993190207,1.758336690920895,False
2026-01-07 03:40:00,25.98461414273694,77.34584977120437,1011.3200232316145,Normal,1,Normal,False,False,False,False,-0.9667769747247057,-2.2664220326892064,-0.03868723856669476,Normal Change,No Consistent Weather Pattern,77.75534662250783,0.4094968513034587,False,0.0,False,False,False,False,False,False,False,Normal,Normal,None,0.99,All monitored parameters remain within the learned normal operating pattern.,None,False,-0.4094968513034587,1.623134882678796,False
2026-01-07 03:50:00,25.275280802215114,79.72269313923866,1012.2517290200973,Normal,1,Normal,False,False,False,False,-0.7093333405218267,2.3768433680342866,0.9317057884827591,Normal Change,No Consistent Weather Pattern,79.10807879043227,0.6146143488063842,False,0.0,False,False,False,False,False,False,False,Normal,Normal,None,0.99,All monitored parameters remain within the learned normal operating pattern.,None,False,0.6146143488063842,0.8377279497334565,False
2026-01-07 04:00:00,26.082259629737266,77.83284977549134,1011.3393061295664,Normal,1,Normal,False,False,False,False,0.8069788275221512,-1.8898433637473175,-0.9124228905309337,Normal Change,No Consistent Weather Pattern,77.57098679217196,0.2618629833193751,False,0.0,False,False,False,False,False,False,False,Normal,Normal,None,0.99,All monitored parameters remain within the learned normal operating pattern.,None,False,0.2618629833193751,0.4772733200561114,False
2026-01-07 04:10:00,26.545479484398264,78.65406221837956,1011.6974149449777,Normal,1,Normal,False,False,False,False,0.46321985466099846,0.8212124428882248,0.35810881541135586,Normal Change,No Consistent Weather Pattern,76.69975511382259,1.9543071045569747,False,0.0,False,False,False,False,False,False,False,Normal,Normal,None,0.99,All monitored parameters remain within the learned normal operating pattern.,None,False,1.9543071045569747,1.1657906077436553,False
2026-01-07 04:20:00,26.365423233276022,79.67449351937114,1011.5505015474137,Normal,1,Normal,False,False,False,False,-0.18005625112224166,1.020431300991575,-0.14691339756404886,Normal Change,No Consistent Weather Pattern,77.03831095538891,2.6361825639822314,False,0.0,False,False,False,False,False,False,False,Normal,Normal,None,0.99,All monitored parameters remain within the learned normal operating pattern.,None,False,2.6361825639822314,1.4384762329887966,False
2026-01-07 04:30:00,26.16709734707938,78.49028829523479,1010.3883939797503,Normal,1,Normal,False,False,False,False,-0.19832588619664193,-1.184205224136349,-1.1621075676633836,Normal Change,No Consistent Weather Pattern,77.39864417382769,1.0916441214071,False,0.0,False,False,False,False,False,False,False,Normal,Normal,None,0.99,All monitored parameters remain within the learned normal operating pattern.,None,False,1.0916441214071,1.404754152869661,False
2026-01-07 04:40:00,26.668557335819994,77.49679305064953,1011.8114394125757,Normal,1,Normal,False,False,False,False,0.5014599887406135,-0.9934952445852616,1.423045432825461,Normal Change,No Consistent Weather Pattern,76.46850549877624,1.0282875518732908,False,0.0,False,False,False,False,False,False,False,Normal,Normal,None,0.99,All monitored parameters remain within the learned normal operating pattern.,None,False,1.0282875518732908,1.025343117520271,False
2026-01-07 04:50:00,26.806270728260955,78.03911188033952,1011.508549623312,Normal,1,Normal,False,False,False,False,0.13771339244096126,0.5423188296899895,-0.30288978926375876,Normal Change,No Consistent Weather Pattern,76.20434584567451,1.8347660346650088,False,0.0,False,False,False,False,False,False,False,Normal,Normal,None,0.99,All monitored parameters remain within the learned normal operating pattern.,None,False,1.8347660346650088,1.3459521012300522,False
2026-01-07 05:00:00,27.03383303980645,77.96706238763647,1011.6283608921889,Normal,1,Normal,False,False,False,False,0.2275623115454941,-0.0720494927030444,0.11981126887690152,Normal Change,No Consistent Weather Pattern,75.77563742097038,2.1914249666660908,False,0.0,False,False,False,False,False,False,False,Normal,Normal,None,0.99,All monitored parameters remain within the learned normal operating pattern.,None,False,2.1914249666660908,1.571210760924296,False
2026-01-07 05:10:00,26.505977313680585,77.28595913301801,1013.3105829305721,Normal,1,Normal,False,False,False,False,-0.5278557261258641,-0.6811032546184634,1.6822220383832018,Normal Change,No Consistent Weather Pattern,76.79471450523276,0.4912446277852496,False,0.0,False,False,False,False,False,False,False,Normal,Normal,None,0.99,All monitored parameters remain within the learned normal operating pattern.,None,False,0.4912446277852496,1.6039795672765638,False
2026-01-07 05:20:00,25.913826853720487,77.38736523871785,1010.2785100974289,Normal,1,Normal,False,False,False,False,-0.5921504599600986,0.10140610569983721,-3.032072833143161,Normal Change,No Consistent Weather Pattern,77.87607961985836,0.488714381140511,False,0.0,False,False,False,False,False,False,False,Normal,Normal,None,0.99,All monitored parameters remain within the learned normal operating pattern.,None,False,-0.488714381140511,1.2549764978912086,False
2026-01-07 05:30:00,26.226988286780458,80.97805966574184,1012.1558850618212,Normal,1,Normal,False,False,False,False,0.313161433059971,3.5906944270239904,1.8773749643922883,Normal Change,No Consistent Weather Pattern,77.30763738240725,3.670422283334588,False,0.0,False,False,False,False,False,False,False,Normal,Normal,None,0.99,All monitored parameters remain within the learned normal operating pattern.,None,False,3.670422283334588,1.4027250292272595,False
2026-01-07 05:40:00,27.138479748467006,78.77529374536184,1011.1226535353156,Normal,1,Normal,False,False,False,False,0.9114914616865484,-2.2027659203800027,-1.033231526505574,Normal Change,No Consistent Weather Pattern,75.57144187842745,3.203851866934386,False,0.0,False,False,False,False,False,False,False,Normal,Normal,None,0.99,All monitored parameters remain within the learned normal operating pattern.,None,False,3.203851866934386,1.7044689928740147,False
2026-01-07 05:50:00,25.584912981820136,76.93211632672183,1011.3827554149665,Normal,1,Normal,False,False,False,False,-1.5535667666468704,-1.8431774186400105,0.26010187965084697,Normal Change,No Consistent Weather Pattern,78.51178436578003,1.5796680390582054,False,0.0,False,False,False,False,False,False,False,Normal,Normal,None,0.99,All monitored parameters remain within the learned normal operating pattern.,None,False,-1.5796680390582054,1.3319039084552295,False
2026-01-07 06:00:00,26.600096687846772,78.78359272752456,1011.1889243516137,Genuine Weather Event,1,Normal,False,False,False,False,1.0151837060266367,1.8514764008027385,-0.19383106335283173,Normal Change,No Consistent Weather Pattern,76.59010712664221,2.1934856008823544,False,0.0,False,False,False,False,False,False,False,Normal,Normal,None,0.99,All monitored parameters remain within the learned normal operating pattern.,None,False,2.1934856008823544,1.3831495607719932,False
2026-01-07 06:10:00,27.658664360660637,72.58569019944294,1008.5720304093309,Genuine Weather Event,1,Normal,False,False,False,False,1.058567672813865,-6.197902528081627,-2.616893942282786,Normal Change,No Consistent Weather Pattern,74.55595062992735,1.9702604304844158,False,0.0,False,False,False,False,False,False,False,Normal,Normal,None,0.99,All monitored parameters remain within the learned normal operating pattern.,None,False,-1.9702604304844158,0.788623075464778,False
2026-01-07 06:20:00,29.665962161620936,71.46031666862712,1006.0715815626237,Genuine Weather Event,1,Normal,False,False,False,False,2.0072978009602984,-1.1253735308158213,-2.5004488467071724,Normal Change,No Consistent Weather Pattern,70.7296502095096,0.7306664591175149,False,0.0,False,False,False,False,False,False,False,Normal,Normal,None,0.99,All monitored parameters remain within the learned normal operating pattern.,None,False,0.7306664591175149,0.8228261942265301,False
2026-01-07 06:30:00,32.336784301872605,65.71123876082265,1004.0934859647607,Genuine Weather Event,1,Normal,False,False,False,False,2.670822140251669,-5.7490779078044625,-1.978095597862989,Normal Change,Consistent Weather Pattern,65.65550013841812,0.05573862240453309,False,0.0,False,False,False,False,False,False,False,Possible Genuine Weather Event,Weather Event,Informational,0.9,"Temperature, humidity and pressure changed together over a temporal window, forming a consistent multi-parameter weather pattern. The event is therefore more likely to represent a genuine atmospheric change than an isolated sensor fault.",Multiple,False,0.05573862240453309,0.9006051947329651,False
2026-01-07 06:40:00,33.139355711896705,60.61244279702997,1000.7422652205688,Genuine Weather Event,-1,Anomaly,False,False,False,False,0.8025714100241004,-5.098795963792682,-3.3512207441918918,Normal Change,Consistent Weather Pattern,64.0960823750404,3.4836395780104255,False,0.0,False,False,False,False,False,False,False,Possible Genuine Weather Event,Weather Event,Informational,0.9,"Temperature, humidity and pressure changed together over a temporal window, forming a consistent multi-parameter weather pattern. The event is therefore more likely to represent a genuine atmospheric change than an isolated sensor fault.",Multiple,False,-3.4836395780104255,-0.12140364260203691,False
2026-01-07 06:50:00,34.697447440341705,57.574837447986965,999.448151819809,Genuine Weather Event,-1,Anomaly,False,False,False,False,1.5580917284449995,-3.0376053490430053,-1.2941134007597839,Normal Change,Consistent Weather Pattern,61.13418672248645,3.559349274499482,False,0.0,False,False,False,False,False,False,False,Possible Genuine Weather Event,Weather Event,Informational,0.9,"Temperature, humidity and pressure changed together over a temporal window, forming a consistent multi-parameter weather pattern. The event is therefore more likely to represent a genuine atmospheric change than an isolated sensor fault.",Multiple,False,-3.559349274499482,-1.0875752342354466,False
2026-01-07 07:00:00,25.647573545155247,73.38733077998464,1010.8366677005283,Normal,1,Normal,False,False,False,False,-9.049873895186458,15.812493331997672,11.388515880719297,Multi-Parameter Change,No Consistent Weather Pattern,78.38645748950945,4.999126709524816,False,0.0,False,False,True,False,False,False,False,Weather Event Recovery,Weather Event,Informational,0.9,The previous readings showed a consistent multi-parameter weather pattern. The current reading represents the recovery from that weather event rather than a sensor fault.,Multiple,True,-4.999126709524816,-1.576069330016391,False
2026-01-07 07:10:00,27.408929955354903,74.12261085711414,1010.4515282154907,Normal,1,Normal,False,False,False,False,1.7613564101996566,0.7352800771295023,-0.3851394850375982,Normal Change,No Consistent Weather Pattern,75.0517095066479,0.9290986495337563,False,0.0,False,False,False,False,False,False,False,Normal,Normal,None,0.99,All monitored parameters remain within the learned normal operating pattern.,None,False,-0.9290986495337563,-2.0221527943615496,False
2026-01-07 07:20:00,27.406060832810507,73.8328030114066,1010.7632525789969,Normal,1,Normal,False,False,False,False,-0.0028691225443964186,-0.2898078457075428,0.3117243635061868,Normal Change,No Consistent Weather Pattern,75.06105237292265,1.228249361516049,False,0.0,False,False,False,False,False,False,False,Normal,Normal,None,0.99,All monitored parameters remain within the learned normal operating pattern.,None,False,-1.228249361516049,-1.9161512130803544,False
2026-01-07 07:30:00,28.699270232873197,76.34855328106977,1011.5884307163874,Normal,1,Normal,False,False,False,False,1.2932094000626897,2.5157502696631724,0.8251781373904805,Normal Change,No Consistent Weather Pattern,72.6265677282471,3.721985552822673,False,0.0,False,False,False,False,False,False,False,Normal,Normal,None,0.99,All monitored parameters remain within the learned normal operating pattern.,None,False,3.721985552822673,-1.4888199139796174,False
2026-01-07 07:40:00,26.802651754145895,79.36728131475358,1010.6636894873419,Normal,1,Normal,False,False,False,False,-1.8966184787273015,3.0187280336838143,-0.9247412290454804,Normal Change,No Consistent Weather Pattern,76.20056690170225,3.166714413051338,False,0.0,False,False,False,False,False,False,False,Normal,Normal,None,0.99,All monitored parameters remain within the learned normal operating pattern.,None,False,3.166714413051338,-1.044394801030074,False
2026-01-07 07:50:00,27.305585267323075,80.20207028200142,1011.0819914413737,Normal,1,Normal,False,False,False,False,0.5029335131771795,0.8347889672478317,0.41830195403179005,Normal Change,No Consistent Weather Pattern,75.25501184010865,4.947058441892764,False,0.0,False,False,False,False,False,False,False,Normal,Normal,None,0.99,All monitored parameters remain within the learned normal operating pattern.,None,False,4.947058441892764,0.1599906303846674,False
2026-01-07 08:00:00,27.412312770062297,76.85049055669413,1010.5086036392981,Normal,1,Normal,False,False,False,False,0.10672750273922205,-3.351579725307289,-0.5733878020755583,Normal Change,No Consistent Weather Pattern,75.04603167169354,1.8044588850005852,False,0.0,False,False,False,False,False,False,False,Normal,Normal,None,0.99,All monitored parameters remain within the learned normal operating pattern.,None,False,1.8044588850005852,0.926248938884677,False
2026-01-07 08:10:00,28.55842633827033,76.4087615209698,1011.2242722644793,Normal,1,Normal,False,False,False,False,1.1461135682080332,-0.44172903572432176,0.7156686251811379,Normal Change,No Consistent Weather Pattern,72.88826023838476,3.5205012825850446,False,0.0,False,False,False,False,False,False,False,Normal,Normal,None,0.99,All monitored parameters remain within the learned normal operating pattern.,None,False,3.5205012825850446,2.1433386520432287,False
2026-01-07 08:20:00,27.304968724316453,71.63547423124248,1011.1592100715312,Normal,1,Normal,False,False,False,False,-1.2534576139538771,-4.773287289727321,-0.06506219294806215,Normal Change,No Consistent Weather Pattern,75.25714815228898,3.6216739210464937,False,0.0,False,False,False,False,False,False,False,Normal,Normal,None,0.99,All monitored parameters remain within the learned normal operating pattern.,None,False,-3.6216739210464937,1.7586850418271232,False
2026-01-07 08:30:00,27.69021338767447,73.98066006641557,1011.7118236729294,Normal,1,Normal,False,False,False,False,0.38524466335801577,2.3451858351730834,0.5526136013982068,Normal Change,No Consistent Weather Pattern,74.5357764430934,0.5551163766778302,False,0.0,False,False,False,False,False,False,False,Normal,Normal,None,0.99,All monitored parameters remain within the learned normal operating pattern.,None,False,-0.5551163766778302,1.8548468968040115,False
2026-01-07 08:40:00,28.04011958873516,73.31682773425968,1010.6707214286696,Normal,1,Normal,False,False,False,False,0.3499062010606906,-0.6638323321558914,-1.0411022442598323,Normal Change,No Consistent Weather Pattern,73.86117873076213,0.5443509965024589,False,0.0,False,False,False,False,False,False,False,Normal,Normal,None,0.99,All monitored parameters remain within the learned normal operating pattern.,None,False,-0.5443509965024589,1.2453702469004213,False
2026-01-07 08:50:00,27.790876299589485,73.47512680136897,1011.063738947302,Normal,1,Normal,False,False,False,False,-0.2492432891456744,0.1582990671092972,0.39301751863240497,Normal Change,No Consistent Weather Pattern,74.33732258194524,0.8621957805762719,False,0.0,False,False,False,False,False,False,False,Normal,Normal,None,0.99,All monitored parameters remain within the learned normal operating pattern.,None,False,-0.8621957805762719,0.6698116478107627,False
2026-01-07 09:00:00,27.37317395191754,74.2030706757145,1010.7492803715508,Normal,1,Normal,False,False,False,False,-0.4177023476719448,0.7279438743455273,-0.3144585757512459,Normal Change,No Consistent Weather Pattern,75.12305053600392,0.9199798602894163,False,0.0,False,False,False,False,False,False,False,Normal,Normal,None,0.99,All monitored parameters remain within the learned normal operating pattern.,None,False,-0.9199798602894163,-0.16833668107240587,False
2026-01-07 09:10:00,27.975234340119986,73.41589415300305,1011.3189473852372,Normal,1,Normal,False,False,False,False,0.602060388202446,-0.787176522711448,0.5696670136863986,Normal Change,No Consistent Weather Pattern,73.99199543347785,0.576101280474802,False,0.0,False,False,False,False,False,False,False,Normal,Normal,None,0.99,All monitored parameters remain within the learned normal operating pattern.,None,False,-0.576101280474802,-0.5084167047117469,False
2026-01-07 09:20:00,28.769382980460538,70.22044521810298,1010.2822929580336,Normal,1,Normal,False,False,False,False,0.794148640340552,-3.195448934900071,-1.0366544272035298,Normal Change,No Consistent Weather Pattern,72.47759764099068,2.2571524228876996,False,0.0,False,False,False,False,False,False,False,Normal,Normal,None,0.99,All monitored parameters remain within the learned normal operating pattern.,None,False,-2.2571524228876996,-1.3337958054935675,False
2026-01-07 09:30:00,27.18061803094009,75.4921599712972,1010.9848451668961,Normal,1,Normal,False,False,False,False,-1.5887649495204492,5.2717147531942175,0.7025522088624712,Normal Change,No Consistent Weather Pattern,75.49004557990928,0.0021143913879200227,False,0.0,False,False,False,False,False,False,False,Normal,Normal,None,0.99,All monitored parameters remain within the learned normal operating pattern.,None,False,0.0021143913879200227,-0.8161117608600799,False
2026-01-07 09:40:00,28.200359541762513,71.66654634363037,1010.4855658646275,Normal,1,Normal,False,False,False,False,1.0197415108224241,-3.8256136276668258,-0.4992793022686328,Normal Change,No Consistent Weather Pattern,73.55591185836622,1.889365514735843,False,0.0,False,False,False,False,False,False,False,Normal,Normal,None,0.99,All monitored parameters remain within the learned normal operating pattern.,None,False,-1.889365514735843,-1.0067187805826532,False
2026-01-07 09:50:00,27.626804590536885,74.10469124324585,1010.5213340186383,Normal,1,Normal,False,False,False,False,-0.5735549512256277,2.43814489961548,0.03576815401083877,Normal Change,No Consistent Weather Pattern,74.64068735663136,0.535996113385508,False,0.0,False,False,False,False,False,False,False,Normal,Normal,None,0.99,All monitored parameters remain within the learned normal operating pattern.,None,False,-0.535996113385508,-1.00552522585166,False
2026-01-07 10:00:00,29.236582653560674,77.58707463865835,1010.5697624907239,Normal,1,Normal,False,False,False,False,1.6097780630237892,3.482383395412498,0.048428472085561225,Normal Change,No Consistent Weather Pattern,71.59795396869836,5.989120669959988,False,0.0,False,False,False,False,False,False,False,Normal,Normal,None,0.99,All monitored parameters remain within the learned normal operating pattern.,None,False,5.989120669959988,-0.026765732917908736,False
2026-01-07 10:10:00,27.156329070998325,71.41147362717648,1010.6204120948992,Normal,1,Normal,False,False,False,False,-2.0802535825623494,-6.175601011481874,0.050649604175305285,Normal Change,No Consistent Weather Pattern,75.5313834245526,4.119909797376124,False,0.0,False,False,False,False,False,False,False,Normal,Normal,None,0.99,All monitored parameters remain within the learned normal operating pattern.,None,False,-4.119909797376124,-0.4838985810731527,False
2026-01-07 10:20:00,28.02272569026967,67.99969861833347,1010.4065334955279,Normal,1,Normal,False,False,False,False,0.8663966192713453,-3.4117750088430085,-0.21387859937124176,Normal Change,No Consistent Weather Pattern,73.89074140086824,5.891042782534768,False,0.0,False,False,False,False,False,False,False,Normal,Normal,None,0.99,All monitored parameters remain within the learned normal operating pattern.,None,False,-5.891042782534768,-1.2431759385102907,False
2026-01-07 10:30:00,28.86723050159764,72.29706955314772,1010.542314171595,Normal,1,Normal,False,False,False,False,0.844504811327969,4.2973709348142535,0.1357806760670428,Normal Change,No Consistent Weather Pattern,72.29588218088864,0.0011873722590820535,False,0.0,False,False,False,False,False,False,False,Normal,Normal,None,0.99,All monitored parameters remain within the learned normal operating pattern.,None,False,0.0011873722590820535,-0.9205559677750362,False
2026-01-07 10:40:00,29.914053004143277,74.87865170848555,1011.1942825891956,Normal,1,Normal,False,False,False,False,1.0468225025456377,2.581582155337827,0.6519684176006422,Normal Change,No Consistent Weather Pattern,70.32502323211192,4.553628476373632,False,0.0,False,False,False,False,False,False,False,Normal,Normal,None,0.99,All monitored parameters remain within the learned normal operating pattern.,None,False,4.553628476373632,-0.2703396699199345,False
2026-01-07 10:50:00,28.705742751979844,76.40000898676472,1010.8681737804434,Normal,1,Normal,False,False,False,False,-1.2083102521634324,1.5213572782791687,-0.3261088087522239,Normal Change,No Consistent Weather Pattern,72.60527684817079,3.794732138593929,False,0.0,False,False,False,False,False,False,False,Normal,Normal,None,0.99,All monitored parameters remain within the learned normal operating pattern.,None,False,3.794732138593929,0.5416742805557472,False
2026-01-07 11:00:00,28.41139016057779,69.82980124723048,1010.7802139913232,Normal,1,Normal,False,False,False,False,-0.29435259140205616,-6.57020773953424,-0.08795978912019109,Normal Change,No Consistent Weather Pattern,73.16065505685924,3.3308538096287634,False,0.0,False,False,False,False,False,False,False,Normal,Normal,None,0.99,All monitored parameters remain within the learned normal operating pattern.,None,False,-3.3308538096287634,0.14240889537813928,False
2026-01-07 11:10:00,30.458140940281186,73.08696787701561,1010.0880200568903,Normal,1,Normal,False,False,False,False,2.046750779703398,3.2571666297851323,-0.6921939344329076,Normal Change,No Consistent Weather Pattern,69.28249897314188,3.804468903873726,False,0.0,False,False,False,False,False,False,False,Normal,Normal,None,0.99,All monitored parameters remain within the learned normal operating pattern.,None,False,3.804468903873726,-0.16968421406275525,False
2026-01-07 11:20:00,27.892889205750873,70.96677843427216,1009.841290888645,Normal,1,Normal,False,False,False,False,-2.565251734530314,-2.1201894427434524,-0.24672916824533786,Normal Change,No Consistent Weather Pattern,74.12909618397667,3.1623177497045134,False,0.0,False,False,False,False,False,False,False,Normal,Normal,None,0.99,All monitored parameters remain within the learned normal operating pattern.,None,False,-3.1623177497045134,-0.03288535010966801,False
2026-01-07 11:30:00,27.39072082941234,71.48857210197492,1010.7336544165757,Normal,1,Normal,False,False,False,False,-0.5021683763385312,0.5217936677027666,0.8923635279307973,Normal Change,No Consistent Weather Pattern,75.0896811114873,3.6011090095123706,False,0.0,False,False,False,False,False,False,False,Normal,Normal,None,0.99,All monitored parameters remain within the learned normal operating pattern.,None,False,-3.6011090095123706,0.2942480460363888,False
2026-01-07 11:40:00,29.600583186965128,76.79154344018914,1010.6640947169423,Normal,1,Normal,False,False,False,False,2.2098623575527867,5.3029713382142205,-0.06955969963348707,Normal Change,No Consistent Weather Pattern,70.9109839780902,5.880559462098944,False,0.0,False,False,False,False,False,False,False,Normal,Normal,None,0.99,All monitored parameters remain within the learned normal operating pattern.,None,False,5.880559462098944,1.1341583445849406,False
2026-01-07 11:50:00,28.94603544299019,68.29870169826515,1010.9324511895481,Normal,1,Normal,False,False,False,False,-0.6545477439749376,-8.492841741923996,0.2683564726058876,Normal Change,No Consistent Weather Pattern,72.15180307576206,3.8531013774969125,False,0.0,False,False,False,False,False,False,False,Normal,Normal,None,0.99,All monitored parameters remain within the learned normal operating pattern.,None,False,-3.8531013774969125,-0.06680306311085157,False
2026-01-07 12:00:00,28.63006120669693,71.61338440218614,1009.8641504189802,Normal,1,Normal,False,False,False,False,-0.31597423629326116,3.314682703920994,-1.0683007705679302,Normal Change,No Consistent Weather Pattern,72.73573389371586,1.122349491529718,False,0.0,False,False,False,False,False,False,False,Normal,Normal,None,0.99,All monitored parameters remain within the learned normal operating pattern.,None,False,-1.122349491529718,-0.7692432959856583,False
2026-01-07 12:10:00,30.11332287281034,71.84211091358915,1010.0213746373646,Normal,1,Normal,False,False,False,False,1.4832616661134104,0.2287265114030106,0.1572242183843855,Normal Change,No Consistent Weather Pattern,69.9335518866271,1.9085590269620525,False,0.0,False,False,False,False,False,False,False,Normal,Normal,None,0.99,All monitored parameters remain within the learned normal operating pattern.,None,False,1.9085590269620525,-0.020755747901256023,False
2026-01-07 12:20:00,29.841450242636782,72.87875330663906,1009.2864014748087,Normal,1,Normal,False,False,False,False,-0.2718726301735579,1.0366423930499025,-0.7349731625558888,Normal Change,No Consistent Weather Pattern,70.43829732683751,2.4404559798015413,False,0.0,False,False,False,False,False,False,False,Normal,Normal,None,0.99,All monitored parameters remain within the learned normal operating pattern.,None,False,2.4404559798015413,-0.21561473705442527,False
2026-01-07 12:30:00,29.295060438374517,70.70331962101399,1009.8798919585403,Normal,1,Normal,False,False,False,False,-0.5463898042622652,-2.175433685625066,0.5934904837315571,Normal Change,No Consistent Weather Pattern,71.47872728797671,0.775407666962721,False,0.0,False,False,False,False,False,False,False,Normal,Normal,None,0.99,All monitored parameters remain within the learned normal operating pattern.,None,False,-0.775407666962721,0.12537241762297363,False
2026-01-07 12:40:00,28.822095165884345,70.92342370936608,1010.5443890944238,Normal,1,Normal,False,False,False,False,-0.4729652724901712,0.2201040883520875,0.6644971358834937,Normal Change,No Consistent Weather Pattern,72.38123820821633,1.4578144988502544,False,0.0,False,False,False,False,False,False,False,Normal,Normal,None,0.99,All monitored parameters remain within the learned normal operating pattern.,None,False,-1.4578144988502544,0.43155734771756166,False
2026-01-07 12:50:00,30.644381474885098,69.32387164063447,1009.7828278575033,Normal,1,Normal,False,False,False,False,1.8222863090007522,-1.5995520687316116,-0.7615612369204428,Normal Change,No Consistent Weather Pattern,68.92656810329348,0.39730353734098856,False,0.0,False,False,False,False,False,False,False,Normal,Normal,None,0.99,All monitored parameters remain within the learned normal operating pattern.,None,False,0.39730353734098856,-0.3517649272478605,False
2026-01-07 13:00:00,30.56667495803751,70.44522585114905,1010.3062855419403,Normal,1,Normal,False,False,False,False,-0.07770651684758789,1.121354210514582,0.5234576844369485,Normal Change,No Consistent Weather Pattern,69.08005540288961,1.365170448259434,False,0.0,False,False,False,False,False,False,False,Normal,Normal,None,0.99,All monitored parameters remain within the learned normal operating pattern.,None,False,1.365170448259434,0.39370247643161754,False
2026-01-07 13:10:00,30.067253085805966,69.02042789534624,1009.8607655867821,Normal,1,Normal,False,False,False,False,-0.4994218722315438,-1.424797955802802,-0.44551995515814724,Normal Change,No Consistent Weather Pattern,70.01862942580412,0.9982015304578766,False,0.0,False,False,False,False,False,False,False,Normal,Normal,None,0.99,All monitored parameters remain within the learned normal operating pattern.,None,False,-0.9982015304578766,0.41143789944188064,False
2026-01-07 13:20:00,31.72392438182699,70.74991420973438,1010.088021556392,Normal,1,Normal,False,False,False,False,1.656671296021024,1.72948631438814,0.2272559696099279,Normal Change,No Consistent Weather Pattern,66.88949076922519,3.8604234405091944,False,0.0,False,False,False,False,False,False,False,Normal,Normal,None,0.99,All monitored parameters remain within the learned normal operating pattern.,None,False,3.8604234405091944,0.6902756728057581,False
2026-01-07 13:30:00,29.490469139886507,68.56770542201788,1009.322130665331,Normal,1,Normal,False,False,False,False,-2.233455241940483,-2.1822087877165046,-0.7658908910610762,Normal Change,No Consistent Weather Pattern,71.10228862767495,2.5345832056570714,False,0.0,False,False,False,False,False,False,False,Normal,Normal,None,0.99,All monitored parameters remain within the learned normal operating pattern.,None,False,-2.5345832056570714,-0.020444210831186638,False
2026-01-07 13:40:00,29.225900096378027,69.86156032156875,1009.9085748261264,Normal,1,Normal,False,False,False,False,-0.2645690435084802,1.2938548995508654,0.586444160795395,Normal Change,No Consistent Weather Pattern,71.60983792535191,1.7482776037831655,False,0.0,False,False,False,False,False,False,False,Normal,Normal,None,0.99,All monitored parameters remain within the learned normal operating pattern.,None,False,-1.7482776037831655,-0.15942563037696442,False
2026-01-07 13:50:00,29.992398177672193,68.84962510547567,1008.3404092866537,Normal,1,Normal,False,False,False,False,0.7664980812941664,-1.0119352160930788,-1.5681655394727159,Normal Change,No Consistent Weather Pattern,70.14103286002816,1.2914077545524947,False,0.0,False,False,False,False,False,False,False,Normal,Normal,None,0.99,All monitored parameters remain within the learned normal operating pattern.,None,False,-1.2914077545524947,-0.13565323833442733,False
2026-01-07 14:00:00,30.60884142101113,70.96148003335327,1009.712552798807,Normal,1,Normal,False,False,False,False,0.6164432433389386,2.1118549278776015,1.3721435121533432,Normal Change,No Consistent Weather Pattern,68.99287439993557,1.9686056334176953,False,0.0,False,False,False,False,False,False,False,Normal,Normal,None,0.99,All monitored parameters remain within the learned normal operating pattern.,None,False,1.9686056334176953,0.08881848967653079,False
2026-01-07 14:10:00,30.939108761593314,68.4083381485527,1008.9608073004224,Normal,1,Normal,False,False,False,False,0.3302673405821821,-2.553141884800567,-0.7517454983845937,Normal Change,No Consistent Weather Pattern,68.35904215121512,0.04929599733758039,False,0.0,False,False,False,False,False,False,False,Normal,Normal,None,0.99,All monitored parameters remain within the learned normal operating pattern.,None,False,0.04929599733758039,-0.09916357474087688,False
2026-01-07 14:20:00,30.650276962530093,64.76740344595592,1010.3491066652242,Normal,1,Normal,False,False,False,False,-0.288831799063221,-3.6409347025967804,1.38829936480181,Normal Change,No Consistent Weather Pattern,68.9225411705323,4.155137724576377,False,0.0,False,False,False,False,False,False,False,Normal,Normal,None,0.99,All monitored parameters remain within the learned normal operating pattern.,None,False,-4.155137724576377,-0.5501544596149485,False
2026-01-07 14:30:00,31.223400762045628,70.6403301117596,1010.1049040077053,Normal,1,Normal,False,False,False,False,0.5731237995155354,5.872926665803675,-0.2442026575189402,Normal Change,No Consistent Weather Pattern,67.83596054831027,2.8043695634493275,False,0.0,False,False,False,False,False,False,False,Normal,Normal,None,0.99,All monitored parameters remain within the learned normal operating pattern.,None,False,2.8043695634493275,-0.7010192991949294,False
2026-01-07 14:40:00,30.038638096993104,66.10879612558385,1009.9196551832526,Normal,1,Normal,False,False,False,False,-1.1847626650525243,-4.531533986175745,-0.18524882445262847,Normal Change,No Consistent Weather Pattern,70.07346737249703,3.964671246913184,False,0.0,False,False,False,False,False,False,False,Normal,Normal,None,0.99,All monitored parameters remain within the learned normal operating pattern.,None,False,-3.964671246913184,-0.9053175908029455,False
2026-01-07 14:50:00,32.29257774403592,66.41733520114774,1010.4169735973946,Normal,1,Normal,False,False,False,False,2.253939647042813,0.3085390755638855,0.4973184141420006,Normal Change,No Consistent Weather Pattern,65.81856679769142,0.5987684034563188,False,0.0,False,False,False,False,False,False,False,Normal,Normal,None,0.99,All monitored parameters remain within the learned normal operating pattern.,None,False,0.5987684034563188,-0.5700253040544477,False
2026-01-07 15:00:00,31.16908561987921,66.33906428672648,1009.1521974364211,Normal,1,Normal,False,False,False,False,-1.1234921241567086,-0.07827091442125322,-1.264776160973497,Normal Change,No Consistent Weather Pattern,67.92666875916343,1.5876044724369507,False,0.0,False,False,False,False,False,False,False,Normal,Normal,None,0.99,All monitored parameters remain within the learned normal operating pattern.,None,False,-1.5876044724369507,-0.6123391208950844,False
2026-01-07 15:10:00,32.225388834255575,70.0857718483715,1010.470559917709,Normal,1,Normal,False,False,False,False,1.056303214376367,3.7467075616450103,1.3183624812878634,Normal Change,No Consistent Weather Pattern,65.94626343441925,4.1395084139522424,False,0.0,False,False,False,False,False,False,False,Normal,Normal,None,0.99,All monitored parameters remain within the learned normal operating pattern.,None,False,4.1395084139522424,-0.30221015224729186,False
2026-01-07 15:20:00,31.701944382594707,62.87312336105752,1010.0332371153753,Normal,1,Normal,False,False,False,False,-0.5234444516608683,-7.21264848731397,-0.43732280233371057,Normal Change,No Consistent Weather Pattern,66.93035603714631,4.057232676088788,False,0.0,False,False,False,False,False,False,False,Normal,Normal,None,0.99,All monitored parameters remain within the learned normal operating pattern.,None,False,-4.057232676088788,-0.8888571055939158,False
2026-01-07 15:30:00,31.88880638686689,73.22868944423226,1009.4191700763358,Normal,1,Normal,False,False,False,False,0.18686200427218225,10.355566083174736,-0.6140670390394689,Normal Change,No Consistent Weather Pattern,66.56936738941125,6.659322054821004,True,1.0,False,False,False,False,False,False,False,Normal,Normal,None,0.99,All monitored parameters remain within the learned normal operating pattern.,None,False,6.659322054821004,0.6560657200342815,False
2026-01-07 15:40:00,32.07424678009598,68.87524770631165,1010.0756105277272,Normal,1,Normal,False,False,False,False,0.18544039322909356,-4.353441737920605,0.6564404513914042,Normal Change,No Consistent Weather Pattern,66.22703790519353,2.648209801118128,False,1.0,False,False,False,False,False,False,False,Normal,Normal,None,0.99,All monitored parameters remain within the learned normal operating pattern.,None,False,2.648209801118128,0.6337571825583959,False
2026-01-07 15:50:00,32.07098030008234,67.02085092412135,1008.9250557502511,Normal,1,Normal,False,False,False,False,-0.003266480013643047,-1.8543967821903067,-1.1505547774761453,Normal Change,No Consistent Weather Pattern,66.21874966941785,0.8021012547035014,False,1.0,False,False,False,False,False,False,False,Normal,Normal,None,0.99,All monitored parameters remain within the learned normal operating pattern.,None,False,0.8021012547035014,1.3147246827893508,False
2026-01-07 16:00:00,32.32068568135987,66.27719705183576,1009.0363997618431,Normal,1,Normal,False,False,False,False,0.24970538127752917,-0.7436538722855914,0.1113440115919957,Normal Change,No Consistent Weather Pattern,65.7480725487631,0.5291245030726515,False,0.0,False,False,False,False,False,False,False,Normal,Normal,None,0.99,All monitored parameters remain within the learned normal operating pattern.,None,False,0.5291245030726515,1.3047755541631127,False
2026-01-07 16:10:00,32.96279949278608,66.77215321235504,1009.114871561426,Normal,1,Normal,False,False,False,False,0.6421138114262135,0.4949561605192798,0.07847179958287143,Normal Change,No Consistent Weather Pattern,64.53512021935528,2.237032992999758,False,0.0,False,False,False,False,False,False,False,Normal,Normal,None,0.99,All monitored parameters remain within the learned normal operating pattern.,None,False,2.237032992999758,1.8511523349397854,False
2026-01-07 16:20:00,32.148903112231345,67.05887250381834,1009.1252453486655,Normal,1,Normal,False,False,False,False,-0.8138963805547377,0.28671929146329944,0.010373787239586818,Normal Change,No Consistent Weather Pattern,66.07395043051088,0.9849220733074588,False,0.0,False,False,False,False,False,False,False,Normal,Normal,None,0.99,All monitored parameters remain within the learned normal operating pattern.,None,False,0.9849220733074588,1.400497143419102,False
2026-01-07 16:30:00,32.65029964678022,67.1242378904813,1008.8320843092748,Normal,1,Normal,False,False,False,False,0.5013965345488742,0.0653653866629611,-0.2931610393907249,Normal Change,No Consistent Weather Pattern,65.12235727539937,2.00188061508193,False,0.0,False,False,False,False,False,False,False,Normal,Normal,None,0.99,All monitored parameters remain within the learned normal operating pattern.,None,False,2.00188061508193,2.2660847564434903,False
2026-01-07 16:40:00,32.10188366976784,66.76386448161166,1009.9425976834312,Normal,1,Normal,False,False,False,False,-0.5484159770123824,-0.3603734088696342,1.110513374156426,Normal Change,No Consistent Weather Pattern,66.17311728559208,0.5907471960195778,False,0.0,False,False,False,False,False,False,False,Normal,Normal,None,0.99,All monitored parameters remain within the learned normal operating pattern.,None,False,0.5907471960195778,1.3991454909004293,False
2026-01-07 16:50:00,33.41547040070379,65.65240810582208,1009.1723889967425,Normal,1,Normal,False,False,False,False,1.3135867309359526,-1.1114563757895866,-0.7702086866887612,Normal Change,No Consistent Weather Pattern,63.68005296059274,1.9723551452293364,False,0.0,False,False,False,False,False,False,False,Normal,Normal,None,0.99,All monitored parameters remain within the learned normal operating pattern.,None,False,1.9723551452293364,1.3025948257734592,False
2026-01-07 17:00:00,31.811060056070033,64.90097536395045,1009.4488986857922,Normal,1,Normal,False,False,False,False,-1.6044103446337559,-0.7514327418716249,0.2765096890497034,Normal Change,No Consistent Weather Pattern,66.71672328734928,1.8157479233988312,False,0.0,False,False,False,False,False,False,False,Normal,Normal,None,0.99,All monitored parameters remain within the learned normal operating pattern.,None,False,-1.8157479233988312,0.9286163717588403,False
2026-01-07 17:10:00,33.88078079078242,64.81739654378545,1008.9583734035538,Normal,1,Normal,False,False,False,False,2.0697207347123836,-0.08357882016500184,-0.49052528223842273,Normal Change,No Consistent Weather Pattern,62.7976768717633,2.0197196720221484,False,0.0,False,False,False,False,False,False,False,Normal,Normal,None,0.99,All monitored parameters remain within the learned normal operating pattern.,None,False,2.0197196720221484,1.1415585387516256,False
2026-01-07 17:20:00,32.49477869700586,64.55637332425196,1008.3042261176091,Normal,1,Normal,False,False,False,False,-1.386002093776554,-0.2610232195334845,-0.6541472859446458,Normal Change,No Consistent Weather Pattern,65.409739405327,0.8533660810750376,False,0.0,False,False,False,False,False,False,False,Normal,Normal,None,0.99,All monitored parameters remain within the learned normal operating pattern.,None,False,-0.8533660810750376,0.7000729567409404,False
2026-01-07 17:30:00,31.46814883613781,67.04200235806964,1009.3206138320982,Normal,1,Normal,False,False,False,False,-1.0266298608680522,2.4856290338176734,1.016387714489042,Normal Change,No Consistent Weather Pattern,67.36339636861695,0.32139401054730854,False,0.0,False,False,False,False,False,False,False,Normal,Normal,None,0.99,All monitored parameters remain within the learned normal operating pattern.,None,False,-0.32139401054730854,0.5134563733331164,False
2026-01-07 17:40:00,32.80006914412617,65.79194222016665,1008.2005966541428,Normal,1,Normal,False,False,False,False,1.3319203079883586,-1.2500601379029916,-1.120017177955333,Normal Change,No Consistent Weather Pattern,64.83127432506826,0.960667895098382,False,0.0,False,False,False,False,False,False,False,Normal,Normal,None,0.99,All monitored parameters remain within the learned normal operating pattern.,None,False,0.960667895098382,0.3647116990497525,False
2026-01-07 17:50:00,32.236479821139675,58.556580436432284,1009.0936306035488,Normal,1,Normal,False,False,False,False,-0.5635893229864948,-7.235361783734362,0.8930339494060036,Normal Change,No Consistent Weather Pattern,65.90798614554947,7.351405709117188,True,1.0,False,False,False,False,False,False,False,Normal,Normal,None,0.99,All monitored parameters remain within the learned normal operating pattern.,None,False,-7.351405709117188,-0.7698815731126426,False
2026-01-07 18:00:00,33.536456801607294,65.5839176282269,1008.4151009710941,Normal,1,Normal,False,False,False,False,1.2999769804676191,7.027337191794615,-0.6785296324546835,Normal Change,No Consistent Weather Pattern,63.44180403160877,2.142113596618131,False,1.0,False,False,False,False,False,False,False,Normal,Normal,None,0.99,All monitored parameters remain within the learned normal operating pattern.,None,False,2.142113596618131,-0.7456303657713862,False
2026-01-07 18:10:00,32.42331576122979,64.49864250009415,1010.0642976078612,Normal,1,Normal,False,False,False,False,-1.1131410403775064,-1.08527512813275,1.6491966367671012,Normal Change,No Consistent Weather Pattern,65.56696847477915,1.0683259746849956,False,1.0,False,False,False,False,False,False,False,Normal,Normal,None,0.99,All monitored parameters remain within the learned normal operating pattern.,None,False,-1.0683259746849956,-0.6388558016694097,False
2026-01-07 18:20:00,32.66876069393537,63.91116760609383,1009.4978352064772,Normal,1,Normal,False,False,False,False,0.2454449327055812,-0.5874748940003229,-0.5664624013840012,Normal Change,No Consistent Weather Pattern,65.09582517363998,1.1846575675461537,False,0.0,False,False,False,False,False,False,False,Normal,Normal,None,0.99,All monitored parameters remain within the learned normal operating pattern.,None,False,-1.1846575675461537,-1.0966239787505958,False
2026-01-07 18:30:00,31.593154684912417,63.01338855448455,1009.0666209538408,Normal,1,Normal,False,False,False,False,-1.0756060090229518,-0.8977790516092767,-0.43121425263643687,Normal Change,No Consistent Weather Pattern,67.12387545821264,4.110486903728088,False,0.0,False,False,False,False,False,False,False,Normal,Normal,None,0.99,All monitored parameters remain within the learned normal operating pattern.,None,False,-4.110486903728088,-1.5619269534153173,False
2026-01-07 18:40:00,32.82077768252543,65.88297996412264,1009.617286432164,Normal,1,Normal,False,False,False,False,1.2276229976130146,2.8695914096380903,0.5506654783231397,Normal Change,No Consistent Weather Pattern,64.80993331930756,1.0730466448150793,False,0.0,False,False,False,False,False,False,False,Normal,Normal,None,0.99,All monitored parameters remain within the learned normal operating pattern.,None,False,1.0730466448150793,-1.3627211455064046,False
2026-01-07 18:50:00,31.320079188464344,65.3766876247107,1008.5340657987954,Normal,1,Normal,False,False,False,False,-1.500698494061087,-0.5062923394119423,-1.083220633368569,Normal Change,No Consistent Weather Pattern,67.63343955757952,2.2567519328688235,False,0.0,False,False,False,False,False,False,False,Normal,Normal,None,0.99,All monitored parameters remain within the learned normal operating pattern.,None,False,-2.2567519328688235,-1.8223525495017197,False
2026-01-07 19:00:00,32.06731406212893,61.78537202251778,1009.2008586566722,Normal,1,Normal,False,False,False,False,0.7472348736645849,-3.591315602192921,0.6667928578767714,Normal Change,No Consistent Weather Pattern,66.22914794161164,4.443775919093866,False,0.0,False,False,False,False,False,False,False,Normal,Normal,None,0.99,All monitored parameters remain within the learned normal operating pattern.,None,False,-4.443775919093866,-1.4069768652126737,False
2026-01-07 19:10:00,34.01668531553568,63.99739739300858,1009.0010266657105,Normal,1,Normal,False,False,False,False,1.9493712534067527,2.2120253704908066,-0.19983199096168391,Normal Change,No Consistent Weather Pattern,62.541280770689596,1.4561166223189872,False,0.0,False,False,False,False,False,False,False,Normal,Normal,None,0.99,All monitored parameters remain within the learned normal operating pattern.,None,False,1.4561166223189872,-1.5049764329696944,False
2026-01-07 19:20:00,34.109544960655384,61.094876863447986,1009.0052440780735,Normal,1,Normal,False,False,False,False,0.09285964511970235,-2.902520529560597,0.004217412363004769,Normal Change,No Consistent Weather Pattern,62.365779354844044,1.2709024913960576,False,0.0,False,False,False,False,False,False,False,Normal,Normal,None,0.99,All monitored parameters remain within the learned normal operating pattern.,None,False,-1.2709024913960576,-1.533915935356989,False
2026-01-07 19:30:00,33.892427022034695,60.13664172520869,1009.4816362773608,Normal,1,Normal,False,False,False,False,-0.21711793862068873,-0.9582351382392957,0.47639219928737475,Normal Change,No Consistent Weather Pattern,62.782237201886005,2.6455954766773147,False,0.0,False,False,False,False,False,False,False,Normal,Normal,None,0.99,All monitored parameters remain within the learned normal operating pattern.,None,False,-2.6455954766773147,-1.7426213509471549,False
2026-01-07 19:40:00,32.848212574219474,61.502978573374385,1009.1840467529344,Normal,1,Normal,False,False,False,False,-1.0442144478152215,1.3663368481656946,-0.2975895244264848,Normal Change,No Consistent Weather Pattern,64.75262043055878,3.2496418571843932,False,0.0,False,False,False,False,False,False,False,Normal,Normal,None,0.99,All monitored parameters remain within the learned normal operating pattern.,None,False,-3.2496418571843932,-1.6196434871551983,False
2026-01-07 19:50:00,33.65190534922672,64.3446380764849,1008.9346221629297,Normal,1,Normal,False,False,False,False,0.8036927750072493,2.841659503110513,-0.24942459000465078,Normal Change,No Consistent Weather Pattern,63.23007538627189,1.1145626902130061,False,0.0,False,False,False,False,False,False,False,Normal,Normal,None,0.99,All monitored parameters remain within the learned normal operating pattern.,None,False,1.1145626902130061,-1.6137126235269232,False
2026-01-07 20:00:00,33.75399441141574,64.39249720537579,1007.9353974586417,Normal,1,Normal,False,False,False,False,0.10208906218901603,0.04785912889089161,-0.9992247042880535,Normal Change,No Consistent Weather Pattern,63.0245111548516,1.3679860505241876,False,0.0,False,False,False,False,False,False,False,Normal,Normal,None,0.99,All monitored parameters remain within the learned normal operating pattern.,None,False,1.3679860505241876,-1.0958929116136358,False
2026-01-07 20:10:00,32.89548098958143,63.38182535832366,1008.2555228370055,Normal,1,Normal,False,False,False,False,-0.85851342183431,-1.01067184705213,0.3201253783638549,Normal Change,No Consistent Weather Pattern,64.6515853447834,1.2697599864597393,False,0.0,False,False,False,False,False,False,False,Normal,Normal,None,0.99,All monitored parameters remain within the learned normal operating pattern.,None,False,-1.2697599864597393,-0.6424620640944748,False
2026-01-07 20:20:00,35.08865580033513,63.678317255853166,1008.647023023351,Normal,1,Normal,False,False,False,False,2.1931748107537032,0.29649189752950633,0.3915001863455245,Normal Change,No Consistent Weather Pattern,60.51023259369771,3.168084662155458,False,0.0,False,False,False,False,False,False,False,Normal,Normal,None,0.99,All monitored parameters remain within the learned normal operating pattern.,None,False,3.168084662155458,-0.3978952012606933,False
2026-01-07 20:30:00,34.650033973104826,63.13606829294133,1008.7280246026737,Normal,1,Normal,False,False,False,False,-0.43862182723030685,-0.5422489629118346,0.08100157932267393,Normal Change,No Consistent Weather Pattern,61.340480893517174,1.7955873994241571,False,0.0,False,False,False,False,False,False,False,Normal,Normal,None,0.99,All monitored parameters remain within the learned normal operating pattern.,None,False,1.7955873994241571,0.04017478314219452,False
2026-01-07 20:40:00,33.831997415240075,60.69949930094648,1008.0893296077684,Normal,1,Normal,False,False,False,False,-0.818036557864751,-2.4365689919948537,-0.638694994905336,Normal Change,No Consistent Weather Pattern,62.878978808066805,2.179479507120327,False,0.0,False,False,False,False,False,False,False,Normal,Normal,None,0.99,All monitored parameters remain within the learned normal operating pattern.,None,False,-2.179479507120327,0.10676277879319278,False
2026-01-07 20:50:00,34.08929537348916,62.72827168476083,1009.8334976877098,Normal,1,Normal,False,False,False,False,0.2572979582490831,2.028772383814349,1.7441680799414598,Normal Change,No Consistent Weather Pattern,62.414473894681905,0.3137977900789224,False,0.0,False,False,False,False,False,False,False,Normal,Normal,None,0.99,All monitored parameters remain within the learned normal operating pattern.,None,False,0.3137977900789224,0.615825585545095,False
2026-01-07 21:00:00,34.29188057729707,63.35047038857731,1009.3592217651596,Normal,1,Normal,False,False,False,False,0.20258520380791367,0.6221987038164798,-0.47427592255019135,Normal Change,No Consistent Weather Pattern,62.02551729889861,1.3249530896786936,False,0.0,False,False,False,False,False,False,False,Normal,Normal,None,0.99,All monitored parameters remain within the learned normal operating pattern.,None,False,1.3249530896786936,0.6458813568973361,False
2026-01-07 21:10:00,32.54752074523858,63.146765379671116,1008.8755894619126,Normal,1,Normal,False,False,False,False,-1.7443598320584925,-0.2037050089061907,-0.4836323032470773,Normal Change,No Consistent Weather Pattern,65.31721131589168,2.170445936220567,False,0.0,False,False,False,False,False,False,False,Normal,Normal,None,0.99,All monitored parameters remain within the learned normal operating pattern.,None,False,-2.170445936220567,0.14039107307665688,False
2026-01-07 21:20:00,34.037225385762085,63.907892159392176,1008.584197127841,Normal,1,Normal,False,False,False,False,1.489704640523506,0.7611267797210601,-0.29139233407158827,Normal Change,No Consistent Weather Pattern,62.49720907700066,1.4106830823915146,False,0.0,False,False,False,False,False,False,False,Normal,Normal,None,0.99,All monitored parameters remain within the learned normal operating pattern.,None,False,1.4106830823915146,0.5233115114839789,False
2026-01-07 21:30:00,33.74174122189347,62.841950453818704,1008.4158680794471,Normal,1,Normal,False,False,False,False,-0.29548416386861476,-1.0659417055734721,-0.16832904839384355,Normal Change,No Consistent Weather Pattern,63.05371624086388,0.21176578704517368,False,0.0,False,False,False,False,False,False,False,Normal,Normal,None,0.99,All monitored parameters remain within the learned normal operating pattern.,None,False,-0.21176578704517368,0.040475733026745786,False
2026-01-07 21:40:00,33.5366756318191,62.026953135613105,1008.0199552991418,Normal,1,Normal,False,False,False,False,-0.2050655900743692,-0.8149973182055987,-0.39591278030536614,Normal Change,No Consistent Weather Pattern,63.43642294663006,1.4094698110169546,False,0.0,False,False,False,False,False,False,False,Normal,Normal,None,0.99,All monitored parameters remain within the learned normal operating pattern.,None,False,-1.4094698110169546,-0.4173895827505559,False
2026-01-07 21:50:00,34.161995818694656,63.36654837062602,1008.508747461725,Normal,1,Normal,False,False,False,False,0.6253201868755554,1.339595235012915,0.488792162583195,Normal Change,No Consistent Weather Pattern,62.26037769639774,1.1061706742282809,False,0.0,False,False,False,False,False,False,False,Normal,Normal,None,0.99,All monitored parameters remain within the learned normal operating pattern.,None,False,1.1061706742282809,0.05198901458495949,False
2026-01-07 22:00:00,35.872171481283544,61.078912961894034,1008.5731294503075,Normal,1,Normal,False,False,False,False,1.7101756625888882,-2.287635408731987,0.06438198858256783,Normal Change,No Consistent Weather Pattern,59.028039658621154,2.05087330327288,False,0.0,False,False,False,False,False,False,False,Normal,Normal,None,0.99,All monitored parameters remain within the learned normal operating pattern.,None,False,2.05087330327288,0.30014265932695344,False
2026-01-07 22:10:00,34.99206565352497,59.27746796852185,1007.7977747552629,Normal,1,Normal,False,False,False,False,-0.8801058277585767,-1.8014449933721863,-0.775354695044598,Normal Change,No Consistent Weather Pattern,60.6821637662652,1.4046957977433507,False,0.0,False,False,False,False,False,False,False,Normal,Normal,None,0.99,All monitored parameters remain within the learned normal operating pattern.,None,False,-1.4046957977433507,-0.08980718173333864,False
2026-01-07 22:20:00,34.06602199191512,60.627935704629756,1008.5603035643104,Normal,1,Normal,False,False,False,False,-0.926043661609846,1.350467736107909,0.7625288090474669,Normal Change,No Consistent Weather Pattern,62.44246771167508,1.8145320070453224,False,0.0,False,False,False,False,False,False,False,Normal,Normal,None,0.99,All monitored parameters remain within the learned normal operating pattern.,None,False,-1.8145320070453224,-0.038962334708303716,False
2026-01-07 22:30:00,35.02279247872307,59.38074220311083,1008.2903071429196,Normal,1,Normal,False,False,False,False,0.9567704868079474,-1.2471935015189288,-0.2699964213908288,Normal Change,No Consistent Weather Pattern,60.630265247690645,1.249523044579817,False,0.0,False,False,False,False,False,False,False,Normal,Normal,None,0.99,All monitored parameters remain within the learned normal operating pattern.,None,False,-1.249523044579817,-0.41899178141849397,False
